id,Created date (UTC),Amount,Amount Refunded,Currency,Captured,Converted Amount,Converted Amount Refunded,Converted Currency,Description,Fee,Status,Seller Message,Card ID,Customer ID,Invoice ID,Transfer,price_id (metadata),product_id (metadata),Name,Date (UTC),Tax Code
ch_3OZDAYAKv6LsYLX20xMSoqBq,1/16/2024 13:59,27,0,usd,TRUE,15,0,usd,Subscription creation,0.96,Paid,Payment complete.,pm_1OZDAXAKv6LsYLX2IsXJ0UHK,cus_PNd0tSQPnnRpHY,in_1OZDAXAKv6LsYLX2uHncWgbm,,,,,,
ch_3OZCnTAKv6LsYLX23TJxh796,1/16/2024 13:35,326.95,0,eur,TRUE,345.52,0,usd,,15.5,Paid,Payment complete.,pm_1OZCnTAKv6LsYLX2E9OYeJd7,cus_PNybEgvYf4HhJI,in_1OZCnXAKv6LsYLX2ccwDalCa,,f0f7a411-d78f-4c3a-abf2-4cce65097af4,40375dc9-7834-49eb-9103-745a5ef656cd,College Prep Masterclass,3/29/2020 3:57,txcd_20030000
ch_3OZBrlAKv6LsYLX23iaUuiji,1/16/2024 12:35,27,0,usd,TRUE,15,0,usd,Subscription creation,0.96,Paid,Payment complete.,pm_1OZBrkAKv6LsYLX26zo527JM,cus_PJo5N9acKRxcAs,in_1OZBrlAKv6LsYLX2a3rFVtnB,,,,,,
ch_3OZBYnAKv6LsYLX215yresC7,1/16/2024 12:16,280.07,0,gbp,TRUE,345.52,0,usd,,15.5,Paid,Payment complete.,pm_1OZBYmAKv6LsYLX2EPzfrZ2d,cus_PJaYPqOdeVXbqs,in_1OZBZBAKv6LsYLX2LEsjomrD,,f0f7a411-d78f-4c3a-abf2-4cce65097af4,40375dc9-7834-49eb-9103-745a5ef656cd,College Prep Masterclass,3/29/2020 3:57,txcd_20030000
ch_3OZAiQAKv6LsYLX22nOS0iC3,1/16/2024 11:21,48,0,usd,TRUE,44,0,usd,,1.58,Paid,Payment complete.,pm_1OZAiQAKv6LsYLX26goUhzQT,cus_PNoieenFPjzZJW,in_1OZAiTAKv6LsYLX25scmkUlP,,dae443ce-10d3-46ac-b093-e1ae0eb26654,4b8c704c-863d-4e25-9bcf-ce9a1b75a391,Admission Success Blueprint,12/27/2023 16:46,txcd_20030000
ch_3OZAChAKv6LsYLX21LuxDXS6,1/16/2024 10:49,60.33,0,cad,TRUE,43.56,0,usd,,2.22,Paid,Payment complete.,pm_1OZACgAKv6LsYLX2U3hJarv6,cus_PNYVW5RptJQEfk,in_1OZACkAKv6LsYLX2eZhtDl3P,,a0ff2472-fe58-453b-bc70-af15c0192959,fec5f1d1-2101-406f-b730-bc7f739ac62a,SAT & ACT Mastery Program,1/26/2024 2:09,txcd_20030000
ch_3OZ4d7AKv6LsYLX214p7wdDb,1/16/2024 4:52,27,0,usd,TRUE,15,0,usd,Subscription creation,0.74,Paid,Payment complete.,pm_1OZ4d6AKv6LsYLX2Hws7f2pt,cus_P98LNvobHSNjTu,in_1OZ4d7AKv6LsYLX2IMmJwW7c,,,,,,
ch_3OZ1XUAKv6LsYLX23GXdIN15,1/16/2024 1:34,27,0,usd,TRUE,15,0,usd,Subscription creation,0.74,Paid,Payment complete.,pm_1OZ1XSAKv6LsYLX2ETOsIFdP,cus_PNn5yO1paycaZl,in_1OZ1XTAKv6LsYLX22cH9fx0R,,,,,,
ch_3OYzHAAKv6LsYLX21I3rsply,1/15/2024 23:09,14,0,usd,TRUE,10,0,usd,Subscription update,0.59,Paid,Payment complete.,pm_1O1cUJAKv6LsYLX2QETvWsXt,cus_OpH1a0LNGq42Nw,in_1OYyKCAKv6LsYLX2sqYJGUHl,,,,,,
ch_3OYwmJAKv6LsYLX21sTRDqh2,1/15/2024 20:29,48,0,usd,TRUE,44,0,usd,,1.58,Paid,Payment complete.,pm_1OYtkiAKv6LsYLX2ve1Y2y9M,cus_PNemYjsQdOZAiL,in_1OYwmLAKv6LsYLX2Y0qZH2Kh,,dae443ce-10d3-46ac-b093-e1ae0eb26654,4b8c704c-863d-4e25-9bcf-ce9a1b75a391,Admission Success Blueprint,12/27/2023 16:46,txcd_20030000
ch_3OYwgqAKv6LsYLX21VahEPpZ,1/15/2024 20:23,149,0,usd,TRUE,149,0,usd,,4.62,Paid,Payment complete.,pm_1OYwgqAKv6LsYLX2JOWxdSZa,cus_PNi6eSJc9VaISH,in_1OYwgtAKv6LsYLX2Wy2iPhAg,,2017cf56-7ca0-48a0-8892-05ad50e746ba,f8c6a47c-29ca-4be7-ae51-63c374920e4e,Personalized College Roadmap,12/6/2023 16:16,txcd_20030000
ch_3OYwDsAKv6LsYLX23Q1jfUc7,1/15/2024 19:53,60.24,0,cad,TRUE,43.56,0,usd,,2.22,Paid,Payment complete.,pm_1OYwDrAKv6LsYLX2DHqrxfaw,cus_PNhYgQbYB6ka0o,in_1OYwDvAKv6LsYLX2CLRXkA4y,,a0ff2472-fe58-453b-bc70-af15c0192959,fec5f1d1-2101-406f-b730-bc7f739ac62a,SAT & ACT Mastery Program,1/26/2024 2:09,txcd_20030000
ch_3OYvHVAKv6LsYLX23bqk1hgA,1/15/2024 18:53,48,0,usd,TRUE,44,0,usd,,1.58,Paid,Payment complete.,pm_1OYvHUAKv6LsYLX2kYSC2EpO,cus_PNckUpKayezrTg,in_1OYvHYAKv6LsYLX2PRoJxW1Q,,a0ff2472-fe58-453b-bc70-af15c0192959,fec5f1d1-2101-406f-b730-bc7f739ac62a,SAT & ACT Mastery Program,1/26/2024 2:09,txcd_20030000
ch_3OYu0OAKv6LsYLX20GCSgzGi,1/15/2024 17:31,60.24,0,cad,TRUE,43.56,0,usd,,2.22,Paid,Payment complete.,pm_1OYu0OAKv6LsYLX22RbYJNtN,cus_PNfJwIdA6BWqDe,in_1OYu0RAKv6LsYLX2p3V5wvlT,,dae443ce-10d3-46ac-b093-e1ae0eb26654,4b8c704c-863d-4e25-9bcf-ce9a1b75a391,Admission Success Blueprint,12/27/2023 16:46,txcd_20030000
ch_3OYtkkAKv6LsYLX23I4Gs8CV,1/15/2024 17:15,27,0,usd,TRUE,15,0,usd,Subscription creation,0.74,Paid,Payment complete.,pm_1OYtkiAKv6LsYLX2ve1Y2y9M,cus_PNemYjsQdOZAiL,in_1OYtkjAKv6LsYLX200OseWiT,,,,,,
ch_3OYsblAKv6LsYLX23pgT1VTX,1/15/2024 16:01,27,0,usd,TRUE,15,0,usd,Subscription update,0.74,Paid,Payment complete.,pm_1ONcsuAKv6LsYLX2zbzwVN0n,cus_PC0sxAF2P7sD6e,in_1OYrf6AKv6LsYLX2Nvr68sPF,,,,,,
ch_3OYsXeAKv6LsYLX22Zqwobl8,1/15/2024 15:57,48,0,usd,TRUE,44,0,usd,,2.24,Paid,Payment complete.,pm_1OYsXeAKv6LsYLX22X3GFKby,cus_PNdj6KMJF2DFa1,in_1OYsXiAKv6LsYLX232Da7FWW,,d8b64e76-c7a9-4c9d-b904-49d81557c23a,8c46a7cc-09e5-40d8-9584-33c0184298c6,College Essay Coaching,10/9/2023 8:57,txcd_20030000
ch_3OYrD3AKv6LsYLX22LaY5LwF,1/15/2024 14:32,14,0,usd,TRUE,10,0,usd,Subscription update,0.74,Paid,Payment complete.,pm_1O1UPzAKv6LsYLX2nCuLTZV7,cus_Op8fzjbIse2ufk,in_1OYqGZAKv6LsYLX2OF5Sqw5i,,,,,,
ch_3OYr4yAKv6LsYLX212Rlhc75,1/15/2024 14:23,41.03,0,eur,TRUE,43.57,0,usd,,2.22,Paid,Payment complete.,pm_1OYqb7AKv6LsYLX2tuqRcJyK,cus_PNblN4H1OrBcdP,in_1OYr51AKv6LsYLX2411OPusm,,a0ff2472-fe58-453b-bc70-af15c0192959,fec5f1d1-2101-406f-b730-bc7f739ac62a,SAT & ACT Mastery Program,1/26/2024 2:09,txcd_20030000
ch_3OYqb9AKv6LsYLX20Hgb5RqL,1/15/2024 13:53,27,0,usd,TRUE,15,0,usd,Subscription creation,0.96,Paid,Payment complete.,pm_1OYqb7AKv6LsYLX2tuqRcJyK,cus_PNblN4H1OrBcdP,in_1OYqb8AKv6LsYLX2n1A3BQnj,,,,,,
ch_3OYoa7AKv6LsYLX21jizjYfH,1/15/2024 11:43,48,0,usd,TRUE,44,0,usd,,1.58,Paid,Payment complete.,pm_1OYoa6AKv6LsYLX2YdmCDFHh,cus_PNZdNy1yEC5MXG,in_1OYoaAAKv6LsYLX20quPcR16,,a0ff2472-fe58-453b-bc70-af15c0192959,fec5f1d1-2101-406f-b730-bc7f739ac62a,SAT & ACT Mastery Program,1/26/2024 2:09,txcd_20030000
ch_3OYldQAKv6LsYLX21LhibX7W,1/15/2024 8:35,27,0,usd,TRUE,15,0,usd,Subscription update,0.96,Paid,Payment complete.,pm_1ONVudAKv6LsYLX2t3jKWKh0,cus_PAtsr5m9glP0ci,in_1OYkh5AKv6LsYLX2RkMCb4Vq,,,,,,
ch_3OYjc5AKv6LsYLX22mZhF4gE,1/15/2024 6:25,27,0,usd,TRUE,15,0,usd,Subscription creation,0.96,Paid,Payment complete.,pm_1OYjc3AKv6LsYLX2TzTMRFrh,cus_PGVMbknHQ1oZaP,in_1OYjc5AKv6LsYLX2JxKiCjvg,,,,,,
ch_3OYiEAAKv6LsYLX20eqj9l7g,1/15/2024 4:56,35.2,0,usd,TRUE,35.2,0,usd,,1.32,Paid,Payment complete.,pm_1OYiE9AKv6LsYLX2fjSSDjmo,cus_Ozk4UqcTl0Hhco,in_1OYiEDAKv6LsYLX2nTOfvUBE,,d8b64e76-c7a9-4c9d-b904-49d81557c23a,8c46a7cc-09e5-40d8-9584-33c0184298c6,College Essay Coaching,10/9/2023 8:57,txcd_20030000
ch_3OYiBnAKv6LsYLX23P24HkHS,1/15/2024 4:54,2052.13,0,mxn,TRUE,118.01,0,usd,,5.49,Paid,Payment complete.,pm_1OYiBmAKv6LsYLX2hFQi3jDS,cus_PNT3KzTh0xRd16,in_1OYiBsAKv6LsYLX2Hwt75JzU,,2017cf56-7ca0-48a0-8892-05ad50e746ba,f8c6a47c-29ca-4be7-ae51-63c374920e4e,Personalized College Roadmap,12/6/2023 16:16,txcd_20030000
ch_3OYi7gAKv6LsYLX20soTgjEO,1/15/2024 4:50,14,0,usd,TRUE,10,0,usd,Subscription update,0.59,Paid,Payment complete.,pm_1O1LKEAKv6LsYLX2isdfYceE,cus_OozH98c9bjdZqi,in_1OYhBSAKv6LsYLX20J0VOaB6,,,,,,
ch_3OYi1GAKv6LsYLX201hNa7Lu,1/15/2024 4:43,279.2,0,usd,TRUE,279.2,0,usd,,8.4,Paid,Payment complete.,pm_1OYi1GAKv6LsYLX2Kouv6CQN,cus_PNSuZSuxVORgnl,in_1OYi1KAKv6LsYLX2wQ9vWZsl,,f0f7a411-d78f-4c3a-abf2-4cce65097af4,40375dc9-7834-49eb-9103-745a5ef656cd,College Prep Masterclass,3/29/2020 3:57,txcd_20030000
ch_3OYhzCAKv6LsYLX20V9IvqWy,1/15/2024 4:41,119.2,0,usd,TRUE,119.2,0,usd,,3.76,Paid,Payment complete.,pm_1OYhzBAKv6LsYLX2JPzPuQR7,cus_PM01yhYwecQf8s,in_1OYhzFAKv6LsYLX2zSk87ZS8,,2017cf56-7ca0-48a0-8892-05ad50e746ba,f8c6a47c-29ca-4be7-ae51-63c374920e4e,Personalized College Roadmap,12/6/2023 16:16,txcd_20030000
ch_3OYhnXAKv6LsYLX22tbVRR8P,1/15/2024 4:29,12,0,usd,TRUE,12,0,usd,Subscription creation,0.65,Paid,Payment complete.,pm_1OYhnVAKv6LsYLX2a21k6Aul,cus_PNSencP5E7OSUU,in_1OYhnWAKv6LsYLX2RHUwYDKy,,,,,,
ch_3OYhmeAKv6LsYLX21iwY0I8b,1/15/2024 4:28,35.2,0,usd,TRUE,35.2,0,usd,,1.32,Paid,Payment complete.,pm_1OYhmeAKv6LsYLX2crhn0tFA,cus_PNSencP5E7OSUU,in_1OYhmhAKv6LsYLX26IZGsitW,,a0ff2472-fe58-453b-bc70-af15c0192959,fec5f1d1-2101-406f-b730-bc7f739ac62a,SAT & ACT Mastery Program,1/26/2024 2:09,txcd_20030000
ch_3OYhlTAKv6LsYLX20UgxUB6m,1/15/2024 4:27,27.2,0,usd,TRUE,27.2,0,usd,,1.09,Paid,Payment complete.,pm_1OYhlSAKv6LsYLX2YBYyxKIl,cus_PNSencP5E7OSUU,in_1OYhlWAKv6LsYLX2DSXQLVAl,,c5712f31-b51f-4314-8b89-d3fb2af2e0e0,48dc9a13-5f13-4cb9-88e2-f6004bdaee4c,Scholarly Scholarships Guide,10/9/2023 8:47,txcd_20030000
ch_3OYhkJAKv6LsYLX21Z8zQMS8,1/15/2024 4:26,119.2,0,usd,TRUE,119.2,0,usd,,3.76,Paid,Payment complete.,pm_1OYhkIAKv6LsYLX2NQAW2Cne,cus_PAXjs4rcsRq8JB,in_1OYhkMAKv6LsYLX2ZaHcIPB2,,2017cf56-7ca0-48a0-8892-05ad50e746ba,f8c6a47c-29ca-4be7-ae51-63c374920e4e,Personalized College Roadmap,12/6/2023 16:16,txcd_20030000
ch_3OYhdeAKv6LsYLX23iN8tqAH,1/15/2024 4:19,279.2,0,usd,TRUE,279.2,0,usd,,8.4,Paid,Payment complete.,pm_1OYhdeAKv6LsYLX2uzJUxBHU,cus_PNRzQ6cf0tESYZ,in_1OYhdhAKv6LsYLX2Sg3gXAVy,,f0f7a411-d78f-4c3a-abf2-4cce65097af4,40375dc9-7834-49eb-9103-745a5ef656cd,College Prep Masterclass,3/29/2020 3:57,txcd_20030000
ch_3OYhURAKv6LsYLX210l0riam,1/15/2024 4:09,35.2,0,usd,TRUE,35.2,0,usd,,1.32,Paid,Payment complete.,pm_1OYhURAKv6LsYLX2oyoxl4Bo,cus_PNSNGMUIrh4AoN,in_1OYhUVAKv6LsYLX2NHjFJXLh,,dae443ce-10d3-46ac-b093-e1ae0eb26654,4b8c704c-863d-4e25-9bcf-ce9a1b75a391,Admission Success Blueprint,12/27/2023 16:46,txcd_20030000
ch_3OYhT0AKv6LsYLX22h1yE294,1/15/2024 4:08,53.71,0,aud,TRUE,34.85,0,usd,,1.83,Paid,Payment complete.,pm_1OYhT0AKv6LsYLX26tRRSPpZ,cus_PN2vR625CRCAHW,in_1OYhT4AKv6LsYLX2nF9qCqvY,,7a56d0f1-a2e5-4e2e-b26c-948a9ad21cb2,c985f100-5645-48e3-8e3d-ceffbcc37a3d,College Application Bootcamp,12/27/2023 16:46,txcd_20030000
ch_3OYhQtAKv6LsYLX20152tngY,1/15/2024 4:05,242.91,0,aud,TRUE,157.61,0,usd,,7.23,Paid,Payment complete.,pm_1OYhQsAKv6LsYLX27NcWkSe5,cus_PN2vR625CRCAHW,in_1OYhQwAKv6LsYLX2r6ZVv7UK,,25fdcdc9-4f82-4374-a62c-7d323f543a03,201283c3-5723-4e02-9d18-d9ff952d0d07,Elite College Prep Package,10/9/2022 8:25,txcd_20030000
ch_3OYhM5AKv6LsYLX21TklMeKO,1/15/2024 4:00,79.2,0,usd,TRUE,79.2,0,usd,,2.6,Paid,Payment complete.,pm_1OYhM5AKv6LsYLX2L5pRGpXk,cus_PGFNIgK74e3mkN,in_1OYhM9AKv6LsYLX2LlwDUGDE,,4b101604-f66f-48a3-bb37-e6cff6a35276,17f137bd-4c6a-4590-9c92-529872986e49,High School to Ivy League Program,3/29/2020 3:57,txcd_20030000
ch_3OYhHOAKv6LsYLX22BjCGWO5,1/15/2024 3:56,119.2,0,usd,TRUE,119.2,0,usd,,3.76,Paid,Payment complete.,pm_1OYhHOAKv6LsYLX2RHmXGT2G,cus_PCYUUD1fXvjgbc,in_1OYhHRAKv6LsYLX2nGQUgTHL,,2017cf56-7ca0-48a0-8892-05ad50e746ba,f8c6a47c-29ca-4be7-ae51-63c374920e4e,Personalized College Roadmap,12/6/2023 16:16,txcd_20030000
ch_3OYgrUAKv6LsYLX22L7283fQ,1/15/2024 3:29,162.07,0,sgd,TRUE,118.01,0,usd,,5.49,Paid,Payment complete.,pm_1OYgrUAKv6LsYLX2OHpWFxyA,cus_PNRjeXXKwZFedC,in_1OYgrZAKv6LsYLX2Yhgy2z1s,,2017cf56-7ca0-48a0-8892-05ad50e746ba,f8c6a47c-29ca-4be7-ae51-63c374920e4e,Personalized College Roadmap,12/6/2023 16:16,txcd_20030000
ch_3OYgbzAKv6LsYLX20SKopc2d,1/15/2024 3:13,119.2,0,usd,TRUE,119.2,0,usd,,3.76,Paid,Payment complete.,pm_1OYgbyAKv6LsYLX2JTg8Pml2,cus_OuSaB8YDOA3NTN,in_1OYgc3AKv6LsYLX2zSt3abDX,,2017cf56-7ca0-48a0-8892-05ad50e746ba,f8c6a47c-29ca-4be7-ae51-63c374920e4e,Personalized College Roadmap,12/6/2023 16:16,txcd_20030000
ch_3OYgDjAKv6LsYLX22lxKR2Ck,1/15/2024 2:48,12,0,usd,TRUE,12,0,usd,Subscription creation,0.83,Paid,Payment complete.,pm_1OYgDiAKv6LsYLX2B8EcddBu,cus_PNR4468lF24NqB,in_1OYgDjAKv6LsYLX2agVIKa7O,,,,,,
ch_3OYg9WAKv6LsYLX20j3xARqb,1/15/2024 2:43,279.2,0,usd,TRUE,279.2,0,usd,,8.4,Paid,Payment complete.,pm_1OYg9VAKv6LsYLX2NwUzxycP,cus_PAcG6U2RjOHFci,in_1OYg9aAKv6LsYLX2RnUBYeWW,,f0f7a411-d78f-4c3a-abf2-4cce65097af4,40375dc9-7834-49eb-9103-745a5ef656cd,College Prep Masterclass,3/29/2020 3:57,txcd_20030000
ch_3OYfsiAKv6LsYLX23cOWZKBS,1/15/2024 2:26,12,0,usd,TRUE,12,0,usd,Subscription creation,0.65,Paid,Payment complete.,pm_1OYfsgAKv6LsYLX2UdsTjK61,cus_PMZexDyOzTezt6,in_1OYfshAKv6LsYLX2o65Wvvmy,,,,,,
ch_3OYfrxAKv6LsYLX21r77JriH,1/15/2024 2:25,163.08,0,cad,TRUE,118.01,0,usd,,5.49,Paid,Payment complete.,pm_1OYfrxAKv6LsYLX2uRAWk6YD,cus_PNOgrSBBNtGtWw,in_1OYfs2AKv6LsYLX2XbRCE7zY,,2017cf56-7ca0-48a0-8892-05ad50e746ba,f8c6a47c-29ca-4be7-ae51-63c374920e4e,Personalized College Roadmap,12/6/2023 16:16,txcd_20030000
ch_3OYfWuAKv6LsYLX20pnzUKJH,1/15/2024 2:04,178.65,0,pln,TRUE,43.56,0,usd,,2.22,Paid,Payment complete.,pm_1OXrgLAKv6LsYLX2UPxVgtUQ,cus_PMaqGBMDUs0A9M,in_1OYfWxAKv6LsYLX2TD2Rmbv3,,d8b64e76-c7a9-4c9d-b904-49d81557c23a,8c46a7cc-09e5-40d8-9584-33c0184298c6,College Essay Coaching,10/9/2023 8:57,txcd_20030000
ch_3OYeqPAKv6LsYLX21AZOYnaq,1/15/2024 1:20,119.2,0,usd,TRUE,119.2,0,usd,,3.76,Paid,Payment complete.,pm_1OYeqIAKv6LsYLX2WQFWbVAv,cus_PNPNkwUvN72ORo,in_1OYeqYAKv6LsYLX2iCnjX4tk,,2017cf56-7ca0-48a0-8892-05ad50e746ba,f8c6a47c-29ca-4be7-ae51-63c374920e4e,Personalized College Roadmap,12/6/2023 16:16,txcd_20030000
ch_3OYemiAKv6LsYLX20IeeLXYl,1/15/2024 1:16,279.2,0,usd,TRUE,279.2,0,usd,,8.4,Paid,Payment complete.,pm_1OYemhAKv6LsYLX2oJreyUUA,cus_PNPbJ0bOIKpwS7,in_1OYempAKv6LsYLX2hLGMgkwp,,f0f7a411-d78f-4c3a-abf2-4cce65097af4,40375dc9-7834-49eb-9103-745a5ef656cd,College Prep Masterclass,3/29/2020 3:57,txcd_20030000
ch_3OYektAKv6LsYLX23fOg662I,1/15/2024 1:14,119.2,0,usd,TRUE,119.2,0,usd,,3.76,Paid,Payment complete.,pm_1OYeksAKv6LsYLX2GiNpKaVL,cus_PL5BVy5WLInxkh,in_1OYekxAKv6LsYLX2SkOKJwcw,,2017cf56-7ca0-48a0-8892-05ad50e746ba,f8c6a47c-29ca-4be7-ae51-63c374920e4e,Personalized College Roadmap,12/6/2023 16:16,txcd_20030000
ch_3OYdwiAKv6LsYLX205WIuW03,1/15/2024 0:22,27,0,usd,TRUE,15,0,usd,Subscription creation,0.74,Paid,Payment complete.,pm_1OYdwgAKv6LsYLX2TuKUt0fX,cus_PK3f8Pdcn3jZ9V,in_1OYdwhAKv6LsYLX237gwOu1r,,,,,,
ch_3OYdfuAKv6LsYLX227wYYaEM,1/15/2024 0:06,279.2,0,usd,TRUE,159.2,0,usd,,4.92,Paid,Payment complete.,pm_1OYdhLAKv6LsYLX2aoUetDVI,cus_P9742UExfTZIme,in_1OYdhQAKv6LsYLX2vQlenDFn,,25fdcdc9-4f82-4374-a62c-7d323f543a03,201283c3-5723-4e02-9d18-d9ff952d0d07,Elite College Prep Package,10/9/2022 8:25,txcd_20030000
ch_3OYddpAKv6LsYLX22iGyVS4Z,1/15/2024 0:03,60.22,0,cad,TRUE,43.56,0,usd,,2.22,Paid,Payment complete.,pm_1OYddoAKv6LsYLX2r1aNAmQy,cus_PNOMaTTj7O5ODT,in_1OYddsAKv6LsYLX2MIDklJ33,,dae443ce-10d3-46ac-b093-e1ae0eb26654,4b8c704c-863d-4e25-9bcf-ce9a1b75a391,Admission Success Blueprint,12/27/2023 16:46,txcd_20030000
ch_3OYdcDAKv6LsYLX23E3Ys3b4,1/15/2024 0:01,279.2,0,usd,TRUE,279.2,0,usd,,8.4,Paid,Payment complete.,pm_1OYdcCAKv6LsYLX2KVJj7ou0,cus_Oz69JPpJCdTBw9,in_1OYdcHAKv6LsYLX2nFCQiFaF,,f0f7a411-d78f-4c3a-abf2-4cce65097af4,40375dc9-7834-49eb-9103-745a5ef656cd,College Prep Masterclass,3/29/2020 3:57,txcd_20030000
ch_3OYczqAKv6LsYLX22LQj68YV,1/14/2024 23:21,79.2,0,usd,TRUE,79.2,0,usd,,2.6,Paid,Payment complete.,pm_1OYczpAKv6LsYLX2X98dLJIM,cus_PBMf3Rl8eigK8k,in_1OYczuAKv6LsYLX2MS0C8gEO,,4b101604-f66f-48a3-bb37-e6cff6a35276,17f137bd-4c6a-4590-9c92-529872986e49,High School to Ivy League Program,3/29/2020 3:57,txcd_20030000
ch_3OYcjYAKv6LsYLX20OwsbGqf,1/14/2024 23:10,382.11,0,cad,TRUE,276.41,0,usd,,12.46,Paid,Payment complete.,pm_1OYcouAKv6LsYLX22pQ9byme,cus_PNNOVfgh4e40MD,in_1OYcoxAKv6LsYLX2zLcWzK9U,,f0f7a411-d78f-4c3a-abf2-4cce65097af4,40375dc9-7834-49eb-9103-745a5ef656cd,College Prep Masterclass,3/29/2020 3:57,txcd_20030000
ch_3OYcgeAKv6LsYLX20TErhAhB,1/14/2024 23:01,79.2,0,usd,TRUE,79.2,0,usd,,2.6,Paid,Payment complete.,pm_1OYcgeAKv6LsYLX2g0Xv7qxC,cus_PMHkgqsOiPuxzr,in_1OYcghAKv6LsYLX2NhYMWUUz,,4b101604-f66f-48a3-bb37-e6cff6a35276,17f137bd-4c6a-4590-9c92-529872986e49,High School to Ivy League Program,3/29/2020 3:57,txcd_20030000
ch_3OYcPiAKv6LsYLX21EURTc1Z,1/14/2024 22:44,35.2,0,usd,TRUE,35.2,0,usd,,1.85,Paid,Payment complete.,pm_1OYcPhAKv6LsYLX2rMjNvSCK,cus_PJU358syaUV0Sv,in_1OYcPmAKv6LsYLX2lHE2i8Iz,,dae443ce-10d3-46ac-b093-e1ae0eb26654,4b8c704c-863d-4e25-9bcf-ce9a1b75a391,Admission Success Blueprint,12/27/2023 16:46,txcd_20030000
ch_3OYbtQAKv6LsYLX21mAuCnKz,1/14/2024 22:11,119.2,0,usd,TRUE,119.2,0,usd,,3.76,Paid,Payment complete.,pm_1OYbtPAKv6LsYLX2fALBtKd0,cus_P91Arwah2PoS9j,in_1OYbtUAKv6LsYLX2TQgWeDwR,,2017cf56-7ca0-48a0-8892-05ad50e746ba,f8c6a47c-29ca-4be7-ae51-63c374920e4e,Personalized College Roadmap,12/6/2023 16:16,txcd_20030000
ch_3OYbn7AKv6LsYLX21HuRy6uC,1/14/2024 22:04,12,0,usd,TRUE,12,0,usd,Subscription creation,0.83,Paid,Payment complete.,pm_1OHvpWAKv6LsYLX2n10SPJoK,cus_OotJu1vHnwTI2Q,in_1OYbn6AKv6LsYLX2mR5k8axR,,,,,,
ch_3OYbkyAKv6LsYLX23UyhF4IQ,1/14/2024 22:02,28.18,0,gbp,TRUE,34.86,0,usd,,1.83,Paid,Payment complete.,pm_1OYbkxAKv6LsYLX2aw7h4vTc,cus_PNKOKS7RDCWtJ2,in_1OYbl2AKv6LsYLX2QBtwA5Ph,,dae443ce-10d3-46ac-b093-e1ae0eb26654,4b8c704c-863d-4e25-9bcf-ce9a1b75a391,Admission Success Blueprint,12/27/2023 16:46,txcd_20030000
ch_3OYbiyAKv6LsYLX21dbcxkXj,1/14/2024 22:00,35.2,0,usd,TRUE,35.2,0,usd,,1.32,Paid,Payment complete.,pm_1OYbiyAKv6LsYLX2Il2PiaWO,cus_PNMMKID5da1Fzm,in_1OYbj2AKv6LsYLX2mM9m1aKi,,dae443ce-10d3-46ac-b093-e1ae0eb26654,4b8c704c-863d-4e25-9bcf-ce9a1b75a391,Admission Success Blueprint,12/27/2023 16:46,txcd_20030000
ch_3OYbXwAKv6LsYLX22IsFqlGN,1/14/2024 21:48,163.11,0,ron,TRUE,34.85,0,usd,,1.83,Paid,Payment complete.,pm_1OYa92AKv6LsYLX2knRZEqeq,cus_PDET8spWUFC4zq,in_1OYbXzAKv6LsYLX2KhbuubEe,,d8b64e76-c7a9-4c9d-b904-49d81557c23a,8c46a7cc-09e5-40d8-9584-33c0184298c6,College Essay Coaching,10/9/2023 8:57,txcd_20030000
ch_3OYbVWAKv6LsYLX23RMw7PET,1/14/2024 21:46,279.2,0,usd,TRUE,279.2,0,usd,,8.4,Paid,Payment complete.,pm_1OYbVWAKv6LsYLX2KYDfNN7b,cus_PNMCQZgFL6xmkS,in_1OYbVaAKv6LsYLX2o3K3CIjA,,f0f7a411-d78f-4c3a-abf2-4cce65097af4,40375dc9-7834-49eb-9103-745a5ef656cd,College Prep Masterclass,3/29/2020 3:57,txcd_20030000
ch_3OYbU2AKv6LsYLX21vDAry7q,1/14/2024 21:44,21.78,0,gbp,TRUE,26.94,0,usd,,1.49,Paid,Payment complete.,pm_1OYbU1AKv6LsYLX28cwxZM2E,cus_PJFNqPkuTTADWG,in_1OYbU6AKv6LsYLX2v34S1zQS,,c5712f31-b51f-4314-8b89-d3fb2af2e0e0,48dc9a13-5f13-4cb9-88e2-f6004bdaee4c,Scholarly Scholarships Guide,10/9/2023 8:47,txcd_20030000
ch_3OYbTqAKv6LsYLX22FhM74fl,1/14/2024 21:44,79.2,0,usd,TRUE,79.2,0,usd,Subscription creation,2.6,Paid,Payment complete.,pm_1OYbToAKv6LsYLX2MAkzl6qt,cus_PL9W38CUJ5fH67,in_1OYbTpAKv6LsYLX2wKoWqmMD,,,,,,
ch_3OYbTgAKv6LsYLX23IiTcchs,1/14/2024 21:44,27.2,0,usd,TRUE,27.2,0,usd,,1.5,Paid,Payment complete.,pm_1OYbTfAKv6LsYLX2fkIbUa45,cus_PJjAJEuH4Fg69A,in_1OYbTnAKv6LsYLX2DzSVQ6zZ,,c5712f31-b51f-4314-8b89-d3fb2af2e0e0,48dc9a13-5f13-4cb9-88e2-f6004bdaee4c,Scholarly Scholarships Guide,10/9/2023 8:47,txcd_20030000
ch_3OYbLpAKv6LsYLX23iF1cU8C,1/14/2024 21:36,12,0,usd,TRUE,12,0,usd,Subscription creation,0.83,Paid,Payment complete.,pm_1OYbLnAKv6LsYLX2UtGrbFjY,cus_PNLzTL6rhcxI1r,in_1OYbLoAKv6LsYLX2ZUfBksqg,,,,,,
ch_3OYbLiAKv6LsYLX23sEMCaTf,1/14/2024 21:36,28.18,0,gbp,TRUE,34.86,0,usd,,1.83,Paid,Payment complete.,pm_1OYbLiAKv6LsYLX2kqhWtfik,cus_PJFNqPkuTTADWG,in_1OYbLoAKv6LsYLX2bgOWyvnM,,a0ff2472-fe58-453b-bc70-af15c0192959,fec5f1d1-2101-406f-b730-bc7f739ac62a,SAT & ACT Mastery Program,1/26/2024 2:09,txcd_20030000
ch_3OYb9oAKv6LsYLX22QQwXN4G,1/14/2024 21:23,28.18,0,gbp,TRUE,34.86,0,usd,,1.83,Paid,Payment complete.,pm_1OYb9oAKv6LsYLX2B2eKet3j,cus_PMyE6L2CZ8SnqJ,in_1OYb9sAKv6LsYLX2HQT92X4Z,,dae443ce-10d3-46ac-b093-e1ae0eb26654,4b8c704c-863d-4e25-9bcf-ce9a1b75a391,Admission Success Blueprint,12/27/2023 16:46,txcd_20030000
ch_3OYb2DAKv6LsYLX21HBOfUXv,1/14/2024 21:16,48.18,0,cad,TRUE,34.85,0,usd,,1.83,Paid,Payment complete.,pm_1OYb2CAKv6LsYLX2ifs2xPWK,cus_PNLhVtRyOIj3LX,in_1OYb2HAKv6LsYLX2aDToMKEE,,d8b64e76-c7a9-4c9d-b904-49d81557c23a,8c46a7cc-09e5-40d8-9584-33c0184298c6,College Essay Coaching,10/9/2023 8:57,txcd_20030000
ch_3OYYPwAKv6LsYLX22Jjjaelt,1/14/2024 18:28,12,0,usd,TRUE,12,0,usd,Subscription creation,0.83,Paid,Payment complete.,pm_1OYYPuAKv6LsYLX2vlQurnAn,cus_PM2sdRNiwGEB9Z,in_1OYYPvAKv6LsYLX2f4MBbM60,,,,,,
ch_3OYaHQAKv6LsYLX20sojLZvJ,1/14/2024 20:27,35.2,0,usd,TRUE,35.2,0,usd,,1.32,Paid,Payment complete.,pm_1OYaHQAKv6LsYLX2JJsFmkbW,cus_PNKs9bQIiZjKVE,in_1OYaHUAKv6LsYLX2T64orlHL,,a0ff2472-fe58-453b-bc70-af15c0192959,fec5f1d1-2101-406f-b730-bc7f739ac62a,SAT & ACT Mastery Program,1/26/2024 2:09,txcd_20030000
ch_3OYa94AKv6LsYLX20yO43TJz,1/14/2024 20:19,12,0,usd,TRUE,12,0,usd,Subscription creation,0.83,Paid,Payment complete.,pm_1OYa92AKv6LsYLX2knRZEqeq,cus_PDET8spWUFC4zq,in_1OYa93AKv6LsYLX2L2gfMogD,,,,,,
ch_3OYa6hAKv6LsYLX21Bfz5KD4,1/14/2024 20:16,48.18,0,cad,TRUE,34.85,0,usd,,1.83,Paid,Payment complete.,pm_1OYa6hAKv6LsYLX2NARAKlFa,cus_PNKlp2RQIbsVEp,in_1OYa6mAKv6LsYLX2CWEirPq2,,a0ff2472-fe58-453b-bc70-af15c0192959,fec5f1d1-2101-406f-b730-bc7f739ac62a,SAT & ACT Mastery Program,1/26/2024 2:09,txcd_20030000
ch_3OYZY8AKv6LsYLX22MoTOHvg,1/14/2024 19:49,14079.83,0,inr,TRUE,118.01,0,usd,,5.49,Paid,Payment complete.,pm_1OYZgPAKv6LsYLX2PhgU1pKK,cus_PKihyXYtzT9hbe,in_1OYZgUAKv6LsYLX2NE7A1o64,,2017cf56-7ca0-48a0-8892-05ad50e746ba,f8c6a47c-29ca-4be7-ae51-63c374920e4e,Personalized College Roadmap,12/6/2023 16:16,txcd_20030000
ch_3OYZYPAKv6LsYLX23ojzkdCP,1/14/2024 19:41,19.2,0,usd,TRUE,19.2,0,usd,,0.86,Paid,Payment complete.,pm_1OYZYOAKv6LsYLX2KOlUcQy6,cus_PNJqJQhYaUrM4e,in_1OYZYTAKv6LsYLX2CTxfisMD,,d7c2e880-2bff-4c5a-897b-9a08f8cddd06,4033cc0f-bce4-4338-b8d6-9a983207c2a1,GPA Boosting Academy,10/9/2021 5:30,txcd_20030000
ch_3OYZVzAKv6LsYLX23iau7be6,1/14/2024 19:38,279.2,0,usd,TRUE,279.2,0,usd,,8.4,Paid,Payment complete.,pm_1OYZVzAKv6LsYLX2s6n9YIWJ,cus_PIUIQ69CgpxdnD,in_1OYZW3AKv6LsYLX2Jsc8x1g8,,f0f7a411-d78f-4c3a-abf2-4cce65097af4,40375dc9-7834-49eb-9103-745a5ef656cd,College Prep Masterclass,3/29/2020 3:57,txcd_20030000
ch_3OYZVmAKv6LsYLX22SRhNlwO,1/14/2024 19:38,27,0,usd,TRUE,15,0,usd,Subscription update,0.74,Paid,Payment complete.,pm_1ONJmwAKv6LsYLX2orv3lLes,cus_PBhAz64TEsROMw,in_1OYYZ9AKv6LsYLX2yzU0SAir,,,,,,
ch_3OYZOSAKv6LsYLX22KeVwrOh,1/14/2024 19:30,279.2,0,usd,TRUE,279.2,0,usd,,8.4,Paid,Payment complete.,pm_1OYZOSAKv6LsYLX2p5nNNX44,cus_PNFRL2Cd5e9Ncv,in_1OYZOWAKv6LsYLX2FGLpSfWZ,,f0f7a411-d78f-4c3a-abf2-4cce65097af4,40375dc9-7834-49eb-9103-745a5ef656cd,College Prep Masterclass,3/29/2020 3:57,txcd_20030000
ch_3OYZNwAKv6LsYLX218c0LRQ4,1/14/2024 19:30,279.2,0,usd,TRUE,279.2,0,usd,,8.4,Paid,Payment complete.,pm_1OYZNwAKv6LsYLX2BoKT8Hz6,cus_PItVpK76aQngLA,in_1OYZO1AKv6LsYLX2HExqnpNT,,f0f7a411-d78f-4c3a-abf2-4cce65097af4,40375dc9-7834-49eb-9103-745a5ef656cd,College Prep Masterclass,3/29/2020 3:57,txcd_20030000
ch_3OYZFoAKv6LsYLX22i7piSTN,1/14/2024 19:21,217.23,0,bgn,TRUE,118.01,0,usd,,5.49,Paid,Payment complete.,pm_1OYZFnAKv6LsYLX2A1kf1wF9,cus_PNJmIV0GZkHIdQ,in_1OYZFrAKv6LsYLX21rHwOf4Y,,2017cf56-7ca0-48a0-8892-05ad50e746ba,f8c6a47c-29ca-4be7-ae51-63c374920e4e,Personalized College Roadmap,12/6/2023 16:16,txcd_20030000
ch_3OYZCZAKv6LsYLX205HHFWYB,1/14/2024 19:18,32.81,0,eur,TRUE,34.86,0,usd,,1.83,Paid,Payment complete.,pm_1OYZCZAKv6LsYLX2jSTcXEWB,cus_PNJo7Dc5zgksa6,in_1OYZCeAKv6LsYLX2vNapQom1,,dae443ce-10d3-46ac-b093-e1ae0eb26654,4b8c704c-863d-4e25-9bcf-ce9a1b75a391,Admission Success Blueprint,12/27/2023 16:46,txcd_20030000
ch_3OYYwwAKv6LsYLX23HWnfiiD,1/14/2024 19:02,111.08,0,eur,TRUE,118.01,0,usd,,5.49,Paid,Payment complete.,pm_1OYYwvAKv6LsYLX2JH8lEBo9,cus_PNGJtR3F5Q8YPf,in_1OYYx1AKv6LsYLX2GnCq8LAN,,2017cf56-7ca0-48a0-8892-05ad50e746ba,f8c6a47c-29ca-4be7-ae51-63c374920e4e,Personalized College Roadmap,12/6/2023 16:16,txcd_20030000
ch_3OYYoeAKv6LsYLX2072jGjQW,1/14/2024 18:53,99,0,usd,TRUE,99,0,usd,,3.17,Paid,Payment complete.,pm_1OMb8SAKv6LsYLX2eKrYA4Nc,cus_PAx0oo2Omg0VlQ,in_1OYYohAKv6LsYLX2NuRmk4wH,,4b101604-f66f-48a3-bb37-e6cff6a35276,17f137bd-4c6a-4590-9c92-529872986e49,High School to Ivy League Program,3/29/2020 3:57,txcd_20030000
ch_3OYYNHAKv6LsYLX214qldLoc,1/14/2024 18:25,32.81,0,eur,TRUE,34.86,0,usd,,1.83,Paid,Payment complete.,pm_1OYYNHAKv6LsYLX2euaeysRL,cus_PNIvqRKnrj8VAw,in_1OYYNMAKv6LsYLX2Xzhh4Udx,,a0ff2472-fe58-453b-bc70-af15c0192959,fec5f1d1-2101-406f-b730-bc7f739ac62a,SAT & ACT Mastery Program,1/26/2024 2:09,txcd_20030000
ch_3OYYMXAKv6LsYLX212OCoatf,1/14/2024 18:24,119.2,0,usd,TRUE,119.2,0,usd,,5.54,Paid,Payment complete.,pm_1OYYMWAKv6LsYLX2QJfyxFDk,cus_PM2sdRNiwGEB9Z,in_1OYYMbAKv6LsYLX2BCfyAlkd,,2017cf56-7ca0-48a0-8892-05ad50e746ba,f8c6a47c-29ca-4be7-ae51-63c374920e4e,Personalized College Roadmap,12/6/2023 16:16,txcd_20030000
ch_3OYY5hAKv6LsYLX20W9PzNVg,1/14/2024 18:07,63.39,0,gbp,TRUE,78.41,0,usd,,3.75,Paid,Payment complete.,pm_1OVN4wAKv6LsYLX2gHLtfCsW,cus_PK16GNCyW0KGDr,in_1OYY5lAKv6LsYLX2KvqvgDYv,,4b101604-f66f-48a3-bb37-e6cff6a35276,17f137bd-4c6a-4590-9c92-529872986e49,High School to Ivy League Program,3/29/2020 3:57,txcd_20030000
ch_3OYXJMAKv6LsYLX20kl1bkAl,1/14/2024 17:17,36,0,usd,TRUE,34,0,usd,,1.29,Paid,Payment complete.,pm_1OYXHXAKv6LsYLX2VxsnzkVY,cus_PNHqRqJcHn9MoA,in_1OYXJPAKv6LsYLX2Jqm1NiwH,,c5712f31-b51f-4314-8b89-d3fb2af2e0e0,48dc9a13-5f13-4cb9-88e2-f6004bdaee4c,Scholarly Scholarships Guide,10/9/2023 8:47,txcd_20030000
ch_3OYXHZAKv6LsYLX20u2ESJq9,1/14/2024 17:15,27,0,usd,TRUE,15,0,usd,Subscription creation,0.74,Paid,Payment complete.,pm_1OYXHXAKv6LsYLX2VxsnzkVY,cus_PNHqRqJcHn9MoA,in_1OYXHYAKv6LsYLX2bG0FS9Co,,,,,,
ch_3OYX4SAKv6LsYLX235ye9eHH,1/14/2024 17:02,279.2,0,usd,TRUE,279.2,0,usd,,8.4,Paid,Payment complete.,pm_1OYX4RAKv6LsYLX2b7ctdzQ9,cus_PNHcv7xCo3u7lA,in_1OYX4WAKv6LsYLX2FVGb4xad,,f0f7a411-d78f-4c3a-abf2-4cce65097af4,40375dc9-7834-49eb-9103-745a5ef656cd,College Prep Masterclass,3/29/2020 3:57,txcd_20030000
ch_3OYWemAKv6LsYLX21Kk38BST,1/14/2024 16:35,279.2,0,usd,TRUE,159.2,0,usd,,4.92,Paid,Payment complete.,pm_1OYWemAKv6LsYLX2vM7F7Fpx,cus_PKradwVxvsMAJk,in_1OYWeqAKv6LsYLX2ceAosZNp,,25fdcdc9-4f82-4374-a62c-7d323f543a03,201283c3-5723-4e02-9d18-d9ff952d0d07,Elite College Prep Package,10/9/2022 8:25,txcd_20030000
ch_3OYWc1AKv6LsYLX22pDZWCya,1/14/2024 16:32,279.2,0,usd,TRUE,279.2,0,usd,,8.4,Paid,Payment complete.,pm_1OYWc1AKv6LsYLX2Jwe3gSCl,cus_OtWfEQuMpbukgD,in_1OYWc5AKv6LsYLX2vAKSi2pE,,f0f7a411-d78f-4c3a-abf2-4cce65097af4,40375dc9-7834-49eb-9103-745a5ef656cd,College Prep Masterclass,3/29/2020 3:57,txcd_20030000
ch_3OYW2KAKv6LsYLX20l2ROuEA,1/14/2024 15:55,35.2,0,usd,TRUE,35.2,0,usd,,1.85,Paid,Payment complete.,pm_1OYW2KAKv6LsYLX2CF3drIUK,cus_PNGXNL2brcxJR4,in_1OYW2PAKv6LsYLX2hFXjRDr1,,dae443ce-10d3-46ac-b093-e1ae0eb26654,4b8c704c-863d-4e25-9bcf-ce9a1b75a391,Admission Success Blueprint,12/27/2023 16:46,txcd_20030000
ch_3OYVoeAKv6LsYLX21MdJJhbZ,1/14/2024 15:41,19.2,0,usd,TRUE,19.2,0,usd,,0.86,Paid,Payment complete.,pm_1OYVodAKv6LsYLX2vyKS5VPX,cus_P7KGI9Qoinf1Ls,in_1OYVonAKv6LsYLX2LUc1oEdd,,d7c2e880-2bff-4c5a-897b-9a08f8cddd06,4033cc0f-bce4-4338-b8d6-9a983207c2a1,GPA Boosting Academy,10/9/2021 5:30,txcd_20030000
ch_3OYVd3AKv6LsYLX21up4eY3O,1/14/2024 15:29,27,0,usd,TRUE,15,0,usd,Subscription creation,0.74,Paid,Payment complete.,pm_1OYVd1AKv6LsYLX2x2XCtK0b,cus_PNG53pKtFtksE7,in_1OYVd2AKv6LsYLX25QZU8dML,,,,,,
ch_3OYUvCAKv6LsYLX21CHz08IE,1/14/2024 14:44,53.73,0,aud,TRUE,34.85,0,usd,,1.83,Paid,Payment complete.,pm_1OYUvBAKv6LsYLX23y0dWqUj,cus_PNEt02KQ0tty7J,in_1OYUvFAKv6LsYLX2HxN38CKG,,d8b64e76-c7a9-4c9d-b904-49d81557c23a,8c46a7cc-09e5-40d8-9584-33c0184298c6,College Essay Coaching,10/9/2023 8:57,txcd_20030000
ch_3OYSP8AKv6LsYLX22JdqTeLl,1/14/2024 12:03,426.13,0,aud,TRUE,276.41,0,usd,,12.46,Paid,Payment complete.,pm_1OYSP8AKv6LsYLX2IGORvPCq,cus_PNCmLy67boW321,in_1OYSPCAKv6LsYLX2JSUJjdRj,,f0f7a411-d78f-4c3a-abf2-4cce65097af4,40375dc9-7834-49eb-9103-745a5ef656cd,College Prep Masterclass,3/29/2020 3:57,txcd_20030000
ch_3OYRSKAKv6LsYLX2092ataG2,1/14/2024 11:02,223.46,0,gbp,TRUE,276.41,0,usd,,12.46,Paid,Payment complete.,pm_1OYRSKAKv6LsYLX2ehgILIlB,cus_PL5W4RQ2RkxYGA,in_1OYRSNAKv6LsYLX2tWO15NIR,,f0f7a411-d78f-4c3a-abf2-4cce65097af4,40375dc9-7834-49eb-9103-745a5ef656cd,College Prep Masterclass,3/29/2020 3:57,txcd_20030000
ch_3OY2jmAKv6LsYLX23pLZm11u,1/14/2024 10:40,14,0,usd,TRUE,10,0,usd,Subscription update,0.74,Paid,Payment complete.,pm_1O0fw6AKv6LsYLX2mQ1dS7iA,cus_OoIVsL00CfQ2Z4,in_1OY1nVAKv6LsYLX2TrF5ajrA,,,,,,
ch_3OYR0QAKv6LsYLX20xL0QOcL,1/14/2024 10:33,12,0,usd,TRUE,12,0,usd,Subscription creation,0.83,Paid,Payment complete.,pm_1OYR0OAKv6LsYLX22AONogLd,cus_PNBKRuSLkKWY6x,in_1OYR0PAKv6LsYLX2FKYj1Oa3,,,,,,
ch_3OYPyuAKv6LsYLX23Ntw7wXZ,1/14/2024 9:27,12,0,usd,TRUE,12,0,usd,Subscription creation,0.83,Paid,Payment complete.,pm_1OYPysAKv6LsYLX2tB7n9pQP,cus_PLUmOjM2XFZbPf,in_1OYPytAKv6LsYLX26VFualmW,,,,,,
ch_3OYPsWAKv6LsYLX20eMG6FyY,1/14/2024 9:21,119.2,0,usd,TRUE,119.2,0,usd,,5.54,Paid,Payment complete.,pm_1OYPsVAKv6LsYLX23I96qZ4F,cus_PNABgAKEgDaJ3G,in_1OYPsZAKv6LsYLX2qKShmi7w,,2017cf56-7ca0-48a0-8892-05ad50e746ba,f8c6a47c-29ca-4be7-ae51-63c374920e4e,Personalized College Roadmap,12/6/2023 16:16,txcd_20030000
ch_3OYPVcAKv6LsYLX22aCu0Q8X,1/14/2024 8:57,483.99,0,pln,TRUE,118.01,0,usd,,5.49,Paid,Payment complete.,pm_1OYPVaAKv6LsYLX2X8jftbab,cus_PC3ghdrLf1pWJO,in_1OYPVkAKv6LsYLX2VixAI4ju,,2017cf56-7ca0-48a0-8892-05ad50e746ba,f8c6a47c-29ca-4be7-ae51-63c374920e4e,Personalized College Roadmap,12/6/2023 16:16,txcd_20030000
ch_3OYOGqAKv6LsYLX23vO3lk15,1/14/2024 7:38,279.2,0,usd,TRUE,159.2,0,usd,,4.92,Paid,Payment complete.,pm_1OYOGpAKv6LsYLX2SNvn8Z9j,cus_Ozk4UqcTl0Hhco,in_1OYOGtAKv6LsYLX2MuxxCYup,,25fdcdc9-4f82-4374-a62c-7d323f543a03,201283c3-5723-4e02-9d18-d9ff952d0d07,Elite College Prep Package,10/9/2022 8:25,txcd_20030000
ch_3OYOElAKv6LsYLX23QUPrAJV,1/14/2024 7:36,17624,0,jpy,TRUE,118.01,0,usd,,5.49,Paid,Payment complete.,pm_1OYOEkAKv6LsYLX2oM4LCdLJ,cus_PMn7IF05qYj9ar,in_1OYOEpAKv6LsYLX2bDf7FZZI,,2017cf56-7ca0-48a0-8892-05ad50e746ba,f8c6a47c-29ca-4be7-ae51-63c374920e4e,Personalized College Roadmap,12/6/2023 16:16,txcd_20030000
ch_3OYNV6AKv6LsYLX20tQxRBom,1/14/2024 6:48,14,0,usd,TRUE,10,0,usd,Subscription update,0.59,Paid,Payment complete.,pm_1OCFToAKv6LsYLX2kD7IjkHP,cus_P0Fy76lQ7QyEBH,in_1OYMYbAKv6LsYLX2oKf2U057,,,,,,
ch_3OYMO3AKv6LsYLX21S1GJI5a,1/14/2024 5:37,279.2,0,usd,TRUE,159.2,0,usd,,4.92,Paid,Payment complete.,pm_1OYMO3AKv6LsYLX2ssGyVl63,cus_PN6YECnY7HNKPt,in_1OYMO7AKv6LsYLX2fd0lmbjx,,25fdcdc9-4f82-4374-a62c-7d323f543a03,201283c3-5723-4e02-9d18-d9ff952d0d07,Elite College Prep Package,10/9/2022 8:25,txcd_20030000
ch_3OYM7PAKv6LsYLX22RtitpvI,1/14/2024 5:20,19.2,0,usd,TRUE,19.2,0,usd,,0.86,Paid,Payment complete.,pm_1OYM7PAKv6LsYLX2jvaQrXee,cus_PN6F1aRIfbNwt8,in_1OYM7TAKv6LsYLX2AXl4MCLH,,d7c2e880-2bff-4c5a-897b-9a08f8cddd06,4033cc0f-bce4-4338-b8d6-9a983207c2a1,GPA Boosting Academy,10/9/2021 5:30,txcd_20030000
ch_3OYM5yAKv6LsYLX22JZyKvr3,1/14/2024 5:18,79.2,0,usd,TRUE,79.2,0,usd,,2.6,Paid,Payment complete.,pm_1OYM5yAKv6LsYLX2vh3EiRJi,cus_PN6F1aRIfbNwt8,in_1OYM62AKv6LsYLX2hGjDqCCs,,4b101604-f66f-48a3-bb37-e6cff6a35276,17f137bd-4c6a-4590-9c92-529872986e49,High School to Ivy League Program,3/29/2020 3:57,txcd_20030000
ch_3OYLvHAKv6LsYLX20YcLAviP,1/14/2024 5:07,35.2,0,usd,TRUE,35.2,0,usd,,1.32,Paid,Payment complete.,pm_1OYLvHAKv6LsYLX2FuEuvJJr,cus_PMZcq8HTTip0n0,in_1OYLvKAKv6LsYLX253Fkg2zy,,d8b64e76-c7a9-4c9d-b904-49d81557c23a,8c46a7cc-09e5-40d8-9584-33c0184298c6,College Essay Coaching,10/9/2023 8:57,txcd_20030000
ch_3OYLY6AKv6LsYLX22czigwB7,1/14/2024 4:43,12,0,usd,TRUE,12,0,usd,Subscription creation,0.83,Paid,Payment complete.,pm_1OYLY5AKv6LsYLX21b87jlx4,cus_PCMnWMa8s1ym7R,in_1OYLY6AKv6LsYLX2vYrfwcAu,,,,,,
ch_3OXSX1AKv6LsYLX22O5lfO9C,1/11/2024 17:59,12,0,usd,TRUE,12,0,usd,Subscription creation,0.83,Paid,Payment complete.,pm_1OXSX0AKv6LsYLX2pKneOmAe,cus_PM6qxptTA409ky,in_1OXSX1AKv6LsYLX2WwAvcSYT,,,,,,
ch_3OTtGqAKv6LsYLX23RZvgTft,1/1/2024 21:43,119.2,0,usd,TRUE,119.2,0,usd,,3.76,Paid,Payment complete.,pm_1OTtGpAKv6LsYLX2LYdZca0t,cus_PIUEqR8SJT2Rud,in_1OTtGuAKv6LsYLX2F2lrZ6Im,po_1OUJQSAKv6LsYLX24PUCqB0v,2017cf56-7ca0-48a0-8892-05ad50e746ba,f8c6a47c-29ca-4be7-ae51-63c374920e4e,Personalized College Roadmap,12/6/2023 16:16,txcd_20030000
ch_3OTsklAKv6LsYLX21qo6Qoi8,1/1/2024 21:10,32.54,0,eur,TRUE,34.86,0,usd,,1.83,Paid,Payment complete.,pm_1OTskkAKv6LsYLX2gy5Igldj,cus_PIThAb3pM6IA7d,in_1OTskpAKv6LsYLX2HNfypOQQ,po_1OUJQSAKv6LsYLX24PUCqB0v,a0ff2472-fe58-453b-bc70-af15c0192959,fec5f1d1-2101-406f-b730-bc7f739ac62a,SAT & ACT Mastery Program,1/26/2024 2:09,txcd_20030000
ch_3OTsSsAKv6LsYLX20DeyqACw,1/1/2024 20:52,63.48,0,gbp,TRUE,78.41,0,usd,,3.75,Paid,Payment complete.,pm_1OTsSrAKv6LsYLX2nQie4BCd,cus_PITMtkJBJQdYUN,in_1OTsSwAKv6LsYLX2r08ByPnt,po_1OUJQSAKv6LsYLX24PUCqB0v,4b101604-f66f-48a3-bb37-e6cff6a35276,17f137bd-4c6a-4590-9c92-529872986e49,High School to Ivy League Program,3/29/2020 3:57,txcd_20030000
ch_3OTsGXAKv6LsYLX22vE6XsQp,1/1/2024 20:39,279.2,0,usd,TRUE,279.2,0,usd,,8.4,Paid,Payment complete.,pm_1OS3l9AKv6LsYLX2xhrPBGEN,cus_PGavSOMCuFcMr3,in_1OTsGbAKv6LsYLX2KBi648ur,po_1OUJQSAKv6LsYLX24PUCqB0v,f0f7a411-d78f-4c3a-abf2-4cce65097af4,40375dc9-7834-49eb-9103-745a5ef656cd,College Prep Masterclass,3/29/2020 3:57,txcd_20030000
ch_3OTsD3AKv6LsYLX23fRich1A,1/1/2024 20:35,258.04,0,eur,TRUE,276.41,0,usd,,12.46,Paid,Payment complete.,pm_1OTsD1AKv6LsYLX236kW4heo,cus_PIMsNc1HOPPoKZ,in_1OTsD7AKv6LsYLX2yBGKEpWD,po_1OUJQSAKv6LsYLX24PUCqB0v,f0f7a411-d78f-4c3a-abf2-4cce65097af4,40375dc9-7834-49eb-9103-745a5ef656cd,College Prep Masterclass,3/29/2020 3:57,txcd_20030000
ch_3OTrX0AKv6LsYLX23necrFNP,1/1/2024 19:52,35.2,0,usd,TRUE,35.2,0,usd,,1.85,Paid,Payment complete.,pm_1OTrWzAKv6LsYLX2DPx716DE,cus_PISLaksMIcmjTP,in_1OTrX3AKv6LsYLX2iYmfKCYk,po_1OUJQSAKv6LsYLX24PUCqB0v,a0ff2472-fe58-453b-bc70-af15c0192959,fec5f1d1-2101-406f-b730-bc7f739ac62a,SAT & ACT Mastery Program,1/26/2024 2:09,txcd_20030000
ch_3OTrOKAKv6LsYLX22nDVohZm,1/1/2024 19:43,27.2,0,usd,TRUE,27.2,0,usd,,1.09,Paid,Payment complete.,pm_1OTrOJAKv6LsYLX2Fs5Sntda,cus_PISGkSAIzzUnsc,in_1OTrOOAKv6LsYLX27aB1OqQa,po_1OUJQSAKv6LsYLX24PUCqB0v,c5712f31-b51f-4314-8b89-d3fb2af2e0e0,48dc9a13-5f13-4cb9-88e2-f6004bdaee4c,Scholarly Scholarships Guide,10/9/2023 8:47,txcd_20030000
ch_3OTr46AKv6LsYLX22LFcBGMh,1/1/2024 19:22,35.2,0,usd,TRUE,35.2,0,usd,,1.32,Paid,Payment complete.,pm_1OTr45AKv6LsYLX21QlXRjFM,cus_PI3Lv4oXxflPhh,in_1OTr4AAKv6LsYLX2342mpRkc,po_1OUJQSAKv6LsYLX24PUCqB0v,dae443ce-10d3-46ac-b093-e1ae0eb26654,4b8c704c-863d-4e25-9bcf-ce9a1b75a391,Admission Success Blueprint,12/27/2023 16:46,txcd_20030000
ch_3OTquQAKv6LsYLX222MLPNfi,1/1/2024 19:12,35.2,0,usd,TRUE,35.2,0,usd,,1.32,Paid,Payment complete.,pm_1OTquPAKv6LsYLX2jo44q82K,cus_PIRmqckcFjN87D,in_1OTquUAKv6LsYLX2r9UJwCj1,po_1OUJQSAKv6LsYLX24PUCqB0v,a0ff2472-fe58-453b-bc70-af15c0192959,fec5f1d1-2101-406f-b730-bc7f739ac62a,SAT & ACT Mastery Program,1/26/2024 2:09,txcd_20030000
ch_3OTqssAKv6LsYLX20LAlTks1,1/1/2024 19:11,12,0,usd,TRUE,12,0,usd,Subscription creation,0.83,Paid,Payment complete.,pm_1OTqsqAKv6LsYLX2qbDcLwM2,cus_P7C91BpCjS1uaD,in_1OTqsrAKv6LsYLX2y3MxzGq5,po_1OUJQSAKv6LsYLX24PUCqB0v,,,,,
ch_3OTqb2AKv6LsYLX22eGPcKnz,1/1/2024 18:52,12,0,usd,TRUE,12,0,usd,Subscription creation,0.83,Paid,Payment complete.,pm_1OTqb0AKv6LsYLX2S7fzV75t,cus_PIPWF9fJ8dnWYa,in_1OTqb1AKv6LsYLX2ZuGp2rt0,po_1OUJQSAKv6LsYLX24PUCqB0v,,,,,
ch_3OTpsdAKv6LsYLX23YW9HypH,1/1/2024 18:06,28.22,0,gbp,TRUE,34.86,0,usd,,1.83,Paid,Payment complete.,pm_1OTpscAKv6LsYLX26jEdsc2U,cus_PIQgisoc4IalhJ,in_1OTpshAKv6LsYLX2lGionrCs,po_1OUJQSAKv6LsYLX24PUCqB0v,a0ff2472-fe58-453b-bc70-af15c0192959,fec5f1d1-2101-406f-b730-bc7f739ac62a,SAT & ACT Mastery Program,1/26/2024 2:09,txcd_20030000
ch_3OTpaSAKv6LsYLX21BZG7aOA,1/1/2024 17:47,12,0,usd,TRUE,12,0,usd,Subscription creation,0.83,Paid,Payment complete.,pm_1OTpaLAKv6LsYLX28TnES2o4,cus_PINeqet30Bctrl,in_1OTpaSAKv6LsYLX2g7no3V2s,po_1OUJQSAKv6LsYLX24PUCqB0v,,,,,
ch_3OTpO1AKv6LsYLX23gxry0UZ,1/1/2024 17:34,35.2,0,usd,TRUE,35.2,0,usd,,1.32,Paid,Payment complete.,pm_1OTpO1AKv6LsYLX2LKl5wWtf,cus_P7KGI9Qoinf1Ls,in_1OTpO9AKv6LsYLX28xrzmXfH,po_1OUJQSAKv6LsYLX24PUCqB0v,a0ff2472-fe58-453b-bc70-af15c0192959,fec5f1d1-2101-406f-b730-bc7f739ac62a,SAT & ACT Mastery Program,1/26/2024 2:09,txcd_20030000
ch_3OTooUAKv6LsYLX22spQ82m6,1/1/2024 16:58,279.2,0,usd,TRUE,279.2,0,usd,,8.4,Paid,Payment complete.,pm_1OTooTAKv6LsYLX2JDuFS3nK,cus_PIPYsdhZRWrk6C,in_1OToopAKv6LsYLX2IMDybbs3,po_1OUJQSAKv6LsYLX24PUCqB0v,f0f7a411-d78f-4c3a-abf2-4cce65097af4,40375dc9-7834-49eb-9103-745a5ef656cd,College Prep Masterclass,3/29/2020 3:57,txcd_20030000
ch_3OToohAKv6LsYLX21hVe1kr2,1/1/2024 16:58,279.2,0,usd,TRUE,279.2,0,usd,,8.4,Paid,Payment complete.,pm_1OToohAKv6LsYLX2DFww1nF4,cus_PHjyD5Q3kbyB4u,in_1OToomAKv6LsYLX25IO8CR3N,po_1OUJQSAKv6LsYLX24PUCqB0v,f0f7a411-d78f-4c3a-abf2-4cce65097af4,40375dc9-7834-49eb-9103-745a5ef656cd,College Prep Masterclass,3/29/2020 3:57,txcd_20030000
ch_3OTogGAKv6LsYLX23EzVlboA,1/1/2024 16:49,48,0,usd,TRUE,44,0,usd,,1.58,Paid,Payment complete.,pm_1ORnCHAKv6LsYLX2v5PeDb8i,cus_PGJfd3HHPNp82X,in_1OTogJAKv6LsYLX2pNadGIwF,po_1OUJQSAKv6LsYLX24PUCqB0v,a0ff2472-fe58-453b-bc70-af15c0192959,fec5f1d1-2101-406f-b730-bc7f739ac62a,SAT & ACT Mastery Program,1/26/2024 2:09,txcd_20030000
ch_3OToBOAKv6LsYLX202YFk7Nj,1/1/2024 16:17,12,0,usd,TRUE,12,0,usd,Subscription creation,0.83,Paid,Payment complete.,pm_1OToBMAKv6LsYLX2eVwVdOfL,cus_PIOwLNuGxQKJHn,in_1OToBOAKv6LsYLX2UmJwScl9,po_1OUJQSAKv6LsYLX24PUCqB0v,,,,,
ch_3OTo49AKv6LsYLX21EDzuOCr,1/1/2024 16:10,223.78,0,gbp,TRUE,276.41,0,usd,,12.46,Paid,Payment complete.,pm_1OTo49AKv6LsYLX29JlQ5QLk,cus_PIOppYSMr3IeiH,in_1OTo4DAKv6LsYLX2QsDUM2so,po_1OUJQSAKv6LsYLX24PUCqB0v,f0f7a411-d78f-4c3a-abf2-4cce65097af4,40375dc9-7834-49eb-9103-745a5ef656cd,College Prep Masterclass,3/29/2020 3:57,txcd_20030000
ch_3OTo3CAKv6LsYLX23jHQkTJV,1/1/2024 16:09,79.2,0,usd,TRUE,79.2,0,usd,,2.6,Paid,Payment complete.,pm_1OTo3CAKv6LsYLX2kcOhpeDo,cus_PIOqoaeXH9D0gg,in_1OTo3GAKv6LsYLX276qdC4pF,po_1OUJQSAKv6LsYLX24PUCqB0v,4b101604-f66f-48a3-bb37-e6cff6a35276,17f137bd-4c6a-4590-9c92-529872986e49,High School to Ivy League Program,3/29/2020 3:57,txcd_20030000
ch_3OTnkmAKv6LsYLX22tpSBdpy,1/1/2024 15:50,35.2,0,usd,TRUE,35.2,0,usd,,1.32,Paid,Payment complete.,pm_1OTnkmAKv6LsYLX2P5S68fnX,cus_PHhvODYQEtC3jj,in_1OTnkpAKv6LsYLX2lRLXGCYp,po_1OUJQSAKv6LsYLX24PUCqB0v,a0ff2472-fe58-453b-bc70-af15c0192959,fec5f1d1-2101-406f-b730-bc7f739ac62a,SAT & ACT Mastery Program,1/26/2024 2:09,txcd_20030000
ch_3OTnhGAKv6LsYLX21uBJRuIo,1/1/2024 15:46,40.67,0,eur,TRUE,43.57,0,usd,,2.22,Paid,Payment complete.,pm_1OTnhFAKv6LsYLX2Zpulghgb,cus_PIOK4001He54cU,in_1OTnhJAKv6LsYLX2W7EKiU2H,po_1OUJQSAKv6LsYLX24PUCqB0v,dae443ce-10d3-46ac-b093-e1ae0eb26654,4b8c704c-863d-4e25-9bcf-ce9a1b75a391,Admission Success Blueprint,12/27/2023 16:46,txcd_20030000
ch_3OTneiAKv6LsYLX22iSaeASo,1/1/2024 15:43,95.54,0,gbp,TRUE,118.01,0,usd,,5.49,Paid,Payment complete.,pm_1OTnehAKv6LsYLX2BsHXM23J,cus_PGrf78ZAJdUbG0,in_1OTnelAKv6LsYLX2VojjQ697,po_1OUJQSAKv6LsYLX24PUCqB0v,2017cf56-7ca0-48a0-8892-05ad50e746ba,f8c6a47c-29ca-4be7-ae51-63c374920e4e,Personalized College Roadmap,12/6/2023 16:16,txcd_20030000
ch_3OTnRPAKv6LsYLX215vGP4nJ,1/1/2024 15:30,35.2,0,usd,TRUE,35.2,0,usd,,1.32,Paid,Payment complete.,pm_1OTnROAKv6LsYLX2TOvVciMo,cus_PAZXTgRfRaSXwW,in_1OTnRSAKv6LsYLX2hvM20jNy,po_1OUJQSAKv6LsYLX24PUCqB0v,a0ff2472-fe58-453b-bc70-af15c0192959,fec5f1d1-2101-406f-b730-bc7f739ac62a,SAT & ACT Mastery Program,1/26/2024 2:09,txcd_20030000
ch_3OTnQuAKv6LsYLX22KYkrMlw,1/1/2024 15:29,35.2,0,usd,TRUE,35.2,0,usd,,1.32,Paid,Payment complete.,pm_1OTnQuAKv6LsYLX2OY1in9Ly,cus_PAZXTgRfRaSXwW,in_1OTnQyAKv6LsYLX2fy7qa68H,po_1OUJQSAKv6LsYLX24PUCqB0v,dae443ce-10d3-46ac-b093-e1ae0eb26654,4b8c704c-863d-4e25-9bcf-ce9a1b75a391,Admission Success Blueprint,12/27/2023 16:46,txcd_20030000
ch_3OTn9RAKv6LsYLX21ojAuO7F,1/1/2024 15:11,19.2,0,usd,TRUE,19.2,0,usd,,0.86,Paid,Payment complete.,pm_1OTn9RAKv6LsYLX2h8QgqOhi,cus_PCpB0JB9tDjdVI,in_1OTn9VAKv6LsYLX25dyDEkFL,po_1OUJQSAKv6LsYLX24PUCqB0v,d7c2e880-2bff-4c5a-897b-9a08f8cddd06,4033cc0f-bce4-4338-b8d6-9a983207c2a1,GPA Boosting Academy,10/9/2021 5:30,txcd_20030000
ch_3OTn8bAKv6LsYLX22wz5ngEN,1/1/2024 15:10,27.2,0,usd,TRUE,27.2,0,usd,,1.09,Paid,Payment complete.,pm_1OTn8aAKv6LsYLX2cHndMHfJ,cus_PCpB0JB9tDjdVI,in_1OTn8fAKv6LsYLX2yXvbuRwZ,po_1OUJQSAKv6LsYLX24PUCqB0v,c5712f31-b51f-4314-8b89-d3fb2af2e0e0,48dc9a13-5f13-4cb9-88e2-f6004bdaee4c,Scholarly Scholarships Guide,10/9/2023 8:47,txcd_20030000
ch_3OTn0wAKv6LsYLX21wGLmYDh,1/1/2024 15:02,35.2,0,usd,TRUE,35.2,0,usd,,1.85,Paid,Payment complete.,pm_1OTn0vAKv6LsYLX22epbUmp4,cus_PINjhFOW1S8H5k,in_1OTn0zAKv6LsYLX2S8cLRLie,po_1OUJQSAKv6LsYLX24PUCqB0v,a0ff2472-fe58-453b-bc70-af15c0192959,fec5f1d1-2101-406f-b730-bc7f739ac62a,SAT & ACT Mastery Program,1/26/2024 2:09,txcd_20030000
ch_3OTmSJAKv6LsYLX23tE5ivfO,1/1/2024 14:27,35.2,0,usd,TRUE,35.2,0,usd,,1.85,Paid,Payment complete.,pm_1OTmSIAKv6LsYLX2rBHy1uzT,cus_PFgLLTN0s8hewK,in_1OTmSMAKv6LsYLX2cBzNd7WT,po_1OUJQSAKv6LsYLX24PUCqB0v,a0ff2472-fe58-453b-bc70-af15c0192959,fec5f1d1-2101-406f-b730-bc7f739ac62a,SAT & ACT Mastery Program,1/26/2024 2:09,txcd_20030000
ch_3OTmQZAKv6LsYLX200eGg1px,1/1/2024 14:25,35.2,0,usd,TRUE,35.2,0,usd,,1.85,Paid,Payment complete.,pm_1OTmQYAKv6LsYLX2T2ydUzo1,cus_PFgLLTN0s8hewK,in_1OTmQcAKv6LsYLX22yyASqkc,po_1OUJQSAKv6LsYLX24PUCqB0v,dae443ce-10d3-46ac-b093-e1ae0eb26654,4b8c704c-863d-4e25-9bcf-ce9a1b75a391,Admission Success Blueprint,12/27/2023 16:46,txcd_20030000
ch_3OTmNZAKv6LsYLX22xZedxXO,1/1/2024 14:22,32.54,0,eur,TRUE,34.86,0,usd,,1.83,Paid,Payment complete.,pm_1OTmNZAKv6LsYLX2hQICQLzO,cus_PIN58qVC7dE54e,in_1OTmNdAKv6LsYLX2oFYLdEYO,po_1OUJQSAKv6LsYLX24PUCqB0v,dae443ce-10d3-46ac-b093-e1ae0eb26654,4b8c704c-863d-4e25-9bcf-ce9a1b75a391,Admission Success Blueprint,12/27/2023 16:46,txcd_20030000
ch_3OTmJUAKv6LsYLX21bTH0CF1,1/1/2024 14:17,32.54,0,eur,TRUE,34.86,0,usd,,1.83,Paid,Payment complete.,pm_1OTmJUAKv6LsYLX2hUdn2cWk,cus_PAsBazqFqQqkhh,in_1OTmJYAKv6LsYLX2NYHj4YMc,po_1OUJQSAKv6LsYLX24PUCqB0v,a0ff2472-fe58-453b-bc70-af15c0192959,fec5f1d1-2101-406f-b730-bc7f739ac62a,SAT & ACT Mastery Program,1/26/2024 2:09,txcd_20030000
ch_3OTm2vAKv6LsYLX20AZJnERr,1/1/2024 14:00,21.81,0,gbp,TRUE,26.94,0,usd,,1.49,Paid,Payment complete.,pm_1OTm2vAKv6LsYLX2tMZfiSRx,cus_PIMk8FazTr2msd,in_1OTm2zAKv6LsYLX2J5s3H0H4,po_1OUJQSAKv6LsYLX24PUCqB0v,c5712f31-b51f-4314-8b89-d3fb2af2e0e0,48dc9a13-5f13-4cb9-88e2-f6004bdaee4c,Scholarly Scholarships Guide,10/9/2023 8:47,txcd_20030000
ch_3OTlthAKv6LsYLX22MdaMaEE,1/1/2024 13:51,27,0,usd,TRUE,15,0,usd,Subscription creation,0.96,Paid,Payment complete.,pm_1OTltgAKv6LsYLX2LDHCtHpW,cus_OrkSqnepcm3MZY,in_1OTlthAKv6LsYLX2l8his6S5,po_1OUJQSAKv6LsYLX24PUCqB0v,,,,,
ch_3OTlfDAKv6LsYLX23iFyqNPh,1/1/2024 13:36,362.04,0,sek,TRUE,34.85,0,usd,,1.83,Paid,Payment complete.,pm_1OTlfCAKv6LsYLX2B1Hrbc3t,cus_PIM6WpUZhedmGC,in_1OTlfHAKv6LsYLX2r1klyYfx,po_1OUJQSAKv6LsYLX24PUCqB0v,dae443ce-10d3-46ac-b093-e1ae0eb26654,4b8c704c-863d-4e25-9bcf-ce9a1b75a391,Admission Success Blueprint,12/27/2023 16:46,txcd_20030000
ch_3OTjzWAKv6LsYLX20fpvVBOu,1/1/2024 11:49,223.79,0,gbp,TRUE,276.41,0,usd,,12.46,Paid,Payment complete.,pm_1OTjzVAKv6LsYLX2sbfKZZlz,cus_OrtrBvKjIpIyeP,in_1OTjzaAKv6LsYLX219TgGJcT,po_1OUJQSAKv6LsYLX24PUCqB0v,f0f7a411-d78f-4c3a-abf2-4cce65097af4,40375dc9-7834-49eb-9103-745a5ef656cd,College Prep Masterclass,3/29/2020 3:57,txcd_20030000
ch_3OTiygAKv6LsYLX21BpyrAOS,1/1/2024 10:44,279.2,0,usd,TRUE,279.2,0,usd,,8.4,Paid,Payment complete.,pm_1OTiyfAKv6LsYLX2YYU2Lr93,cus_PIJYoacMnPxCZk,in_1OTiyjAKv6LsYLX27x0NAg1q,po_1OUJQSAKv6LsYLX24PUCqB0v,f0f7a411-d78f-4c3a-abf2-4cce65097af4,40375dc9-7834-49eb-9103-745a5ef656cd,College Prep Masterclass,3/29/2020 3:57,txcd_20030000
ch_3OThfPAKv6LsYLX23uY5rsHr,1/1/2024 9:20,32.54,0,eur,TRUE,34.85,0,usd,,1.83,Paid,Payment complete.,pm_1OThfPAKv6LsYLX2OiafESqC,cus_PIIEqDRpk7YRUK,in_1OThfUAKv6LsYLX2CRKnBRKm,po_1OUJQSAKv6LsYLX24PUCqB0v,dae443ce-10d3-46ac-b093-e1ae0eb26654,4b8c704c-863d-4e25-9bcf-ce9a1b75a391,Admission Success Blueprint,12/27/2023 16:46,txcd_20030000
ch_3OTZoEAKv6LsYLX22jigT4HP,1/1/2024 0:56,124,0,usd,TRUE,124,0,usd,,5.76,Paid,Payment complete.,pm_1OTZoDAKv6LsYLX2e5OKBS4j,cus_PIA3uRCdXVfJyx,in_1OTZoHAKv6LsYLX20LpVlQHa,po_1OUJQSAKv6LsYLX24PUCqB0v,0d86b3c9-fdb5-418a-83b9-cb45457a47d0,b7f7421a-3caf-4185-84f9-e254a4365528,College Admission Strategy Workshop,12/27/2023 16:46,txcd_20030000
ch_3OTWdtAKv6LsYLX21hcuPrGi,12/31/2023 21:33,14,0,usd,TRUE,10,0,usd,Subscription update,0.59,Paid,Payment complete.,pm_1O7OgyAKv6LsYLX2ckoFHoEu,cus_OvELuidhSj73IW,in_1OTVhZAKv6LsYLX2Fhj6IH5t,po_1OUJQSAKv6LsYLX24PUCqB0v,,,,,
ch_3OTVDZAKv6LsYLX22A7Y5fwz,12/31/2023 20:02,48,0,usd,TRUE,44,0,usd,,1.58,Paid,Payment complete.,pm_1OTVDYAKv6LsYLX2OjMF899a,cus_PI5LnZ89KmVh1o,in_1OTVDdAKv6LsYLX2knVDGnyO,po_1OUJQSAKv6LsYLX24PUCqB0v,d8b64e76-c7a9-4c9d-b904-49d81557c23a,8c46a7cc-09e5-40d8-9584-33c0184298c6,College Essay Coaching,10/9/2023 8:57,txcd_20030000
ch_3OTUIMAKv6LsYLX203rV2rRP,12/31/2023 19:03,50.94,0,aud,TRUE,33.66,0,usd,,1.78,Paid,Payment complete.,pm_1OTUILAKv6LsYLX2YQAWD898,cus_PEwjjumfda9Qm1,in_1OTUIQAKv6LsYLX2818ZvpQz,po_1OUJQSAKv6LsYLX24PUCqB0v,c5712f31-b51f-4314-8b89-d3fb2af2e0e0,48dc9a13-5f13-4cb9-88e2-f6004bdaee4c,Scholarly Scholarships Guide,10/9/2023 8:47,txcd_20030000
ch_3OTQrEAKv6LsYLX23l5pLXaM,12/31/2023 15:23,124,0,usd,TRUE,124,0,usd,,3.9,Paid,Payment complete.,pm_1OTQrDAKv6LsYLX2k4HxcovM,cus_PI0bnBt07tcpT8,in_1OTQrHAKv6LsYLX2py39FQS5,po_1OUJQSAKv6LsYLX24PUCqB0v,0d86b3c9-fdb5-418a-83b9-cb45457a47d0,b7f7421a-3caf-4185-84f9-e254a4365528,College Admission Strategy Workshop,12/27/2023 16:46,txcd_20030000
ch_3OTQdSAKv6LsYLX20B1ZJzNl,12/31/2023 15:09,27,0,usd,TRUE,15,0,usd,Subscription creation,0.74,Paid,Payment complete.,pm_1OTQdQAKv6LsYLX2RS4ImKu1,cus_PI0bnBt07tcpT8,in_1OTQdRAKv6LsYLX2XWLHaOu3,po_1OUJQSAKv6LsYLX24PUCqB0v,,,,,
ch_3OTLhkAKv6LsYLX21RR8kgVi,12/31/2023 9:53,124,0,usd,TRUE,124,0,usd,,5.76,Paid,Payment complete.,pm_1OTLhkAKv6LsYLX21VVmk2gf,cus_PHvR7tgtjjvyMr,in_1OTLhnAKv6LsYLX2ni2sgbi7,po_1OUJQSAKv6LsYLX24PUCqB0v,0d86b3c9-fdb5-418a-83b9-cb45457a47d0,b7f7421a-3caf-4185-84f9-e254a4365528,College Admission Strategy Workshop,12/27/2023 16:46,txcd_20030000
ch_3OTE6BAKv6LsYLX22wtt7AH5,12/31/2023 1:45,99.38,0,gbp,TRUE,122.76,0,usd,,5.7,Paid,Payment complete.,pm_1OTE6BAKv6LsYLX27Y0BD3Q5,cus_PHndXK5beUWkP2,in_1OTE6EAKv6LsYLX2zNwXgfIr,po_1OUJQSAKv6LsYLX24PUCqB0v,0d86b3c9-fdb5-418a-83b9-cb45457a47d0,b7f7421a-3caf-4185-84f9-e254a4365528,College Admission Strategy Workshop,12/27/2023 16:46,txcd_20030000
ch_3OTCrbAKv6LsYLX22ZhbJtfh,12/31/2023 0:26,48,0,usd,TRUE,44,0,usd,,2.24,Paid,Payment complete.,pm_1OTCrbAKv6LsYLX2LKT7XTSZ,cus_PHhOKdbngglIdR,in_1OTCreAKv6LsYLX26MiGMfAN,po_1OUJQSAKv6LsYLX24PUCqB0v,dae443ce-10d3-46ac-b093-e1ae0eb26654,4b8c704c-863d-4e25-9bcf-ce9a1b75a391,Admission Success Blueprint,12/27/2023 16:46,txcd_20030000
ch_3OTBTsAKv6LsYLX21khF5JHT,12/30/2023 22:58,14,0,usd,TRUE,10,0,usd,Subscription update,0.59,Paid,Payment complete.,pm_1O73SQAKv6LsYLX24qWCCf5u,cus_OutEiYt6CobsiB,in_1OTAX9AKv6LsYLX2HHELGZhu,po_1OUJQSAKv6LsYLX24PUCqB0v,,,,,
ch_3OT8WcAKv6LsYLX22PEMrBD9,12/30/2023 19:48,124,0,usd,TRUE,124,0,usd,,3.9,Paid,Payment complete.,pm_1OT8WcAKv6LsYLX2O9SDE0U0,cus_PHhvODYQEtC3jj,in_1OT8WfAKv6LsYLX2eAruo7wJ,po_1OUJQSAKv6LsYLX24PUCqB0v,0d86b3c9-fdb5-418a-83b9-cb45457a47d0,b7f7421a-3caf-4185-84f9-e254a4365528,College Admission Strategy Workshop,12/27/2023 16:46,txcd_20030000
ch_3OT4u5AKv6LsYLX23gRyD7IL,12/30/2023 16:31,48,0,usd,TRUE,44,0,usd,,1.58,Paid,Payment complete.,pm_1OT5RTAKv6LsYLX2rmtyqOQp,cus_PHdeHcGCLuGx7w,in_1OT5RYAKv6LsYLX2ehsVikCv,po_1OUJQSAKv6LsYLX24PUCqB0v,d8b64e76-c7a9-4c9d-b904-49d81557c23a,8c46a7cc-09e5-40d8-9584-33c0184298c6,College Essay Coaching,10/9/2023 8:57,txcd_20030000
ch_3OT3pcAKv6LsYLX22HjhXHgM,12/30/2023 14:48,27,0,usd,TRUE,15,0,usd,Subscription creation,0.96,Paid,Payment complete.,pm_1OT3pbAKv6LsYLX28FL37fgL,cus_PHd4D4XeOHPO48,in_1OT3pcAKv6LsYLX2chmyZ4rh,po_1OUJQSAKv6LsYLX24PUCqB0v,,,,,
ch_3OSvUeAKv6LsYLX239no4zGK,12/30/2023 5:53,124,0,usd,TRUE,124,0,usd,,5.76,Paid,Payment complete.,pm_1OSvUeAKv6LsYLX2PaYM4uTc,cus_P6oCoK1cZJH1OK,in_1OSvUhAKv6LsYLX2sOj3xmcP,po_1OUJQSAKv6LsYLX24PUCqB0v,0d86b3c9-fdb5-418a-83b9-cb45457a47d0,b7f7421a-3caf-4185-84f9-e254a4365528,College Admission Strategy Workshop,12/27/2023 16:46,txcd_20030000
ch_3OSssWAKv6LsYLX23NDgax51,12/30/2023 3:06,48,0,usd,TRUE,44,0,usd,,2.24,Paid,Payment complete.,pm_1OSssVAKv6LsYLX2HFTeOnum,cus_PHRl6ZxDcyoPLm,in_1OSssZAKv6LsYLX2qgYD4ica,po_1OUJQSAKv6LsYLX24PUCqB0v,dae443ce-10d3-46ac-b093-e1ae0eb26654,4b8c704c-863d-4e25-9bcf-ce9a1b75a391,Admission Success Blueprint,12/27/2023 16:46,txcd_20030000
ch_3OSsSOAKv6LsYLX23gUbIEQm,12/30/2023 2:39,114.6,0,eur,TRUE,122.77,0,usd,,5.7,Paid,Payment complete.,pm_1OSsSOAKv6LsYLX2wZ6R7Nn1,cus_PHRJEkwDa6kQ5s,in_1OSsSRAKv6LsYLX20mTBGzVi,po_1OUJQSAKv6LsYLX24PUCqB0v,0d86b3c9-fdb5-418a-83b9-cb45457a47d0,b7f7421a-3caf-4185-84f9-e254a4365528,College Admission Strategy Workshop,12/27/2023 16:46,txcd_20030000
ch_3OSq86AKv6LsYLX23nUQOzcl,12/30/2023 0:10,48,0,usd,TRUE,44,0,usd,,1.58,Paid,Payment complete.,pm_1OSq86AKv6LsYLX2PiaPEzbv,cus_PBTJJcldeHu4It,in_1OSq89AKv6LsYLX2wfsQ45BR,po_1OUJQSAKv6LsYLX24PUCqB0v,7a56d0f1-a2e5-4e2e-b26c-948a9ad21cb2,c985f100-5645-48e3-8e3d-ceffbcc37a3d,College Application Bootcamp,12/27/2023 16:46,txcd_20030000
ch_3OSp4YAKv6LsYLX21FgQGrMp,12/29/2023 23:02,35.2,0,usd,TRUE,35.2,0,usd,,1.85,Paid,Payment complete.,pm_1OSp4XAKv6LsYLX2d3kWbvFi,cus_PHJR75na0Q3AWV,in_1OSp4kAKv6LsYLX258Vz52d2,po_1OTxCNAKv6LsYLX2EOmUVLz7,7a56d0f1-a2e5-4e2e-b26c-948a9ad21cb2,c985f100-5645-48e3-8e3d-ceffbcc37a3d,College Application Bootcamp,12/27/2023 16:46,txcd_20030000
ch_3OSp3OAKv6LsYLX21G5mBOYw,12/29/2023 23:01,35.2,0,usd,TRUE,35.2,0,usd,,1.85,Paid,Payment complete.,pm_1OSp3NAKv6LsYLX2u4v5JMZz,cus_PHJR75na0Q3AWV,in_1OSp3UAKv6LsYLX2jgIQUJz2,po_1OTxCNAKv6LsYLX2EOmUVLz7,d8b64e76-c7a9-4c9d-b904-49d81557c23a,8c46a7cc-09e5-40d8-9584-33c0184298c6,College Essay Coaching,10/9/2023 8:57,txcd_20030000
ch_3OSm3xAKv6LsYLX23esmS4T9,12/29/2023 19:49,27,0,usd,TRUE,15,0,usd,Subscription creation,0.74,Paid,Payment complete.,pm_1OSm3vAKv6LsYLX2Uzj5tiY4,cus_PHKgA54Icu1WlL,in_1OSm3xAKv6LsYLX2Yo0AaqBT,po_1OTxCNAKv6LsYLX2EOmUVLz7,,,,,
ch_3OSlCiAKv6LsYLX23FWAyS4t,12/29/2023 18:54,369,0,usd,TRUE,349,0,usd,,10.42,Paid,Payment complete.,pm_1OSlCiAKv6LsYLX29ZwnmsLU,cus_PHJpuamBmJQCHJ,in_1OSlClAKv6LsYLX2QIXGbwZE,po_1OTxCNAKv6LsYLX2EOmUVLz7,f0f7a411-d78f-4c3a-abf2-4cce65097af4,40375dc9-7834-49eb-9103-745a5ef656cd,College Prep Masterclass,3/29/2020 3:57,txcd_20030000
ch_3OSitbAKv6LsYLX22Dl0N8ZC,12/29/2023 16:26,48,0,usd,TRUE,44,0,usd,,1.58,Paid,Payment complete.,pm_1OSitbAKv6LsYLX29FPWVo2z,cus_PHHQuCwwO6IF2C,in_1OSiteAKv6LsYLX2Jow3xuyr,po_1OTxCNAKv6LsYLX2EOmUVLz7,dae443ce-10d3-46ac-b093-e1ae0eb26654,4b8c704c-863d-4e25-9bcf-ce9a1b75a391,Admission Success Blueprint,12/27/2023 16:46,txcd_20030000
ch_3OSh1mAKv6LsYLX21qJAP7Xx,12/29/2023 14:27,48,0,usd,TRUE,44,0,usd,,1.58,Paid,Payment complete.,pm_1OSh0wAKv6LsYLX2QhqC7VCv,cus_PHFVC61tRuQe6U,in_1OSh1pAKv6LsYLX2d2G6RnBQ,po_1OTxCNAKv6LsYLX2EOmUVLz7,7a56d0f1-a2e5-4e2e-b26c-948a9ad21cb2,c985f100-5645-48e3-8e3d-ceffbcc37a3d,College Application Bootcamp,12/27/2023 16:46,txcd_20030000
ch_3OSh0yAKv6LsYLX22sHQJWEf,12/29/2023 14:26,27,0,usd,TRUE,15,0,usd,Subscription creation,0.74,Paid,Payment complete.,pm_1OSh0wAKv6LsYLX2QhqC7VCv,cus_PHFVC61tRuQe6U,in_1OSh0xAKv6LsYLX2gxx7qy0I,po_1OTxCNAKv6LsYLX2EOmUVLz7,,,,,
ch_3OSgyKAKv6LsYLX21nmfLzxM,12/29/2023 14:23,369,0,usd,TRUE,349,0,usd,,10.42,Paid,Payment complete.,pm_1OSgyJAKv6LsYLX2sqzV7IpE,cus_PHFQ4tuYxl46Ea,in_1OSgyNAKv6LsYLX2w6f2qOP5,po_1OTxCNAKv6LsYLX2EOmUVLz7,f0f7a411-d78f-4c3a-abf2-4cce65097af4,40375dc9-7834-49eb-9103-745a5ef656cd,College Prep Masterclass,3/29/2020 3:57,txcd_20030000
ch_3OSWlNAKv6LsYLX2298qIHdO,12/29/2023 3:30,369,0,usd,TRUE,349,0,usd,,10.42,Paid,Payment complete.,pm_1OSWm1AKv6LsYLX2TesAQltI,cus_PH4tfAVcq0ScXH,in_1OSWm4AKv6LsYLX2wzAb2PAw,po_1OTxCNAKv6LsYLX2EOmUVLz7,f0f7a411-d78f-4c3a-abf2-4cce65097af4,40375dc9-7834-49eb-9103-745a5ef656cd,College Prep Masterclass,3/29/2020 3:57,txcd_20030000
ch_3OSVaKAKv6LsYLX22Bp0H4co,12/29/2023 2:14,48,0,usd,TRUE,44,0,usd,,1.58,Paid,Payment complete.,pm_1OSVaKAKv6LsYLX2eLBaMsrB,cus_OtINmququxkSNg,in_1OSVaNAKv6LsYLX27iygWGon,po_1OTxCNAKv6LsYLX2EOmUVLz7,7a56d0f1-a2e5-4e2e-b26c-948a9ad21cb2,c985f100-5645-48e3-8e3d-ceffbcc37a3d,College Application Bootcamp,12/27/2023 16:46,txcd_20030000
ch_3OSVDXAKv6LsYLX21opHhvK9,12/29/2023 1:50,48,0,usd,TRUE,44,0,usd,,1.58,Paid,Payment complete.,pm_1OSVDXAKv6LsYLX2Kxltn0oE,cus_PH3Hj4NYT7AKAd,in_1OSVDaAKv6LsYLX28R4CJMrg,po_1OTxCNAKv6LsYLX2EOmUVLz7,dae443ce-10d3-46ac-b093-e1ae0eb26654,4b8c704c-863d-4e25-9bcf-ce9a1b75a391,Admission Success Blueprint,12/27/2023 16:46,txcd_20030000
ch_3OSUfuAKv6LsYLX22VgoCKFT,12/29/2023 1:15,124,0,usd,TRUE,124,0,usd,,3.9,Paid,Payment complete.,pm_1OSUfuAKv6LsYLX26stmkCsv,cus_PH2fDDzcy0PdRN,in_1OSUfyAKv6LsYLX2l8qscdPT,po_1OTxCNAKv6LsYLX2EOmUVLz7,0d86b3c9-fdb5-418a-83b9-cb45457a47d0,b7f7421a-3caf-4185-84f9-e254a4365528,College Admission Strategy Workshop,12/27/2023 16:46,txcd_20030000
ch_3OSUYyAKv6LsYLX23dJNGmXf,12/29/2023 1:08,27,0,usd,TRUE,15,0,usd,Subscription creation,0.74,Paid,Payment complete.,pm_1OSUYxAKv6LsYLX2CbN5G3wX,cus_PH2dxXnitzLc5j,in_1OSUYyAKv6LsYLX2a7IjzgP3,po_1OTxCNAKv6LsYLX2EOmUVLz7,,,,,
ch_3OSSueAKv6LsYLX21xqj8Mix,12/28/2023 23:22,369,0,usd,TRUE,349,0,usd,,10.42,Paid,Payment complete.,pm_1OSSudAKv6LsYLX22e2XuZBX,cus_PH0t07q70d4erD,in_1OSSuhAKv6LsYLX20WJAwqB3,po_1OTaHjAKv6LsYLX2N1SojnJW,f0f7a411-d78f-4c3a-abf2-4cce65097af4,40375dc9-7834-49eb-9103-745a5ef656cd,College Prep Masterclass,3/29/2020 3:57,txcd_20030000
ch_3OSSpQAKv6LsYLX21JjkqZqi,12/28/2023 23:17,27,0,usd,TRUE,15,0,usd,Subscription creation,0.96,Paid,Payment complete.,pm_1OSSpPAKv6LsYLX24S0WfmXf,cus_PGiDqUSkeghFZQ,in_1OSSpQAKv6LsYLX2SYAyNP8L,po_1OTaHjAKv6LsYLX2N1SojnJW,,,,,
ch_3OSS59AKv6LsYLX23gDzGJqP,12/28/2023 22:29,35.11,0,gbp,TRUE,43.57,0,usd,,2.22,Paid,Payment complete.,pm_1OSS59AKv6LsYLX21Q3N0wP2,cus_PH03xnzfushdM8,in_1OSS5DAKv6LsYLX2CNo39soy,po_1OTaHjAKv6LsYLX2N1SojnJW,dae443ce-10d3-46ac-b093-e1ae0eb26654,4b8c704c-863d-4e25-9bcf-ce9a1b75a391,Admission Success Blueprint,12/27/2023 16:46,txcd_20030000
ch_3OSRCHAKv6LsYLX20ELaLeSx,12/28/2023 21:32,48,0,usd,TRUE,44,0,usd,,1.58,Paid,Payment complete.,pm_1OSRCGAKv6LsYLX2kkWLEPdR,cus_PGa6GCutITAvwY,in_1OSRCKAKv6LsYLX2QVNnslzR,po_1OTaHjAKv6LsYLX2N1SojnJW,dae443ce-10d3-46ac-b093-e1ae0eb26654,4b8c704c-863d-4e25-9bcf-ce9a1b75a391,Admission Success Blueprint,12/27/2023 16:46,txcd_20030000
ch_3OSQ8fAKv6LsYLX20byal4Xx,12/28/2023 20:25,27,0,usd,TRUE,15,0,usd,Subscription creation,0.74,Paid,Payment complete.,pm_1OSQ8dAKv6LsYLX27OrfacUg,cus_PGy3Zc1usXmf7f,in_1OSQ8eAKv6LsYLX2WZD4MAu2,po_1OTaHjAKv6LsYLX2N1SojnJW,,,,,
ch_3OSPfqAKv6LsYLX23FZAxQnp,12/28/2023 19:55,48,0,usd,TRUE,44,0,usd,,2.24,Paid,Payment complete.,pm_1OSPfpAKv6LsYLX2hlax1Sa6,cus_PAXVpz8cDnyi0Q,in_1OSPftAKv6LsYLX2HMi5tSbY,po_1OTaHjAKv6LsYLX2N1SojnJW,dae443ce-10d3-46ac-b093-e1ae0eb26654,4b8c704c-863d-4e25-9bcf-ce9a1b75a391,Admission Success Blueprint,12/27/2023 16:46,txcd_20030000
ch_3OSPJkAKv6LsYLX2107GK8h1,12/28/2023 19:32,48,0,usd,TRUE,44,0,usd,,2.24,Paid,Payment complete.,pm_1OSPJjAKv6LsYLX27ZTBzZi6,cus_PGgnV66XMabzDB,in_1OSPJnAKv6LsYLX2rSXVjneU,po_1OTaHjAKv6LsYLX2N1SojnJW,d8b64e76-c7a9-4c9d-b904-49d81557c23a,8c46a7cc-09e5-40d8-9584-33c0184298c6,College Essay Coaching,10/9/2023 8:57,txcd_20030000
ch_3OSOehAKv6LsYLX21myEhUqF,12/28/2023 18:50,95.45,0,pln,TRUE,23.76,0,usd,,1.35,Paid,Payment complete.,pm_1OSOegAKv6LsYLX2FKXiuTUS,cus_PFgLLTN0s8hewK,in_1OSOejAKv6LsYLX2jbhhyZlK,po_1OTaHjAKv6LsYLX2N1SojnJW,d7c2e880-2bff-4c5a-897b-9a08f8cddd06,4033cc0f-bce4-4338-b8d6-9a983207c2a1,GPA Boosting Academy,10/9/2021 5:30,txcd_20030000
ch_3OSOSkAKv6LsYLX23eDUMLS3,12/28/2023 18:46,124,0,usd,TRUE,124,0,usd,,5.76,Paid,Payment complete.,pm_1OSOZiAKv6LsYLX2xDWv49Bx,cus_PGwKxLUfQvNOPr,in_1OSOawAKv6LsYLX2x97NNC4t,po_1OTaHjAKv6LsYLX2N1SojnJW,0d86b3c9-fdb5-418a-83b9-cb45457a47d0,b7f7421a-3caf-4185-84f9-e254a4365528,College Admission Strategy Workshop,12/27/2023 16:46,txcd_20030000
ch_3OSMgZAKv6LsYLX221zObde6,12/28/2023 16:43,758.36,0,mxn,TRUE,43.56,0,usd,,2.22,Paid,Payment complete.,pm_1OSMgZAKv6LsYLX22APvHgTw,cus_PGuCPZZ13tVZzS,in_1OSMgcAKv6LsYLX2jtIuUocn,po_1OTaHjAKv6LsYLX2N1SojnJW,dae443ce-10d3-46ac-b093-e1ae0eb26654,4b8c704c-863d-4e25-9bcf-ce9a1b75a391,Admission Success Blueprint,12/27/2023 16:46,txcd_20030000
ch_3OSIlhAKv6LsYLX21LhdJKKS,12/28/2023 12:32,40.39,0,eur,TRUE,43.57,0,usd,,2.22,Paid,Payment complete.,pm_1OSIlhAKv6LsYLX2gKhVW2RF,cus_PGqMN3vSOHvjVT,in_1OSIlkAKv6LsYLX2IImjNSKN,po_1OTaHjAKv6LsYLX2N1SojnJW,dae443ce-10d3-46ac-b093-e1ae0eb26654,4b8c704c-863d-4e25-9bcf-ce9a1b75a391,Admission Success Blueprint,12/27/2023 16:46,txcd_20030000
ch_3OSBaiAKv6LsYLX22HdILziR,12/28/2023 4:53,167.1,0,cad,TRUE,122.76,0,usd,,5.7,Paid,Payment complete.,pm_1OSBahAKv6LsYLX2xmbUUxuJ,cus_PGiig3ZzWdKyvx,in_1OSBalAKv6LsYLX22wSegHS7,po_1OTaHjAKv6LsYLX2N1SojnJW,0d86b3c9-fdb5-418a-83b9-cb45457a47d0,b7f7421a-3caf-4185-84f9-e254a4365528,College Admission Strategy Workshop,12/27/2023 16:46,txcd_20030000
ch_3OSAKrAKv6LsYLX20qpyCr5P,12/28/2023 3:32,124,0,usd,TRUE,124,0,usd,,3.9,Paid,Payment complete.,pm_1OSAKqAKv6LsYLX2T5BNz527,cus_PGhiKJir8ccZ8E,in_1OSAKvAKv6LsYLX2ynIHaSme,po_1OTaHjAKv6LsYLX2N1SojnJW,0d86b3c9-fdb5-418a-83b9-cb45457a47d0,b7f7421a-3caf-4185-84f9-e254a4365528,College Admission Strategy Workshop,12/27/2023 16:46,txcd_20030000
ch_3OS84mAKv6LsYLX23uH64OTF,12/28/2023 1:07,14,0,usd,TRUE,10,0,usd,Subscription update,0.59,Paid,Payment complete.,pm_1O5zwvAKv6LsYLX2x1184YSK,cus_OoZYpheNvH1u6o,in_1OS78KAKv6LsYLX2sG90skAo,po_1OTaHjAKv6LsYLX2N1SojnJW,,,,,
ch_3OS6IDAKv6LsYLX214irwgZt,12/27/2023 23:13,124,0,usd,TRUE,124,0,usd,,3.9,Paid,Payment complete.,pm_1OS6ICAKv6LsYLX2DX5RI1V4,cus_PGdYNuGGVKvMj4,in_1OS6IGAKv6LsYLX2DiE6MCIY,po_1OS8r9AKv6LsYLX2MBfQvdjs,0d86b3c9-fdb5-418a-83b9-cb45457a47d0,b7f7421a-3caf-4185-84f9-e254a4365528,College Admission Strategy Workshop,12/27/2023 16:46,txcd_20030000
ch_3OS3lBAKv6LsYLX22400u0ht,12/27/2023 20:31,27,0,usd,TRUE,15,0,usd,Subscription creation,0.74,Paid,Payment complete.,pm_1OS3l9AKv6LsYLX2xhrPBGEN,cus_PGavSOMCuFcMr3,in_1OS3lAAKv6LsYLX2cgrUmEUo,po_1OS8r9AKv6LsYLX2MBfQvdjs,,,,,
ch_3OS3AoAKv6LsYLX23Ls9rFmW,12/27/2023 19:53,48,0,usd,TRUE,44,0,usd,,1.58,Paid,Payment complete.,pm_1OS3AoAKv6LsYLX2RS6jJlQD,cus_PGaKnUWn7WeFLI,in_1OS3ArAKv6LsYLX2SxKtHSjS,po_1OS8r9AKv6LsYLX2MBfQvdjs,d8b64e76-c7a9-4c9d-b904-49d81557c23a,8c46a7cc-09e5-40d8-9584-33c0184298c6,College Essay Coaching,10/9/2023 8:57,txcd_20030000
ch_3OS31IAKv6LsYLX2101A0gmh,12/27/2023 19:44,48,0,usd,TRUE,44,0,usd,,1.58,Paid,Payment complete.,pm_1OS31HAKv6LsYLX2uOi6565A,cus_PGa6GCutITAvwY,in_1OS31KAKv6LsYLX2lEA5upiH,po_1OS8r9AKv6LsYLX2MBfQvdjs,7a56d0f1-a2e5-4e2e-b26c-948a9ad21cb2,c985f100-5645-48e3-8e3d-ceffbcc37a3d,College Application Bootcamp,12/27/2023 16:46,txcd_20030000
ch_3OS2yxAKv6LsYLX23IbsCuw0,12/27/2023 19:41,167.01,0,cad,TRUE,122.76,0,usd,,5.7,Paid,Payment complete.,pm_1OS2ywAKv6LsYLX2YXxWOTJl,cus_PGOnaHAopLaroO,in_1OS2z3AKv6LsYLX2LQFyILIz,po_1OS8r9AKv6LsYLX2MBfQvdjs,0d86b3c9-fdb5-418a-83b9-cb45457a47d0,b7f7421a-3caf-4185-84f9-e254a4365528,College Admission Strategy Workshop,12/27/2023 16:46,txcd_20030000
ch_3OS1txAKv6LsYLX2353lG4S9,12/27/2023 18:32,369,0,usd,TRUE,349,0,usd,,10.42,Paid,Payment complete.,pm_1OS1twAKv6LsYLX2ISqmBOdr,cus_OsEfwlmyVUGyZO,in_1OS1uFAKv6LsYLX21Mgwt0Jw,po_1OS8r9AKv6LsYLX2MBfQvdjs,f0f7a411-d78f-4c3a-abf2-4cce65097af4,40375dc9-7834-49eb-9103-745a5ef656cd,College Prep Masterclass,3/29/2020 3:57,txcd_20030000
ch_3OS1dDAKv6LsYLX21XWXQeQY,12/27/2023 18:15,124,0,usd,TRUE,124,0,usd,,3.9,Paid,Payment complete.,pm_1ORkkOAKv6LsYLX20bJGvMTJ,cus_PGHIwOczoFgEnS,in_1OS1dIAKv6LsYLX29ECkeDiW,po_1OS8r9AKv6LsYLX2MBfQvdjs,0d86b3c9-fdb5-418a-83b9-cb45457a47d0,b7f7421a-3caf-4185-84f9-e254a4365528,College Admission Strategy Workshop,12/27/2023 16:46,txcd_20030000
ch_3OS08uAKv6LsYLX21eLAKZ3D,12/27/2023 16:39,48,0,usd,TRUE,44,0,usd,,1.58,Paid,Payment complete.,pm_1OS08uAKv6LsYLX2UjBVRuyJ,cus_PGXBByycp8WMoH,in_1OS08xAKv6LsYLX2mWBhml2V,po_1OS8r9AKv6LsYLX2MBfQvdjs,dae443ce-10d3-46ac-b093-e1ae0eb26654,4b8c704c-863d-4e25-9bcf-ce9a1b75a391,Admission Success Blueprint,12/27/2023 16:46,txcd_20030000
ch_3ORzNdAKv6LsYLX22zkQIHkg,12/27/2023 15:50,48,0,usd,TRUE,44,0,usd,,1.58,Paid,Payment complete.,pm_1ORzNdAKv6LsYLX2wO9iG7NR,cus_PAysS2GbSXhjz7,in_1ORzNlAKv6LsYLX2jNlwPnWe,po_1OS8r9AKv6LsYLX2MBfQvdjs,d8b64e76-c7a9-4c9d-b904-49d81557c23a,8c46a7cc-09e5-40d8-9584-33c0184298c6,College Essay Coaching,10/9/2023 8:57,txcd_20030000
ch_3ORwh5AKv6LsYLX21lzJspqV,12/27/2023 12:58,35.26,0,gbp,TRUE,43.56,0,usd,,2.22,Paid,Payment complete.,pm_1ORwh4AKv6LsYLX24LOKLDmO,cus_PGTawFByc4m1xh,in_1ORwh8AKv6LsYLX2oxr0ifCl,po_1OS8r9AKv6LsYLX2MBfQvdjs,7a56d0f1-a2e5-4e2e-b26c-948a9ad21cb2,c985f100-5645-48e3-8e3d-ceffbcc37a3d,College Application Bootcamp,12/27/2023 16:46,txcd_20030000
ch_3ORwNMAKv6LsYLX22Hte6hNW,12/27/2023 12:38,48,0,usd,TRUE,44,0,usd,,2.24,Paid,Payment complete.,pm_1ORwNMAKv6LsYLX2LyciqjVC,cus_PGTHH7cEmEyxsB,in_1ORwNPAKv6LsYLX2dL6OzzpB,po_1OS8r9AKv6LsYLX2MBfQvdjs,d8b64e76-c7a9-4c9d-b904-49d81557c23a,8c46a7cc-09e5-40d8-9584-33c0184298c6,College Essay Coaching,10/9/2023 8:57,txcd_20030000
ch_3ORvTlAKv6LsYLX221ittspt,12/27/2023 11:40,40.67,0,eur,TRUE,43.57,0,usd,,2.22,Paid,Payment complete.,pm_1ORvTkAKv6LsYLX2gLIFFvBx,cus_P3NbPRfjiKJYJA,in_1ORvTpAKv6LsYLX2JdvAsOy3,po_1OS8r9AKv6LsYLX2MBfQvdjs,d8b64e76-c7a9-4c9d-b904-49d81557c23a,8c46a7cc-09e5-40d8-9584-33c0184298c6,College Essay Coaching,10/9/2023 8:57,txcd_20030000
ch_3ORuEQAKv6LsYLX2337xikPV,12/27/2023 10:20,65.8,0,aud,TRUE,43.56,0,usd,,2.22,Paid,Payment complete.,pm_1ORuEQAKv6LsYLX2LBRz1M8f,cus_PGR290E1rqmA57,in_1ORuETAKv6LsYLX2w2y1yDJW,po_1OS8r9AKv6LsYLX2MBfQvdjs,dae443ce-10d3-46ac-b093-e1ae0eb26654,4b8c704c-863d-4e25-9bcf-ce9a1b75a391,Admission Success Blueprint,12/27/2023 16:46,txcd_20030000
ch_3ORsQuAKv6LsYLX20Khl10VV,12/27/2023 8:25,27,0,usd,TRUE,15,0,usd,Subscription creation,0.96,Paid,Payment complete.,pm_1ORsQsAKv6LsYLX2ZyrExK4X,cus_PGPFkSoHX44zw9,in_1ORsQtAKv6LsYLX25glW5WSQ,po_1OS8r9AKv6LsYLX2MBfQvdjs,,,,,
ch_3ORq0HAKv6LsYLX23xSf1uBC,12/27/2023 5:50,27,0,usd,TRUE,15,0,usd,Subscription creation,0.96,Paid,Payment complete.,pm_1ORq0FAKv6LsYLX2c9Q2aUQY,cus_PFgxBA1FkdsZVn,in_1ORq0GAKv6LsYLX2xQtPA8FE,po_1OS8r9AKv6LsYLX2MBfQvdjs,,,,,
ch_3ONiOQAKv6LsYLX200qRQWss,12/15/2023 20:53,279.2,0,usd,TRUE,279.2,0,usd,,8.4,Paid,Payment complete.,pm_1ONiOQAKv6LsYLX29b6Cj9ff,cus_PC6U9hqQB3s5Hy,in_1ONiOUAKv6LsYLX2bTp8nzYm,po_1OOVmSAKv6LsYLX2v3SNKtoy,f0f7a411-d78f-4c3a-abf2-4cce65097af4,40375dc9-7834-49eb-9103-745a5ef656cd,College Prep Masterclass,3/29/2020 3:57,txcd_20030000
ch_3ONi4KAKv6LsYLX23yfoj7jy,12/15/2023 20:33,99.2,0,usd,TRUE,99.2,0,usd,,4.66,Paid,Payment complete.,pm_1ONi4KAKv6LsYLX2kawimq7G,cus_P674VOBAtF4qcO,in_1ONi4QAKv6LsYLX2CLsR6Pl7,po_1OOVmSAKv6LsYLX2v3SNKtoy,0d86b3c9-fdb5-418a-83b9-cb45457a47d0,b7f7421a-3caf-4185-84f9-e254a4365528,College Admission Strategy Workshop,12/27/2023 16:46,txcd_20030000
ch_3OMcUfAKv6LsYLX224zMR8ZG,12/15/2023 20:24,14,0,usd,TRUE,10,0,usd,Subscription update,0.59,Paid,Payment complete.,pm_1O0USNAKv6LsYLX2QVd1yyCe,cus_Oo6eFkVVkzUBtF,in_1OMbYHAKv6LsYLX2dYEyi5Zf,po_1OOVmSAKv6LsYLX2v3SNKtoy,,,,,
ch_3ONhRpAKv6LsYLX20HSTnLZq,12/15/2023 19:53,369,0,usd,TRUE,349,0,usd,,10.42,Paid,Payment complete.,pm_1ONhRpAKv6LsYLX2ElSNBx59,cus_PC5XqpFDUgv3WN,in_1ONhRtAKv6LsYLX2jzEDcyBu,po_1OOVmSAKv6LsYLX2v3SNKtoy,f0f7a411-d78f-4c3a-abf2-4cce65097af4,40375dc9-7834-49eb-9103-745a5ef656cd,College Prep Masterclass,3/29/2020 3:57,txcd_20030000
ch_3ONg58AKv6LsYLX23U7zra8i,12/15/2023 18:25,279.2,0,usd,TRUE,279.2,0,usd,,8.4,Paid,Payment complete.,pm_1ONg58AKv6LsYLX2GyXYosv3,cus_PBfn9gdfpvyR9H,in_1ONg5CAKv6LsYLX2oR0cFfRy,po_1OOVmSAKv6LsYLX2v3SNKtoy,f0f7a411-d78f-4c3a-abf2-4cce65097af4,40375dc9-7834-49eb-9103-745a5ef656cd,College Prep Masterclass,3/29/2020 3:57,txcd_20030000
ch_3ONdCvAKv6LsYLX21SBieNX7,12/15/2023 15:29,48,0,usd,TRUE,44,0,usd,,1.58,Paid,Payment complete.,pm_1ONdKUAKv6LsYLX2pceZukgu,cus_PC0sxAF2P7sD6e,in_1ONdKYAKv6LsYLX2fyaWRdql,po_1OOVmSAKv6LsYLX2v3SNKtoy,dae443ce-10d3-46ac-b093-e1ae0eb26654,4b8c704c-863d-4e25-9bcf-ce9a1b75a391,Admission Success Blueprint,12/27/2023 16:46,txcd_20030000
ch_3ONd3yAKv6LsYLX230D4oRTW,12/15/2023 15:12,1291.27,0,ron,TRUE,276.41,0,usd,,12.46,Paid,Payment complete.,pm_1ONd3xAKv6LsYLX2dn5kjjEF,cus_PC12AfJfUGjL0P,in_1ONd42AKv6LsYLX2thucFo2G,po_1OOVmSAKv6LsYLX2v3SNKtoy,f0f7a411-d78f-4c3a-abf2-4cce65097af4,40375dc9-7834-49eb-9103-745a5ef656cd,College Prep Masterclass,3/29/2020 3:57,txcd_20030000
ch_3ONcswAKv6LsYLX22qq8ITMS,12/15/2023 15:01,27,0,usd,TRUE,15,0,usd,Subscription creation,0.74,Paid,Payment complete.,pm_1ONcsuAKv6LsYLX2zbzwVN0n,cus_PC0sxAF2P7sD6e,in_1ONcswAKv6LsYLX2WoQ31A5f,po_1OOVmSAKv6LsYLX2v3SNKtoy,,,,,
ch_3ONcRRAKv6LsYLX22kd2WF8U,12/15/2023 14:32,14,0,usd,TRUE,10,0,usd,Subscription update,0.74,Paid,Payment complete.,pm_1O1UPzAKv6LsYLX2nCuLTZV7,cus_Op8fzjbIse2ufk,in_1ONbUXAKv6LsYLX22kXOsSYr,po_1OOVmSAKv6LsYLX2v3SNKtoy,,,,,
ch_3ONbm5AKv6LsYLX20wDU6Eun,12/15/2023 13:49,279.2,0,usd,TRUE,279.2,0,usd,,8.4,Paid,Payment complete.,pm_1ONbm4AKv6LsYLX2KxFHTnVf,cus_PBzePNqfHjk96E,in_1ONbm8AKv6LsYLX2gltlyBxi,po_1OOVmSAKv6LsYLX2v3SNKtoy,f0f7a411-d78f-4c3a-abf2-4cce65097af4,40375dc9-7834-49eb-9103-745a5ef656cd,College Prep Masterclass,3/29/2020 3:57,txcd_20030000
ch_3ONbSeAKv6LsYLX20h43RfZO,12/15/2023 13:29,381.16,0,cad,TRUE,276.41,0,usd,,12.46,Paid,Payment complete.,pm_1ONbSeAKv6LsYLX2TPG0WpMw,cus_PAWE3S511x8FL9,in_1ONbSiAKv6LsYLX23faXeE8C,po_1OOVmSAKv6LsYLX2v3SNKtoy,f0f7a411-d78f-4c3a-abf2-4cce65097af4,40375dc9-7834-49eb-9103-745a5ef656cd,College Prep Masterclass,3/29/2020 3:57,txcd_20030000
ch_3ONajFAKv6LsYLX23BFhedgX,12/15/2023 12:42,279.2,0,usd,TRUE,279.2,0,usd,,8.4,Paid,Payment complete.,pm_1ONajEAKv6LsYLX2m8kZWbDw,cus_PAVsDUbMgjYqh6,in_1ONajIAKv6LsYLX2JJotA2o0,po_1OOVmSAKv6LsYLX2v3SNKtoy,f0f7a411-d78f-4c3a-abf2-4cce65097af4,40375dc9-7834-49eb-9103-745a5ef656cd,College Prep Masterclass,3/29/2020 3:57,txcd_20030000
ch_3ONZLwAKv6LsYLX22K5loZRk,12/15/2023 11:14,99.2,0,usd,TRUE,99.2,0,usd,,4.66,Paid,Payment complete.,pm_1ONZLwAKv6LsYLX2MBTwegSG,cus_PBxFTiCU1paT5K,in_1ONZM0AKv6LsYLX29EKKARjv,po_1OOVmSAKv6LsYLX2v3SNKtoy,0d86b3c9-fdb5-418a-83b9-cb45457a47d0,b7f7421a-3caf-4185-84f9-e254a4365528,College Admission Strategy Workshop,12/27/2023 16:46,txcd_20030000
ch_3ONYXTAKv6LsYLX21IQXVWYr,12/15/2023 10:22,32.69,0,eur,TRUE,34.85,0,usd,,1.83,Paid,Payment complete.,pm_1ONYXSAKv6LsYLX2IS3mwY9g,cus_PBwOhRyX6NHXqA,in_1ONYXXAKv6LsYLX254nfYDGK,po_1OOVmSAKv6LsYLX2v3SNKtoy,d8b64e76-c7a9-4c9d-b904-49d81557c23a,8c46a7cc-09e5-40d8-9584-33c0184298c6,College Essay Coaching,10/9/2023 8:57,txcd_20030000
ch_3ONYWMAKv6LsYLX20FMw7qJn,12/15/2023 10:21,259.26,0,eur,TRUE,276.42,0,usd,,12.46,Paid,Payment complete.,pm_1ONYWLAKv6LsYLX2V1ULTyLo,cus_PAxEXu2olwSBfy,in_1ONYWQAKv6LsYLX2gGdh3Ake,po_1OOVmSAKv6LsYLX2v3SNKtoy,f0f7a411-d78f-4c3a-abf2-4cce65097af4,40375dc9-7834-49eb-9103-745a5ef656cd,College Prep Masterclass,3/29/2020 3:57,txcd_20030000
ch_3ONYNgAKv6LsYLX21bZ2M1d4,12/15/2023 10:12,19.2,0,usd,TRUE,19.2,0,usd,,0.86,Paid,Payment complete.,pm_1ONYNfAKv6LsYLX2u0qJuBDt,cus_P8NM3I6QWC3ndM,in_1ONYNiAKv6LsYLX26DDjfVrr,po_1OOVmSAKv6LsYLX2v3SNKtoy,d7c2e880-2bff-4c5a-897b-9a08f8cddd06,4033cc0f-bce4-4338-b8d6-9a983207c2a1,GPA Boosting Academy,10/9/2021 5:30,txcd_20030000
ch_3ONXpRAKv6LsYLX22Ub0srVW,12/15/2023 9:37,27,0,usd,TRUE,15,0,usd,Subscription creation,0.96,Paid,Payment complete.,pm_1ONXpOAKv6LsYLX2ry8lzPAw,cus_PBhQznYTx0rc6j,in_1ONXpQAKv6LsYLX2BKXRFeX3,po_1OOVmSAKv6LsYLX2v3SNKtoy,,,,,
ch_3ONW3aAKv6LsYLX21d4oc9Ra,12/15/2023 7:43,99.2,0,usd,TRUE,99.2,0,usd,,3.18,Paid,Payment complete.,pm_1ONW3ZAKv6LsYLX2mYBYF1oq,cus_PBrNlqSi6dpJ2a,in_1ONW3dAKv6LsYLX2wKpJ25AM,po_1OOVmSAKv6LsYLX2v3SNKtoy,0d86b3c9-fdb5-418a-83b9-cb45457a47d0,b7f7421a-3caf-4185-84f9-e254a4365528,College Admission Strategy Workshop,12/27/2023 16:46,txcd_20030000
ch_3ONVueAKv6LsYLX202xTBg71,12/15/2023 7:34,12,0,usd,TRUE,12,0,usd,Subscription creation,0.83,Paid,Payment complete.,pm_1ONVudAKv6LsYLX2t3jKWKh0,cus_PAtsr5m9glP0ci,in_1ONVueAKv6LsYLX2mFQI1csr,po_1OOVmSAKv6LsYLX2v3SNKtoy,,,,,
ch_3ONUq7AKv6LsYLX20Tkdul1G,12/15/2023 6:25,279.2,0,usd,TRUE,159.2,0,usd,,4.92,Paid,Payment complete.,pm_1ONUq6AKv6LsYLX2bTFrVYiA,cus_PBsD8D1iuFyPRZ,in_1ONUqAAKv6LsYLX2qiU4EfU7,po_1OOVmSAKv6LsYLX2v3SNKtoy,25fdcdc9-4f82-4374-a62c-7d323f543a03,201283c3-5723-4e02-9d18-d9ff952d0d07,Elite College Prep Package,10/9/2022 8:25,txcd_20030000
ch_3ONUpbAKv6LsYLX2131N0OgA,12/15/2023 6:25,35.2,0,usd,TRUE,35.2,0,usd,,1.32,Paid,Payment complete.,pm_1ONUpaAKv6LsYLX2TWrm7uTh,cus_PBsD8D1iuFyPRZ,in_1ONUpeAKv6LsYLX2scUiXePK,po_1OOVmSAKv6LsYLX2v3SNKtoy,7a56d0f1-a2e5-4e2e-b26c-948a9ad21cb2,c985f100-5645-48e3-8e3d-ceffbcc37a3d,College Application Bootcamp,12/27/2023 16:46,txcd_20030000
ch_3ONTMNAKv6LsYLX21S46hUlr,12/15/2023 4:50,14,0,usd,TRUE,10,0,usd,Subscription update,0.59,Paid,Payment complete.,pm_1O1LKEAKv6LsYLX2isdfYceE,cus_OozH98c9bjdZqi,in_1ONSPYAKv6LsYLX2Zu9pESkp,po_1OOVmSAKv6LsYLX2v3SNKtoy,,,,,
ch_3ONSWGAKv6LsYLX215CL3Aet,12/15/2023 3:57,12,0,usd,TRUE,12,0,usd,Subscription creation,0.65,Paid,Payment complete.,pm_1ONSWEAKv6LsYLX201Ja0UXd,cus_PBq99Xk2eYEQA6,in_1ONSWFAKv6LsYLX2JcoqYxm2,po_1OOVmSAKv6LsYLX2v3SNKtoy,,,,,
ch_3ONS04AKv6LsYLX23p3q3kuh,12/15/2023 3:23,48,0,usd,TRUE,44,0,usd,,1.58,Paid,Payment complete.,pm_1OMItBAKv6LsYLX2WJlkzqXC,cus_P9fcs66Dr6I25z,in_1ONS07AKv6LsYLX2dCkZu1Q0,po_1OOVmSAKv6LsYLX2v3SNKtoy,7a56d0f1-a2e5-4e2e-b26c-948a9ad21cb2,c985f100-5645-48e3-8e3d-ceffbcc37a3d,College Application Bootcamp,12/27/2023 16:46,txcd_20030000
ch_3ONR7PAKv6LsYLX20rr68QSt,12/15/2023 2:27,279.04,0,gbp,TRUE,197.01,0,usd,,8.97,Paid,Payment complete.,pm_1ONR7PAKv6LsYLX20HuUDwoz,cus_PBocB5MYf0KFaI,in_1ONR7SAKv6LsYLX2GOETRoyA,po_1OOVmSAKv6LsYLX2v3SNKtoy,25fdcdc9-4f82-4374-a62c-7d323f543a03,201283c3-5723-4e02-9d18-d9ff952d0d07,Elite College Prep Package,10/9/2022 8:25,txcd_20030000
ch_3ONQsDAKv6LsYLX21AtXVx4L,12/15/2023 2:11,99.2,0,usd,TRUE,99.2,0,usd,,4.66,Paid,Payment complete.,pm_1ONQsDAKv6LsYLX2ijVrjc08,cus_PBoQeZvWSxMXPl,in_1ONQsHAKv6LsYLX2ckJw9IoP,po_1OOVmSAKv6LsYLX2v3SNKtoy,0d86b3c9-fdb5-418a-83b9-cb45457a47d0,b7f7421a-3caf-4185-84f9-e254a4365528,College Admission Strategy Workshop,12/27/2023 16:46,txcd_20030000
ch_3ONQPgAKv6LsYLX23B7EwEqm,12/15/2023 1:42,279.2,0,usd,TRUE,279.2,0,usd,,8.4,Paid,Payment complete.,pm_1ONQPgAKv6LsYLX2oe6iDD2O,cus_PBny9d5b6HOznV,in_1ONQPkAKv6LsYLX2rUA0ruiz,po_1OOVmSAKv6LsYLX2v3SNKtoy,f0f7a411-d78f-4c3a-abf2-4cce65097af4,40375dc9-7834-49eb-9103-745a5ef656cd,College Prep Masterclass,3/29/2020 3:57,txcd_20030000
ch_3ONQIbAKv6LsYLX21Sv16fjr,12/15/2023 1:34,48,0,usd,TRUE,44,0,usd,,1.58,Paid,Payment complete.,pm_1ONQIaAKv6LsYLX2oFYhR7Ab,cus_PBnuqRw2ICJh8j,in_1ONQIeAKv6LsYLX2oI1ckock,po_1OOVmSAKv6LsYLX2v3SNKtoy,d8b64e76-c7a9-4c9d-b904-49d81557c23a,8c46a7cc-09e5-40d8-9584-33c0184298c6,College Essay Coaching,10/9/2023 8:57,txcd_20030000
ch_3ONQ8OAKv6LsYLX21L0xeyM8,12/15/2023 1:24,35.2,0,usd,TRUE,35.2,0,usd,,1.32,Paid,Payment complete.,pm_1ONQ8NAKv6LsYLX2k01UOkJe,cus_PAfXOCaN55iV10,in_1ONQ8SAKv6LsYLX2qhdBXVV4,po_1OOVmSAKv6LsYLX2v3SNKtoy,dae443ce-10d3-46ac-b093-e1ae0eb26654,4b8c704c-863d-4e25-9bcf-ce9a1b75a391,Admission Success Blueprint,12/27/2023 16:46,txcd_20030000
ch_3ONPKTAKv6LsYLX23xP6abqX,12/15/2023 0:32,425.13,0,aud,TRUE,276.41,0,usd,,12.46,Paid,Payment complete.,pm_1ONPKSAKv6LsYLX2CBn4wlhe,cus_PAK7HPD77eIurK,in_1ONPKWAKv6LsYLX2P64hSEms,po_1OOVmSAKv6LsYLX2v3SNKtoy,f0f7a411-d78f-4c3a-abf2-4cce65097af4,40375dc9-7834-49eb-9103-745a5ef656cd,College Prep Masterclass,3/29/2020 3:57,txcd_20030000
ch_3ONPJXAKv6LsYLX23InuWxwQ,12/15/2023 0:31,99.2,0,usd,TRUE,99.2,0,usd,,3.18,Paid,Payment complete.,pm_1ONPJWAKv6LsYLX2oF73gLT1,cus_PArua08MA4jOYs,in_1ONPJeAKv6LsYLX2Acg5YKZz,po_1OOVmSAKv6LsYLX2v3SNKtoy,0d86b3c9-fdb5-418a-83b9-cb45457a47d0,b7f7421a-3caf-4185-84f9-e254a4365528,College Admission Strategy Workshop,12/27/2023 16:46,txcd_20030000
ch_3ONOIHAKv6LsYLX20Sd1Qxdf,12/14/2023 23:28,279.2,0,usd,TRUE,279.2,0,usd,,8.4,Paid,Payment complete.,pm_1ONOK5AKv6LsYLX2ziTIbLhX,cus_PABjUiwZbjNat3,in_1ONOK8AKv6LsYLX2r15JKDWJ,po_1OO8taAKv6LsYLX2vQDMHBvG,f0f7a411-d78f-4c3a-abf2-4cce65097af4,40375dc9-7834-49eb-9103-745a5ef656cd,College Prep Masterclass,3/29/2020 3:57,txcd_20030000
ch_3ONNZeAKv6LsYLX20HIejxVa,12/14/2023 22:40,79.2,0,usd,TRUE,79.2,0,usd,Subscription creation,2.6,Paid,Payment complete.,pm_1ONNZcAKv6LsYLX2kp4TD4ZJ,cus_PBksFpmyenKOul,in_1ONNZeAKv6LsYLX2KAakVXWo,po_1OO8taAKv6LsYLX2vQDMHBvG,,,,,
ch_3ONNACAKv6LsYLX21INj85ww,12/14/2023 22:13,279.2,0,usd,TRUE,279.2,0,usd,,8.4,Paid,Payment complete.,pm_1ONNACAKv6LsYLX2TWZF8UMd,cus_P9sev5qAsZlUeB,in_1ONNAGAKv6LsYLX2h97MjmeY,po_1OO8taAKv6LsYLX2vQDMHBvG,f0f7a411-d78f-4c3a-abf2-4cce65097af4,40375dc9-7834-49eb-9103-745a5ef656cd,College Prep Masterclass,3/29/2020 3:57,txcd_20030000
ch_3ONMePAKv6LsYLX22MwJMM2P,12/14/2023 21:41,279.2,0,usd,TRUE,279.2,0,usd,,8.4,Paid,Payment complete.,pm_1ONMePAKv6LsYLX2nZxJsFXE,cus_PBk7RoywJnIEQJ,in_1ONMeUAKv6LsYLX238haslbo,po_1OO8taAKv6LsYLX2vQDMHBvG,f0f7a411-d78f-4c3a-abf2-4cce65097af4,40375dc9-7834-49eb-9103-745a5ef656cd,College Prep Masterclass,3/29/2020 3:57,txcd_20030000
ch_3ONLaAAKv6LsYLX23EL8CpIn,12/14/2023 20:32,35.2,0,usd,TRUE,35.2,0,usd,,1.32,Paid,Payment complete.,pm_1ONLa9AKv6LsYLX2jm6osMR7,cus_PBj06bs1zT9BqM,in_1ONLaOAKv6LsYLX23MLRWLI7,po_1OO8taAKv6LsYLX2vQDMHBvG,7a56d0f1-a2e5-4e2e-b26c-948a9ad21cb2,c985f100-5645-48e3-8e3d-ceffbcc37a3d,College Application Bootcamp,12/27/2023 16:46,txcd_20030000
ch_3ONLZ2AKv6LsYLX21NmBQb0G,12/14/2023 20:31,35.2,0,usd,TRUE,35.2,0,usd,,1.32,Paid,Payment complete.,pm_1ONLZ2AKv6LsYLX2HCQU9l43,cus_PBj06bs1zT9BqM,in_1ONLZJAKv6LsYLX2N4tHZgRn,po_1OO8taAKv6LsYLX2vQDMHBvG,d8b64e76-c7a9-4c9d-b904-49d81557c23a,8c46a7cc-09e5-40d8-9584-33c0184298c6,College Essay Coaching,10/9/2023 8:57,txcd_20030000
ch_3ONLV5AKv6LsYLX23pggu4ll,12/14/2023 20:27,48,0,usd,TRUE,44,0,usd,,1.58,Paid,Payment complete.,pm_1ONLFbAKv6LsYLX2hLBjDEko,cus_PBif3vg49uRL4k,in_1ONLV8AKv6LsYLX2dUk3D31u,po_1OO8taAKv6LsYLX2vQDMHBvG,dae443ce-10d3-46ac-b093-e1ae0eb26654,4b8c704c-863d-4e25-9bcf-ce9a1b75a391,Admission Success Blueprint,12/27/2023 16:46,txcd_20030000
ch_3ONLFcAKv6LsYLX23TUcFKxe,12/14/2023 20:11,99,0,usd,TRUE,99,0,usd,Subscription creation,3.17,Paid,Payment complete.,pm_1ONLFbAKv6LsYLX2hLBjDEko,cus_PBif3vg49uRL4k,in_1ONLFcAKv6LsYLX2nbNdXoVA,po_1OO8taAKv6LsYLX2vQDMHBvG,,,,,
ch_3ONKULAKv6LsYLX20h9hzNOJ,12/14/2023 19:22,383.06,0,cad,TRUE,276.41,0,usd,,12.46,Paid,Payment complete.,pm_1ONKUKAKv6LsYLX2aZsBDt1o,cus_PBhjduacvNf0BD,in_1ONKUZAKv6LsYLX2NLIJ4tqW,po_1OO8taAKv6LsYLX2vQDMHBvG,f0f7a411-d78f-4c3a-abf2-4cce65097af4,40375dc9-7834-49eb-9103-745a5ef656cd,College Prep Masterclass,3/29/2020 3:57,txcd_20030000
ch_3ONJoIAKv6LsYLX22RIMFds9,12/14/2023 18:39,279.2,0,usd,TRUE,279.2,0,usd,,8.4,Paid,Payment complete.,pm_1ONJoHAKv6LsYLX2bb0sWlne,cus_Oo4ncr3fXDtc1a,in_1ONJoLAKv6LsYLX2QNZqWC4z,po_1OO8taAKv6LsYLX2vQDMHBvG,f0f7a411-d78f-4c3a-abf2-4cce65097af4,40375dc9-7834-49eb-9103-745a5ef656cd,College Prep Masterclass,3/29/2020 3:57,txcd_20030000
ch_3ONJmyAKv6LsYLX22R3yiXP0,12/14/2023 18:37,12,0,usd,TRUE,12,0,usd,Subscription creation,0.65,Paid,Payment complete.,pm_1ONJmwAKv6LsYLX2orv3lLes,cus_PBhAz64TEsROMw,in_1ONJmxAKv6LsYLX2ym7IJ8vU,po_1OO8taAKv6LsYLX2vQDMHBvG,,,,,
ch_3ONJXHAKv6LsYLX23XacKHSs,12/14/2023 18:21,48,0,usd,TRUE,44,0,usd,,1.58,Paid,Payment complete.,pm_1ONJXHAKv6LsYLX2axaAlQfE,cus_PBf9KVhVPOJkTS,in_1ONJXLAKv6LsYLX2k9nUcUeg,po_1OO8taAKv6LsYLX2vQDMHBvG,7a56d0f1-a2e5-4e2e-b26c-948a9ad21cb2,c985f100-5645-48e3-8e3d-ceffbcc37a3d,College Application Bootcamp,12/27/2023 16:46,txcd_20030000
ch_3ONJFlAKv6LsYLX20U06CUVh,12/14/2023 18:03,35.2,0,usd,TRUE,35.2,0,usd,,1.32,Paid,Payment complete.,pm_1ONJFkAKv6LsYLX2o968N7Cc,cus_PBViT1T7FWTL9f,in_1ONJFoAKv6LsYLX2CnH948wp,po_1OO8taAKv6LsYLX2vQDMHBvG,d8b64e76-c7a9-4c9d-b904-49d81557c23a,8c46a7cc-09e5-40d8-9584-33c0184298c6,College Essay Coaching,10/9/2023 8:57,txcd_20030000
ch_3ONINNAKv6LsYLX23w2i7syJ,12/14/2023 17:09,99.2,0,usd,TRUE,99.2,0,usd,,3.18,Paid,Payment complete.,pm_1ONIPbAKv6LsYLX2gqPl82Aw,cus_PBfeCcLX5k6nk1,in_1ONIPuAKv6LsYLX21U2EL6yy,po_1OO8taAKv6LsYLX2vQDMHBvG,0d86b3c9-fdb5-418a-83b9-cb45457a47d0,b7f7421a-3caf-4185-84f9-e254a4365528,College Admission Strategy Workshop,12/27/2023 16:46,txcd_20030000
ch_3ONI21AKv6LsYLX2068oKm0d,12/14/2023 16:45,279.2,0,usd,TRUE,279.2,0,usd,,8.4,Paid,Payment complete.,pm_1ONI20AKv6LsYLX2BUkbVXlp,cus_PBfKMks3SnAeTN,in_1ONI25AKv6LsYLX2Jh81NrKn,po_1OO8taAKv6LsYLX2vQDMHBvG,f0f7a411-d78f-4c3a-abf2-4cce65097af4,40375dc9-7834-49eb-9103-745a5ef656cd,College Prep Masterclass,3/29/2020 3:57,txcd_20030000
ch_3ONHoEAKv6LsYLX20yRBYMze,12/14/2023 16:30,279.2,0,usd,TRUE,279.2,0,usd,,8.4,Paid,Payment complete.,pm_1ONHoDAKv6LsYLX2nUPP54pF,cus_PBf6GUA4B5MxRs,in_1ONHoIAKv6LsYLX28GaYPsbH,po_1OO8taAKv6LsYLX2vQDMHBvG,f0f7a411-d78f-4c3a-abf2-4cce65097af4,40375dc9-7834-49eb-9103-745a5ef656cd,College Prep Masterclass,3/29/2020 3:57,txcd_20030000
ch_3ONFtsAKv6LsYLX223vDQP2p,12/14/2023 14:28,99.2,0,usd,TRUE,99.2,0,usd,,3.18,Paid,Payment complete.,pm_1ONFtrAKv6LsYLX2FR6Q1dIm,cus_PBd3AsMI6MA3mN,in_1ONFtwAKv6LsYLX28G9F7YRq,po_1OO8taAKv6LsYLX2vQDMHBvG,0d86b3c9-fdb5-418a-83b9-cb45457a47d0,b7f7421a-3caf-4185-84f9-e254a4365528,College Admission Strategy Workshop,12/27/2023 16:46,txcd_20030000
ch_3ONFHxAKv6LsYLX223YMAT55,12/14/2023 13:50,279.2,0,usd,TRUE,279.2,0,usd,,12.58,Paid,Payment complete.,pm_1ONFHwAKv6LsYLX2eyYAnvcJ,cus_PBcT4g7CC5kcsN,in_1ONFJZAKv6LsYLX2Gsc3BL6P,po_1OO8taAKv6LsYLX2vQDMHBvG,f0f7a411-d78f-4c3a-abf2-4cce65097af4,40375dc9-7834-49eb-9103-745a5ef656cd,College Prep Masterclass,3/29/2020 3:57,txcd_20030000
ch_3ONF19AKv6LsYLX20Nbk9jAb,12/14/2023 13:32,279.2,0,usd,TRUE,279.2,0,usd,,8.4,Paid,Payment complete.,pm_1ONF19AKv6LsYLX2xWHk5eMg,cus_PBcD8mnRbFZsJf,in_1ONF1dAKv6LsYLX2VC5jbprb,po_1OO8taAKv6LsYLX2vQDMHBvG,f0f7a411-d78f-4c3a-abf2-4cce65097af4,40375dc9-7834-49eb-9103-745a5ef656cd,College Prep Masterclass,3/29/2020 3:57,txcd_20030000
ch_3ONEMwAKv6LsYLX20dDKz30m,12/14/2023 12:58,3740.48,0,inr,TRUE,43.56,0,usd,,2.22,Paid,Payment complete.,pm_1ONEUdAKv6LsYLX2rTO310IV,cus_PBbXUARNyVJK0b,in_1ONEUhAKv6LsYLX2ZJuyc6BG,po_1OO8taAKv6LsYLX2vQDMHBvG,dae443ce-10d3-46ac-b093-e1ae0eb26654,4b8c704c-863d-4e25-9bcf-ce9a1b75a391,Admission Success Blueprint,12/27/2023 16:46,txcd_20030000
ch_3ONEJZAKv6LsYLX21xI2XQRm,12/14/2023 12:46,260.62,0,eur,TRUE,276.41,0,usd,,12.46,Paid,Payment complete.,pm_1ONEJYAKv6LsYLX2ic7L5m7y,cus_PBap6WaSUKxrwV,in_1ONEJdAKv6LsYLX2iEDm4qk3,po_1OO8taAKv6LsYLX2vQDMHBvG,f0f7a411-d78f-4c3a-abf2-4cce65097af4,40375dc9-7834-49eb-9103-745a5ef656cd,College Prep Masterclass,3/29/2020 3:57,txcd_20030000
ch_3OMnybAKv6LsYLX21nPltQQW,12/14/2023 10:41,14,0,usd,TRUE,10,0,usd,Subscription update,0.74,Paid,Payment complete.,pm_1O0fw6AKv6LsYLX2mQ1dS7iA,cus_OoIVsL00CfQ2Z4,in_1OMn1fAKv6LsYLX2vlTytltl,po_1OO8taAKv6LsYLX2vQDMHBvG,,,,,
ch_3ONByLAKv6LsYLX22IopiYTm,12/14/2023 10:16,261.76,0,eur,TRUE,276.41,0,usd,,12.46,Paid,Payment complete.,pm_1ONByLAKv6LsYLX2hovy2RL4,cus_PBZ4fMhlXJbZdR,in_1ONByQAKv6LsYLX2wUqxHemF,po_1OO8taAKv6LsYLX2vQDMHBvG,f0f7a411-d78f-4c3a-abf2-4cce65097af4,40375dc9-7834-49eb-9103-745a5ef656cd,College Prep Masterclass,3/29/2020 3:57,txcd_20030000
ch_3ONBOkAKv6LsYLX21PxAV4tR,12/14/2023 9:40,99.2,0,usd,TRUE,99.2,0,usd,,4.66,Paid,Payment complete.,pm_1ONBOjAKv6LsYLX2DOeEDS10,cus_PBFLreebTQixXu,in_1ONBOnAKv6LsYLX2q6PqmQjb,po_1OO8taAKv6LsYLX2vQDMHBvG,0d86b3c9-fdb5-418a-83b9-cb45457a47d0,b7f7421a-3caf-4185-84f9-e254a4365528,College Admission Strategy Workshop,12/27/2023 16:46,txcd_20030000
ch_3ONAtDAKv6LsYLX233lfiCcK,12/14/2023 9:07,12,0,usd,TRUE,12,0,usd,Subscription creation,0.83,Paid,Payment complete.,pm_1ONAtBAKv6LsYLX2RjDc40KC,cus_PAXVpz8cDnyi0Q,in_1ONAtCAKv6LsYLX2XS5PU69g,po_1OO8taAKv6LsYLX2vQDMHBvG,,,,,
ch_3ONAU3AKv6LsYLX21O99dgwN,12/14/2023 8:41,279.2,0,usd,TRUE,279.2,0,usd,,12.58,Paid,Payment complete.,pm_1ONAU3AKv6LsYLX2ZIqBrI7j,cus_PBXXWXj9qifiLm,in_1ONAU7AKv6LsYLX2HPTlWGW3,po_1OO8taAKv6LsYLX2vQDMHBvG,f0f7a411-d78f-4c3a-abf2-4cce65097af4,40375dc9-7834-49eb-9103-745a5ef656cd,College Prep Masterclass,3/29/2020 3:57,txcd_20030000
ch_3ON9LKAKv6LsYLX22WiKcyGl,12/14/2023 7:28,199,0,usd,TRUE,199,0,usd,,6.07,Paid,Payment complete.,pm_1ON9LJAKv6LsYLX2J5XmVJIF,cus_PBMN5CMGDz5r4H,in_1ON9LMAKv6LsYLX2Ymz2ICQA,po_1OO8taAKv6LsYLX2vQDMHBvG,25fdcdc9-4f82-4374-a62c-7d323f543a03,201283c3-5723-4e02-9d18-d9ff952d0d07,Elite College Prep Package,10/9/2022 8:25,txcd_20030000
ch_3ON8k9AKv6LsYLX22ssspg5q,12/14/2023 6:50,14,0,usd,TRUE,10,0,usd,Subscription update,0.59,Paid,Payment complete.,pm_1OCFToAKv6LsYLX2kD7IjkHP,cus_P0Fy76lQ7QyEBH,in_1ON7ncAKv6LsYLX2Cb7xeDUB,po_1OO8taAKv6LsYLX2vQDMHBvG,,,,,
ch_3ON8TxAKv6LsYLX23eHNIvMz,12/14/2023 6:33,35.2,0,usd,TRUE,35.2,0,usd,,1.32,Paid,Payment complete.,pm_1ON8TxAKv6LsYLX2ZqsZWZlB,cus_PAhPpFpAxeEUEg,in_1ON8U1AKv6LsYLX2sQoHrpLh,po_1OO8taAKv6LsYLX2vQDMHBvG,dae443ce-10d3-46ac-b093-e1ae0eb26654,4b8c704c-863d-4e25-9bcf-ce9a1b75a391,Admission Success Blueprint,12/27/2023 16:46,txcd_20030000
ch_3ON6faAKv6LsYLX217dGDWhr,12/14/2023 4:37,27.2,0,usd,TRUE,27.2,0,usd,,1.09,Paid,Payment complete.,pm_1ON6faAKv6LsYLX2bqtGJRF3,cus_PBTaAYaH5sTY66,in_1ON6fdAKv6LsYLX2lRMjzeSN,po_1OO8taAKv6LsYLX2vQDMHBvG,c5712f31-b51f-4314-8b89-d3fb2af2e0e0,48dc9a13-5f13-4cb9-88e2-f6004bdaee4c,Scholarly Scholarships Guide,10/9/2023 8:47,txcd_20030000
ch_3ON6eNAKv6LsYLX21PGtNRLz,12/14/2023 4:36,35.2,0,usd,TRUE,35.2,0,usd,,1.32,Paid,Payment complete.,pm_1ON6eXAKv6LsYLX2Q9LRtZz0,cus_PBTaAYaH5sTY66,in_1ON6eaAKv6LsYLX2M4xIwDSJ,po_1OO8taAKv6LsYLX2vQDMHBvG,dae443ce-10d3-46ac-b093-e1ae0eb26654,4b8c704c-863d-4e25-9bcf-ce9a1b75a391,Admission Success Blueprint,12/27/2023 16:46,txcd_20030000
ch_3ON6UYAKv6LsYLX23B595iP2,12/14/2023 4:25,12,0,usd,TRUE,12,0,usd,Subscription creation,0.65,Paid,Payment complete.,pm_1ON6UXAKv6LsYLX2XjYDnU7q,cus_PBTJJcldeHu4It,in_1ON6UYAKv6LsYLX2ZeRyCP7s,po_1OO8taAKv6LsYLX2vQDMHBvG,,,,,
ch_3ON5NpAKv6LsYLX22gRdggMz,12/14/2023 3:14,279.2,0,usd,TRUE,279.2,0,usd,,8.4,Paid,Payment complete.,pm_1ON5NpAKv6LsYLX2hp9bytV8,cus_PBSFH5RD1Vjcjd,in_1ON5NtAKv6LsYLX277EQXKeq,po_1OO8taAKv6LsYLX2vQDMHBvG,f0f7a411-d78f-4c3a-abf2-4cce65097af4,40375dc9-7834-49eb-9103-745a5ef656cd,College Prep Masterclass,3/29/2020 3:57,txcd_20030000
ch_3ON58xAKv6LsYLX21fq0vOV4,12/14/2023 2:59,27,0,usd,TRUE,15,0,usd,Subscription creation,0.74,Paid,Payment complete.,pm_1ON58wAKv6LsYLX20C9Cl0bS,cus_PBS1kWBFLXs6qH,in_1ON58xAKv6LsYLX2JjmLZBcT,po_1OO8taAKv6LsYLX2vQDMHBvG,,,,,
ch_3ON2mHAKv6LsYLX229Fy94tm,12/14/2023 0:27,48,0,usd,TRUE,44,0,usd,,1.58,Paid,Payment complete.,pm_1ON2mGAKv6LsYLX2d19ZQblC,cus_PBPYHKMNQVjG6p,in_1ON2mKAKv6LsYLX22JOHSRyA,po_1OO8taAKv6LsYLX2vQDMHBvG,dae443ce-10d3-46ac-b093-e1ae0eb26654,4b8c704c-863d-4e25-9bcf-ce9a1b75a391,Admission Success Blueprint,12/27/2023 16:46,txcd_20030000
ch_3ON2U2AKv6LsYLX22UBpMxTx,12/14/2023 0:08,36,0,usd,TRUE,34,0,usd,,1.8,Paid,Payment complete.,pm_1ON2U1AKv6LsYLX2FSwytsKg,cus_PBPGYY9A9dqwwT,in_1ON2U5AKv6LsYLX2NFTx3zwh,po_1OO8taAKv6LsYLX2vQDMHBvG,c5712f31-b51f-4314-8b89-d3fb2af2e0e0,48dc9a13-5f13-4cb9-88e2-f6004bdaee4c,Scholarly Scholarships Guide,10/9/2023 8:47,txcd_20030000
ch_3ON22nAKv6LsYLX20kgNUWPc,12/13/2023 23:40,279.2,0,usd,TRUE,279.2,0,usd,,8.4,Paid,Payment complete.,pm_1ON22nAKv6LsYLX2Tpek2Ne7,cus_PB0Pu5VutUiJvs,in_1ON22rAKv6LsYLX2lvXiAsPH,po_1ON42PAKv6LsYLX24lFYTZ0Y,f0f7a411-d78f-4c3a-abf2-4cce65097af4,40375dc9-7834-49eb-9103-745a5ef656cd,College Prep Masterclass,3/29/2020 3:57,txcd_20030000
ch_3ON22GAKv6LsYLX23cpjXMjw,12/13/2023 23:40,279.2,0,usd,TRUE,279.2,0,usd,,8.4,Paid,Payment complete.,pm_1ON22FAKv6LsYLX2G7qMgKap,cus_PBOnLqFK4Dqy75,in_1ON22JAKv6LsYLX2ZDicYvyk,po_1ON42PAKv6LsYLX24lFYTZ0Y,f0f7a411-d78f-4c3a-abf2-4cce65097af4,40375dc9-7834-49eb-9103-745a5ef656cd,College Prep Masterclass,3/29/2020 3:57,txcd_20030000
ch_3ON1S5AKv6LsYLX21ELPUCdI,12/13/2023 23:02,279.2,0,usd,TRUE,279.2,0,usd,,8.4,Paid,Payment complete.,pm_1ON1S5AKv6LsYLX239tTnnhs,cus_Ot1p0EWh8MRVxd,in_1ON1S9AKv6LsYLX2RbfzVnFu,po_1ON42PAKv6LsYLX24lFYTZ0Y,f0f7a411-d78f-4c3a-abf2-4cce65097af4,40375dc9-7834-49eb-9103-745a5ef656cd,College Prep Masterclass,3/29/2020 3:57,txcd_20030000
ch_3ON12BAKv6LsYLX22k3AyjEx,12/13/2023 22:36,279.2,0,usd,TRUE,279.2,0,usd,,8.4,Paid,Payment complete.,pm_1ON12AAKv6LsYLX2XJ5efCML,cus_P9BewXFUWW9Fvm,in_1ON12JAKv6LsYLX2vbs7r49R,po_1ON42PAKv6LsYLX24lFYTZ0Y,f0f7a411-d78f-4c3a-abf2-4cce65097af4,40375dc9-7834-49eb-9103-745a5ef656cd,College Prep Masterclass,3/29/2020 3:57,txcd_20030000
ch_3ON0vfAKv6LsYLX20exQN7ml,12/13/2023 22:29,622.84,0,mxn,TRUE,34.85,0,usd,,1.83,Paid,Payment complete.,pm_1ON0vfAKv6LsYLX2WVQ0odfn,cus_PAiCdMlpOQlqZz,in_1ON0vjAKv6LsYLX2bDaUl21p,po_1ON42PAKv6LsYLX24lFYTZ0Y,dae443ce-10d3-46ac-b093-e1ae0eb26654,4b8c704c-863d-4e25-9bcf-ce9a1b75a391,Admission Success Blueprint,12/27/2023 16:46,txcd_20030000
ch_3ON0IxAKv6LsYLX20ZzVRZXH,12/13/2023 21:49,14,0,usd,TRUE,10,0,usd,Subscription update,0.74,Paid,Payment complete.,pm_1O0sG6AKv6LsYLX2LHYvKD2o,cus_OoVGTvVknHMPE3,in_1OMzLVAKv6LsYLX2EIrIDzcZ,po_1ON42PAKv6LsYLX24lFYTZ0Y,,,,,
ch_3ON0FHAKv6LsYLX22Qd26cY2,12/13/2023 21:45,61.01,0,cad,TRUE,43.56,0,usd,,2.22,Paid,Payment complete.,pm_1ON0FHAKv6LsYLX2uHvSLBs7,cus_PBMvlvV6PnLitc,in_1ON0FPAKv6LsYLX2OmmpbJGy,po_1ON42PAKv6LsYLX24lFYTZ0Y,d8b64e76-c7a9-4c9d-b904-49d81557c23a,8c46a7cc-09e5-40d8-9584-33c0184298c6,College Essay Coaching,10/9/2023 8:57,txcd_20030000
ch_3ON01JAKv6LsYLX200s40J6A,12/13/2023 21:31,279.2,0,usd,TRUE,279.2,0,usd,,8.4,Paid,Payment complete.,pm_1ON01JAKv6LsYLX28mcm5Nq3,cus_PBMgpdoVjcXIh6,in_1ON01NAKv6LsYLX2lh8kPYLg,po_1ON42PAKv6LsYLX24lFYTZ0Y,f0f7a411-d78f-4c3a-abf2-4cce65097af4,40375dc9-7834-49eb-9103-745a5ef656cd,College Prep Masterclass,3/29/2020 3:57,txcd_20030000
ch_3OMzepAKv6LsYLX21lXEN9Si,12/13/2023 21:07,22.16,0,gbp,TRUE,26.93,0,usd,,1.48,Paid,Payment complete.,pm_1OMzeoAKv6LsYLX2vYjFNLTE,cus_PBMMfRoE0SuRqU,in_1OMzesAKv6LsYLX28K5C7vYe,po_1ON42PAKv6LsYLX24lFYTZ0Y,c5712f31-b51f-4314-8b89-d3fb2af2e0e0,48dc9a13-5f13-4cb9-88e2-f6004bdaee4c,Scholarly Scholarships Guide,10/9/2023 8:47,txcd_20030000
ch_3OMzDqAKv6LsYLX2213cKrze,12/13/2023 20:40,99.2,0,usd,TRUE,99.2,0,usd,,3.18,Paid,Payment complete.,pm_1OMzDqAKv6LsYLX2LawLxdvC,cus_PBLnbgYoK7QSBn,in_1OMzDuAKv6LsYLX23i2bh1O1,po_1ON42PAKv6LsYLX24lFYTZ0Y,0d86b3c9-fdb5-418a-83b9-cb45457a47d0,b7f7421a-3caf-4185-84f9-e254a4365528,College Admission Strategy Workshop,12/27/2023 16:46,txcd_20030000
ch_3OMz1FAKv6LsYLX22rAr5ock,12/13/2023 20:27,279.2,0,usd,TRUE,279.2,0,usd,,8.4,Paid,Payment complete.,pm_1OMz1EAKv6LsYLX2tTOdZhWr,cus_PAg68fTlLPbgFa,in_1OMz1IAKv6LsYLX28A6ApmQJ,po_1ON42PAKv6LsYLX24lFYTZ0Y,f0f7a411-d78f-4c3a-abf2-4cce65097af4,40375dc9-7834-49eb-9103-745a5ef656cd,College Prep Masterclass,3/29/2020 3:57,txcd_20030000
ch_3OMypvAKv6LsYLX22duyidJ0,12/13/2023 20:15,48.81,0,cad,TRUE,34.85,0,usd,,1.83,Paid,Payment complete.,pm_1OMypuAKv6LsYLX2Fzh1i6K1,cus_PBL74qido7RSHI,in_1OMypyAKv6LsYLX294UOSNrV,po_1ON42PAKv6LsYLX24lFYTZ0Y,d8b64e76-c7a9-4c9d-b904-49d81557c23a,8c46a7cc-09e5-40d8-9584-33c0184298c6,College Essay Coaching,10/9/2023 8:57,txcd_20030000
ch_3OMyfdAKv6LsYLX23n2CEfaZ,12/13/2023 20:04,99.2,0,usd,TRUE,99.2,0,usd,,3.18,Paid,Payment complete.,pm_1OMxh7AKv6LsYLX2qbNFszPL,cus_PBKKwL7TKazuKs,in_1OMyfhAKv6LsYLX2HWWtPkgf,po_1ON42PAKv6LsYLX24lFYTZ0Y,0d86b3c9-fdb5-418a-83b9-cb45457a47d0,b7f7421a-3caf-4185-84f9-e254a4365528,College Admission Strategy Workshop,12/27/2023 16:46,txcd_20030000
ch_3OMyJzAKv6LsYLX21iWLEgAQ,12/13/2023 19:42,14,0,usd,TRUE,10,0,usd,Subscription update,0.59,Paid,Payment complete.,pm_1O0qIKAKv6LsYLX2mVxO8SNz,cus_OoTErqCypQ4ZET,in_1OMxNCAKv6LsYLX2lvrdfn5L,po_1ON42PAKv6LsYLX24lFYTZ0Y,,,,,
ch_3OMyIDAKv6LsYLX21VCc1ZK0,12/13/2023 19:40,12,0,usd,TRUE,12,0,usd,Subscription creation,0.83,Paid,Payment complete.,pm_1OMyICAKv6LsYLX2koZxFdkM,cus_PBKxOt5aTaaG2y,in_1OMyIDAKv6LsYLX2Y0VOwa57,po_1ON42PAKv6LsYLX24lFYTZ0Y,,,,,
ch_3OMxtDAKv6LsYLX20pGfRzRk,12/13/2023 19:14,279.2,0,usd,TRUE,279.2,0,usd,,12.58,Paid,Payment complete.,pm_1OMxtCAKv6LsYLX2Fo8eIvmk,cus_PBKWwnVgXD2Upy,in_1OMxtGAKv6LsYLX2QjIKROAG,po_1ON42PAKv6LsYLX24lFYTZ0Y,f0f7a411-d78f-4c3a-abf2-4cce65097af4,40375dc9-7834-49eb-9103-745a5ef656cd,College Prep Masterclass,3/29/2020 3:57,txcd_20030000
ch_3OMxh9AKv6LsYLX22B8yfsbR,12/13/2023 19:02,12,0,usd,TRUE,12,0,usd,Subscription creation,0.65,Paid,Payment complete.,pm_1OMxh7AKv6LsYLX2qbNFszPL,cus_PBKKwL7TKazuKs,in_1OMxh8AKv6LsYLX2Jvo0gkWL,po_1ON42PAKv6LsYLX24lFYTZ0Y,,,,,
ch_3OMx7uAKv6LsYLX20BYU0lrq,12/13/2023 18:25,99.2,0,usd,TRUE,99.2,0,usd,,4.66,Paid,Payment complete.,pm_1OMx7uAKv6LsYLX2C8durtEP,cus_PBJ1CENVEn7a8M,in_1OMx80AKv6LsYLX2UN0p1aMw,po_1ON42PAKv6LsYLX24lFYTZ0Y,0d86b3c9-fdb5-418a-83b9-cb45457a47d0,b7f7421a-3caf-4185-84f9-e254a4365528,College Admission Strategy Workshop,12/27/2023 16:46,txcd_20030000
ch_3OMwnWAKv6LsYLX22jteOlT1,12/13/2023 18:04,14,0,usd,TRUE,10,0,usd,Subscription update,0.59,Paid,Payment complete.,pm_1O0okNAKv6LsYLX2LkUtrYO8,cus_OoRUUO8lFXZaks,in_1OMvpcAKv6LsYLX2zrRYs3sZ,po_1ON42PAKv6LsYLX24lFYTZ0Y,,,,,
ch_3OMwhIAKv6LsYLX20YHaldGZ,12/13/2023 17:58,279.2,0,usd,TRUE,279.2,0,usd,,8.4,Paid,Payment complete.,pm_1OMwhHAKv6LsYLX2ZSVnwfhW,cus_PB30wxLuxlN2WE,in_1OMwhMAKv6LsYLX2M0XITYE8,po_1ON42PAKv6LsYLX24lFYTZ0Y,f0f7a411-d78f-4c3a-abf2-4cce65097af4,40375dc9-7834-49eb-9103-745a5ef656cd,College Prep Masterclass,3/29/2020 3:57,txcd_20030000
ch_3OMwbLAKv6LsYLX20yEDca0Q,12/13/2023 17:52,35.2,0,usd,TRUE,35.2,0,usd,,1.32,Paid,Payment complete.,pm_1OMwbKAKv6LsYLX2YF8JOCOe,cus_PBJC9DkPoWXhNd,in_1OMwbPAKv6LsYLX2KrVZ6V9p,po_1ON42PAKv6LsYLX24lFYTZ0Y,dae443ce-10d3-46ac-b093-e1ae0eb26654,4b8c704c-863d-4e25-9bcf-ce9a1b75a391,Admission Success Blueprint,12/27/2023 16:46,txcd_20030000
ch_3OMw6lAKv6LsYLX20qR7d2Jb,12/13/2023 17:20,27,0,usd,TRUE,15,0,usd,Subscription creation,0.96,Paid,Payment complete.,pm_1OMw6jAKv6LsYLX2dlXn22Ae,cus_PBIfBAs27u0sDc,in_1OMw6lAKv6LsYLX2KYcx3sC6,po_1ON42PAKv6LsYLX24lFYTZ0Y,,,,,
ch_3OMw22AKv6LsYLX20uJdVYVr,12/13/2023 17:15,19.2,0,usd,TRUE,19.2,0,usd,,0.86,Paid,Payment complete.,pm_1OMw21AKv6LsYLX2jd1U2chY,cus_OpGjEu5nPwy4Cy,in_1OMw25AKv6LsYLX2icL6zWVk,po_1ON42PAKv6LsYLX24lFYTZ0Y,d7c2e880-2bff-4c5a-897b-9a08f8cddd06,4033cc0f-bce4-4338-b8d6-9a983207c2a1,GPA Boosting Academy,10/9/2021 5:30,txcd_20030000
ch_3OMvyqAKv6LsYLX21xnjUSEL,12/13/2023 17:12,27.2,0,usd,TRUE,27.2,0,usd,,1.09,Paid,Payment complete.,pm_1OMvypAKv6LsYLX2PCDPnt78,cus_OpGjEu5nPwy4Cy,in_1OMvytAKv6LsYLX2Enmi64J3,po_1ON42PAKv6LsYLX24lFYTZ0Y,c5712f31-b51f-4314-8b89-d3fb2af2e0e0,48dc9a13-5f13-4cb9-88e2-f6004bdaee4c,Scholarly Scholarships Guide,10/9/2023 8:47,txcd_20030000
ch_3OMvsJAKv6LsYLX23G8ckLnH,12/13/2023 17:05,27.2,0,usd,TRUE,27.2,0,usd,,1.09,Paid,Payment complete.,pm_1OMvsJAKv6LsYLX2XGbueqJw,cus_PBIQr27kL5zJPb,in_1OMvsNAKv6LsYLX2x7PchNgp,po_1ON42PAKv6LsYLX24lFYTZ0Y,c5712f31-b51f-4314-8b89-d3fb2af2e0e0,48dc9a13-5f13-4cb9-88e2-f6004bdaee4c,Scholarly Scholarships Guide,10/9/2023 8:47,txcd_20030000
ch_3OMvPNAKv6LsYLX23WUhX3k3,12/13/2023 16:35,279.2,0,usd,TRUE,279.2,0,usd,,12.58,Paid,Payment complete.,pm_1OMvPMAKv6LsYLX219ogci53,cus_PApG1tVDTaFbGn,in_1OMvPRAKv6LsYLX2ndsqswyx,po_1ON42PAKv6LsYLX24lFYTZ0Y,f0f7a411-d78f-4c3a-abf2-4cce65097af4,40375dc9-7834-49eb-9103-745a5ef656cd,College Prep Masterclass,3/29/2020 3:57,txcd_20030000
ch_3OMvBbAKv6LsYLX20GdbhNYm,12/13/2023 16:21,279.2,0,usd,TRUE,279.2,0,usd,,8.4,Paid,Payment complete.,pm_1OMvBaAKv6LsYLX2XAAqNodD,cus_PBH7vrHoso8Rtr,in_1OMvBeAKv6LsYLX2Hq7t98e4,po_1ON42PAKv6LsYLX24lFYTZ0Y,f0f7a411-d78f-4c3a-abf2-4cce65097af4,40375dc9-7834-49eb-9103-745a5ef656cd,College Prep Masterclass,3/29/2020 3:57,txcd_20030000
ch_3OMufjAKv6LsYLX21UjYDnwI,12/13/2023 15:48,28.67,0,gbp,TRUE,34.85,0,usd,,1.83,Paid,Payment complete.,pm_1OMufiAKv6LsYLX2F21oSzeK,cus_PBH2FlIe3zKHsX,in_1OMufnAKv6LsYLX2RRj7Wwjw,po_1ON42PAKv6LsYLX24lFYTZ0Y,d8b64e76-c7a9-4c9d-b904-49d81557c23a,8c46a7cc-09e5-40d8-9584-33c0184298c6,College Essay Coaching,10/9/2023 8:57,txcd_20030000
ch_3OMuTsAKv6LsYLX23DK8hcGQ,12/13/2023 15:36,279.2,0,usd,TRUE,279.2,0,usd,,8.4,Paid,Payment complete.,pm_1OMuTrAKv6LsYLX2PjzYqo7V,cus_PBGzfYgScXYNS4,in_1OMuTwAKv6LsYLX2FiWrms6j,po_1ON42PAKv6LsYLX24lFYTZ0Y,f0f7a411-d78f-4c3a-abf2-4cce65097af4,40375dc9-7834-49eb-9103-745a5ef656cd,College Prep Masterclass,3/29/2020 3:57,txcd_20030000
ch_3OMtqUAKv6LsYLX21SdVaW7r,12/13/2023 14:55,279.2,0,usd,TRUE,159.2,0,usd,,4.92,Paid,Payment complete.,pm_1OMtqTAKv6LsYLX2EcPkyRDs,cus_PBGEFlmtV8yedS,in_1OMtqXAKv6LsYLX2G9l8iKj5,po_1ON42PAKv6LsYLX24lFYTZ0Y,25fdcdc9-4f82-4374-a62c-7d323f543a03,201283c3-5723-4e02-9d18-d9ff952d0d07,Elite College Prep Package,10/9/2022 8:25,txcd_20030000
ch_3OMsWRAKv6LsYLX23ahpdfFI,12/13/2023 13:30,22.71,0,eur,TRUE,23.76,0,usd,,1.35,Paid,Payment complete.,pm_1OMsWRAKv6LsYLX295Dskm8H,cus_PBEzJmZ9gzAldz,in_1OMsWUAKv6LsYLX2l7qziBcK,po_1ON42PAKv6LsYLX24lFYTZ0Y,d7c2e880-2bff-4c5a-897b-9a08f8cddd06,4033cc0f-bce4-4338-b8d6-9a983207c2a1,GPA Boosting Academy,10/9/2021 5:30,txcd_20030000
ch_3OJiTCAKv6LsYLX22XpqvjC9,12/4/2023 20:10,31,0,usd,TRUE,31,0,usd,,1.2,Paid,Payment complete.,pm_1OJiTAAKv6LsYLX21wT2vqvg,cus_OrSd6mBkgFLKu8,in_1OJiTEAKv6LsYLX2i14rnUz8,po_1OJnj4AKv6LsYLX2kKOAKjot,a2ebb248-5873-4edd-a229-9f1a96bc1db7,4b8c704c-863d-4e25-9bcf-ce9a1b75a391,Admission Success Blueprint,12/27/2023 16:46,txcd_20030000
ch_3OJi4hAKv6LsYLX23VNhxGle,12/4/2023 19:45,14,0,usd,TRUE,10,0,usd,Subscription update,0.59,Paid,Payment complete.,pm_1O8olyAKv6LsYLX2xgqNrlnY,cus_OuQpMocC57bYjE,in_1OJh84AKv6LsYLX2logZD9Oq,po_1OJnj4AKv6LsYLX2kKOAKjot,,,,,
ch_3OJfMNAKv6LsYLX20QSHH39m,12/4/2023 16:51,29.11,0,eur,TRUE,30.69,0,usd,,1.65,Paid,Payment complete.,pm_1OJfMNAKv6LsYLX2IAXZc9Du,cus_P7v8GOhgeAlAci,in_1OJfMQAKv6LsYLX2SM5txu3Q,po_1OJnj4AKv6LsYLX2kKOAKjot,3c44d36a-0b56-404d-8876-00c8293b8fac,8c46a7cc-09e5-40d8-9584-33c0184298c6,College Essay Coaching,10/9/2023 8:57,txcd_20030000
ch_3OJfEdAKv6LsYLX22thtUm15,12/4/2023 16:43,31,0,usd,TRUE,31,0,usd,,1.2,Paid,Payment complete.,pm_1OJfEdAKv6LsYLX2d0L5GodZ,cus_P7v3uujpmMys9l,in_1OJfEgAKv6LsYLX2BoXTLtyE,po_1OJnj4AKv6LsYLX2kKOAKjot,a2ebb248-5873-4edd-a229-9f1a96bc1db7,4b8c704c-863d-4e25-9bcf-ce9a1b75a391,Admission Success Blueprint,12/27/2023 16:46,txcd_20030000
ch_3OJbdqAKv6LsYLX21z04DU8Q,12/4/2023 12:52,249,0,usd,TRUE,249,0,usd,,11.26,Paid,Payment complete.,pm_1OJbdqAKv6LsYLX2HWA3RPtu,cus_P7Qy88xDzeUXqK,in_1OJbdtAKv6LsYLX2m5hCk6Wo,po_1OJnj4AKv6LsYLX2kKOAKjot,6834082b-2d96-48f3-8648-f39505489446,40375dc9-7834-49eb-9103-745a5ef656cd,College Prep Masterclass,3/29/2020 3:57,txcd_20030000
ch_3OJWK1AKv6LsYLX20z6d8Fpt,12/4/2023 7:12,31,0,usd,TRUE,31,0,usd,,1.2,Paid,Payment complete.,pm_1OJWK0AKv6LsYLX2dg8DMQPK,cus_P7lcclHwccrS6K,in_1OJWK4AKv6LsYLX2hbGRSklU,po_1OJnj4AKv6LsYLX2kKOAKjot,a2ebb248-5873-4edd-a229-9f1a96bc1db7,4b8c704c-863d-4e25-9bcf-ce9a1b75a391,Admission Success Blueprint,12/27/2023 16:46,txcd_20030000
ch_3OJTkUAKv6LsYLX20fHpaheR,12/4/2023 4:27,31,0,usd,TRUE,31,0,usd,,1.2,Paid,Payment complete.,pm_1OJTkUAKv6LsYLX2qsWx6hsx,cus_P7jBrfeCck0Xxq,in_1OJTkXAKv6LsYLX21CPaVIZc,po_1OJnj4AKv6LsYLX2kKOAKjot,a2ebb248-5873-4edd-a229-9f1a96bc1db7,4b8c704c-863d-4e25-9bcf-ce9a1b75a391,Admission Success Blueprint,12/27/2023 16:46,txcd_20030000
ch_3OJMNkAKv6LsYLX23jLodmUV,12/3/2023 20:35,249,0,usd,TRUE,249,0,usd,,7.52,Paid,Payment complete.,pm_1OJMNjAKv6LsYLX2yEb9GIf3,cus_P3xfuoWNFyB0fy,in_1OJMNnAKv6LsYLX20KZRXWeU,po_1OJnj4AKv6LsYLX2kKOAKjot,6834082b-2d96-48f3-8648-f39505489446,40375dc9-7834-49eb-9103-745a5ef656cd,College Prep Masterclass,3/29/2020 3:57,txcd_20030000
ch_3OJKT0AKv6LsYLX23eD2yF9i,12/3/2023 18:32,89,0,usd,TRUE,89,0,usd,,2.88,Paid,Payment complete.,pm_1OJKSzAKv6LsYLX2c8JuQ9NR,cus_P7ZMsOubMldY6H,in_1OJKT2AKv6LsYLX2XGkpquKU,po_1OJnj4AKv6LsYLX2kKOAKjot,233ec5a8-d4ac-444a-979b-2c9bca0c2c8d,b7f7421a-3caf-4185-84f9-e254a4365528,College Admission Strategy Workshop,12/27/2023 16:46,txcd_20030000
ch_3OJHNNAKv6LsYLX2238I4DAJ,12/3/2023 15:14,14,0,usd,TRUE,10,0,usd,Subscription creation,0.74,Paid,Payment complete.,pm_1OJHNLAKv6LsYLX2Y9aQ22zD,cus_P14r2IpWL9RafA,in_1OJHNMAKv6LsYLX2WkjjvzzX,po_1OJnj4AKv6LsYLX2kKOAKjot,,,,,
ch_3OJGcQAKv6LsYLX22vJeffAb,12/3/2023 14:26,24.9,0,gbp,TRUE,30.7,0,usd,,1.65,Paid,Payment complete.,pm_1OJGcPAKv6LsYLX2Of2HYpUV,cus_P7VNJ8klDuJhEZ,in_1OJGcSAKv6LsYLX2NvaQM3HM,po_1OJnj4AKv6LsYLX2kKOAKjot,a2ebb248-5873-4edd-a229-9f1a96bc1db7,4b8c704c-863d-4e25-9bcf-ce9a1b75a391,Admission Success Blueprint,12/27/2023 16:46,txcd_20030000
ch_3OJD83AKv6LsYLX21SpXgqNd,12/3/2023 10:42,24,0,usd,TRUE,24,0,usd,,1.36,Paid,Payment complete.,pm_1OJD82AKv6LsYLX2fdwwyZ4E,cus_P7RzrbMqk0mifY,in_1OJD86AKv6LsYLX2IGV7xkza,po_1OJnj4AKv6LsYLX2kKOAKjot,8e3b69e5-2e21-4c93-90de-070cc5de71b4,48dc9a13-5f13-4cb9-88e2-f6004bdaee4c,Scholarly Scholarships Guide,10/9/2023 8:47,txcd_20030000
ch_3OJ9JNAKv6LsYLX20mTovnUY,12/3/2023 6:37,31,0,usd,TRUE,31,0,usd,,1.66,Paid,Payment complete.,pm_1OJ9JMAKv6LsYLX2PXslwsDt,cus_P7O4uzIlCzbU8d,in_1OJ9JQAKv6LsYLX271gnLdpP,po_1OJnj4AKv6LsYLX2kKOAKjot,a2ebb248-5873-4edd-a229-9f1a96bc1db7,4b8c704c-863d-4e25-9bcf-ce9a1b75a391,Admission Success Blueprint,12/27/2023 16:46,txcd_20030000
ch_3OJ5oLAKv6LsYLX203y1IQWp,12/3/2023 2:53,31,0,usd,TRUE,31,0,usd,,1.2,Paid,Payment complete.,pm_1OJ5oLAKv6LsYLX2OD1KEXiw,cus_P7KGI9Qoinf1Ls,in_1OJ5oTAKv6LsYLX2oBez1MFn,po_1OJnj4AKv6LsYLX2kKOAKjot,a2ebb248-5873-4edd-a229-9f1a96bc1db7,4b8c704c-863d-4e25-9bcf-ce9a1b75a391,Admission Success Blueprint,12/27/2023 16:46,txcd_20030000
ch_3OJ39CAKv6LsYLX23Uom2sLu,12/3/2023 0:02,31,0,usd,TRUE,31,0,usd,,1.2,Paid,Payment complete.,pm_1OJ39BAKv6LsYLX2Q7Q7tIvK,cus_P7HhLFeq6jQrr8,in_1OJ39FAKv6LsYLX2uUbQpkdn,po_1OJnj4AKv6LsYLX2kKOAKjot,3c44d36a-0b56-404d-8876-00c8293b8fac,8c46a7cc-09e5-40d8-9584-33c0184298c6,College Essay Coaching,10/9/2023 8:57,txcd_20030000
ch_3OJ1mMAKv6LsYLX23IJJMQnH,12/2/2023 22:35,31,0,usd,TRUE,31,0,usd,,1.2,Paid,Payment complete.,pm_1OJ1mMAKv6LsYLX2gkn3sJIk,cus_P7EeBu5SL2FQWW,in_1OJ1mQAKv6LsYLX2fdTojrrF,po_1OJnj4AKv6LsYLX2kKOAKjot,a2ebb248-5873-4edd-a229-9f1a96bc1db7,4b8c704c-863d-4e25-9bcf-ce9a1b75a391,Admission Success Blueprint,12/27/2023 16:46,txcd_20030000
ch_3OIywmAKv6LsYLX22otWhYeg,12/2/2023 19:33,249,0,usd,TRUE,249,0,usd,,7.52,Paid,Payment complete.,pm_1OIywmAKv6LsYLX24RAjYCIm,cus_P5MKlwv8upoBn8,in_1OIywsAKv6LsYLX2BmzBPT3N,po_1OJnj4AKv6LsYLX2kKOAKjot,6834082b-2d96-48f3-8648-f39505489446,40375dc9-7834-49eb-9103-745a5ef656cd,College Prep Masterclass,3/29/2020 3:57,txcd_20030000
ch_3OIxVOAKv6LsYLX20llj6axG,12/2/2023 18:01,14,0,usd,TRUE,10,0,usd,Subscription update,0.74,Paid,Payment complete.,pm_1O84DZAKv6LsYLX2oVo1VPQ0,cus_OuN5CAxjrjJjHV,in_1OIwY0AKv6LsYLX2pF9gkdQk,po_1OJnj4AKv6LsYLX2kKOAKjot,,,,,
ch_3OIqgKAKv6LsYLX21GmxxsNJ,12/2/2023 10:44,47.39,0,aud,TRUE,30.69,0,usd,,1.65,Paid,Payment complete.,pm_1OIqgKAKv6LsYLX2d6JPPdg0,cus_P74j6oSLtyJkp1,in_1OIqgOAKv6LsYLX2IJX1YRBO,po_1OJnj4AKv6LsYLX2kKOAKjot,a2ebb248-5873-4edd-a229-9f1a96bc1db7,4b8c704c-863d-4e25-9bcf-ce9a1b75a391,Admission Success Blueprint,12/27/2023 16:46,txcd_20030000
ch_3OIkUdAKv6LsYLX22uVHqhiV,12/2/2023 4:07,14,0,usd,TRUE,10,0,usd,Subscription update,0.59,Paid,Payment complete.,pm_1O7rHuAKv6LsYLX2TCvvalqZ,cus_OvicZscrsW4e8G,in_1OIjYBAKv6LsYLX2m8JtrUDs,po_1OJnj4AKv6LsYLX2kKOAKjot,,,,,
ch_3OIfZ8AKv6LsYLX23Mjeu838,12/1/2023 22:52,24,0,usd,TRUE,24,0,usd,,1,Paid,Payment complete.,pm_1OIfZ8AKv6LsYLX2zHXV0EAZ,cus_P6tLdHcX5cSvlg,in_1OIfZCAKv6LsYLX2OxTRdlCA,po_1OJRAHAKv6LsYLX236Cmpj02,8e3b69e5-2e21-4c93-90de-070cc5de71b4,48dc9a13-5f13-4cb9-88e2-f6004bdaee4c,Scholarly Scholarships Guide,10/9/2023 8:47,txcd_20030000
ch_3OIdUcAKv6LsYLX23JPOx74q,12/1/2023 20:39,205.58,0,cad,TRUE,147.51,0,usd,,6.79,Paid,Payment complete.,pm_1OIdUbAKv6LsYLX2zxgqt3Sm,cus_P1EZ56dxp3X1kp,in_1OIdUeAKv6LsYLX2WjK1XuZm,po_1OJRAHAKv6LsYLX236Cmpj02,3abfb28f-bb3c-4a2c-8c39-5c61aac810d5,201283c3-5723-4e02-9d18-d9ff952d0d07,Elite College Prep Package,10/9/2022 8:25,txcd_20030000
ch_3OIZQbAKv6LsYLX237pcj3Wx,12/1/2023 16:18,249,0,usd,TRUE,249,0,usd,,7.52,Paid,Payment complete.,pm_1OIZQbAKv6LsYLX2f81Nmec3,cus_P6dBvfrBPBGFdw,in_1OIZQfAKv6LsYLX2fd6jfwqF,po_1OJRAHAKv6LsYLX236Cmpj02,6834082b-2d96-48f3-8648-f39505489446,40375dc9-7834-49eb-9103-745a5ef656cd,College Prep Masterclass,3/29/2020 3:57,txcd_20030000
ch_3OIZOpAKv6LsYLX21Nq9UXI6,12/1/2023 16:17,14,0,usd,TRUE,10,0,usd,Subscription creation,0.59,Paid,Payment complete.,pm_1OIZOnAKv6LsYLX2qigfoqQr,cus_P6myNvYKOlOR0u,in_1OIZOoAKv6LsYLX21iC8EuZT,po_1OJRAHAKv6LsYLX236Cmpj02,,,,,
ch_3OIYNaAKv6LsYLX212pKL4u7,12/1/2023 15:11,249,0,usd,TRUE,249,0,usd,,7.52,Paid,Payment complete.,pm_1OIYNZAKv6LsYLX2B4bGv2B8,cus_P0TXQEOp0JIynz,in_1OIYNdAKv6LsYLX2V2V1TYTf,po_1OJRAHAKv6LsYLX236Cmpj02,6834082b-2d96-48f3-8648-f39505489446,40375dc9-7834-49eb-9103-745a5ef656cd,College Prep Masterclass,3/29/2020 3:57,txcd_20030000
ch_3OISEhAKv6LsYLX20qXjUd0L,12/1/2023 8:38,14,0,usd,TRUE,10,0,usd,Subscription creation,0.74,Paid,Payment complete.,pm_1OISEfAKv6LsYLX2FSrtz3bu,cus_P6fYjfo3nYacQC,in_1OISEgAKv6LsYLX2slp5sBzE,po_1OJRAHAKv6LsYLX236Cmpj02,,,,,
ch_3OINsAAKv6LsYLX20IdFjI4i,12/1/2023 3:58,384.56,0,aud,TRUE,246.51,0,usd,,11.15,Paid,Payment complete.,pm_1OINs9AKv6LsYLX2AnSVqACI,cus_P60rCb5laDMHH7,in_1OINsDAKv6LsYLX2XFZlsoKf,po_1OJRAHAKv6LsYLX236Cmpj02,6834082b-2d96-48f3-8648-f39505489446,40375dc9-7834-49eb-9103-745a5ef656cd,College Prep Masterclass,3/29/2020 3:57,txcd_20030000
ch_3OIL2SAKv6LsYLX21wm8OVVF,12/1/2023 0:57,31,0,usd,TRUE,31,0,usd,,1.2,Paid,Payment complete.,pm_1OIL2SAKv6LsYLX2tQQseDPM,cus_P6Y7bMSHpPimL3,in_1OIL2VAKv6LsYLX2ROAV0Nwn,po_1OJRAHAKv6LsYLX236Cmpj02,a2ebb248-5873-4edd-a229-9f1a96bc1db7,4b8c704c-863d-4e25-9bcf-ce9a1b75a391,Admission Success Blueprint,12/27/2023 16:46,txcd_20030000
ch_3OIJE6AKv6LsYLX21ZZyuvPR,11/30/2023 23:00,14,0,usd,TRUE,10,0,usd,Subscription update,0.59,Paid,Payment complete.,pm_1O73SQAKv6LsYLX24qWCCf5u,cus_OutEiYt6CobsiB,in_1OIIHdAKv6LsYLX2FT43aMvv,po_1OJ4L4AKv6LsYLX2LtNuNm18,,,,,
ch_3OIHudAKv6LsYLX22IxQrqle,11/30/2023 21:36,14,0,usd,TRUE,10,0,usd,Subscription update,0.59,Paid,Payment complete.,pm_1O7OgyAKv6LsYLX2ckoFHoEu,cus_OvELuidhSj73IW,in_1OIGxIAKv6LsYLX2U43ao5y4,po_1OJ4L4AKv6LsYLX2LtNuNm18,,,,,
ch_3OIEx5AKv6LsYLX21wmeUJ26,11/30/2023 18:27,201.01,0,gbp,TRUE,246.52,0,usd,,11.15,Paid,Payment complete.,pm_1OIEx5AKv6LsYLX27jurdMOX,cus_Oo58TzPV2KZJ7n,in_1OIEx9AKv6LsYLX2BMwjz9en,po_1OJ4L4AKv6LsYLX2LtNuNm18,6834082b-2d96-48f3-8648-f39505489446,40375dc9-7834-49eb-9103-745a5ef656cd,College Prep Masterclass,3/29/2020 3:57,txcd_20030000
ch_3OIEBHAKv6LsYLX20JeYuZdc,11/30/2023 17:37,249,0,usd,TRUE,249,0,usd,,7.52,Paid,Payment complete.,pm_1OIEBHAKv6LsYLX2DtFAau8X,cus_P6R2q6CRqrh3XJ,in_1OIEBLAKv6LsYLX2bod33eZH,po_1OJ4L4AKv6LsYLX2LtNuNm18,6834082b-2d96-48f3-8648-f39505489446,40375dc9-7834-49eb-9103-745a5ef656cd,College Prep Masterclass,3/29/2020 3:57,txcd_20030000
ch_3OIDJRAKv6LsYLX22yRwR9Lh,11/30/2023 16:42,249,0,usd,TRUE,249,0,usd,,7.52,Paid,Payment complete.,pm_1OIDJRAKv6LsYLX2lfasHuYY,cus_P64uK4Om30zLku,in_1OIDJgAKv6LsYLX2WBbUzfEx,po_1OJ4L4AKv6LsYLX2LtNuNm18,6834082b-2d96-48f3-8648-f39505489446,40375dc9-7834-49eb-9103-745a5ef656cd,College Prep Masterclass,3/29/2020 3:57,txcd_20030000
ch_3OHvpYAKv6LsYLX23fFA3xj4,11/29/2023 22:02,14,0,usd,TRUE,10,0,usd,Subscription creation,0.74,Paid,Payment complete.,pm_1OHvpWAKv6LsYLX2n10SPJoK,cus_OotJu1vHnwTI2Q,in_1OHvpXAKv6LsYLX2RedO6bqM,po_1OHzV0AKv6LsYLX2uIoBbAvd,,,,,
ch_3OHmOEAKv6LsYLX21voDg0gq,11/29/2023 11:57,199.89,0,gbp,TRUE,246.51,0,usd,,11.15,Paid,Payment complete.,pm_1OHmODAKv6LsYLX2a5fPrqQj,cus_OtJ907cCxSGHog,in_1OHmOHAKv6LsYLX2d89fVYcG,po_1OHzV0AKv6LsYLX2uIoBbAvd,6834082b-2d96-48f3-8648-f39505489446,40375dc9-7834-49eb-9103-745a5ef656cd,College Prep Masterclass,3/29/2020 3:57,txcd_20030000
ch_3OHcWUAKv6LsYLX22BcCBsJV,11/29/2023 1:25,89,0,usd,TRUE,89,0,usd,,2.88,Paid,Payment complete.,pm_1OHcWTAKv6LsYLX2ADYC35X1,cus_P5mekS6mkWp9rH,in_1OHcWXAKv6LsYLX2nYV0cPa3,po_1OHzV0AKv6LsYLX2uIoBbAvd,233ec5a8-d4ac-444a-979b-2c9bca0c2c8d,b7f7421a-3caf-4185-84f9-e254a4365528,College Admission Strategy Workshop,12/27/2023 16:46,txcd_20030000
ch_3OHZUeAKv6LsYLX23kEjyhNc,11/28/2023 22:11,31,0,usd,TRUE,31,0,usd,,1.2,Paid,Payment complete.,pm_1OHZUdAKv6LsYLX2iS9erCTY,cus_P5kqy3HA6YyoCC,in_1OHZUhAKv6LsYLX26cZJl8Fu,po_1OHcxsAKv6LsYLX2TpQ7fsxm,a2ebb248-5873-4edd-a229-9f1a96bc1db7,4b8c704c-863d-4e25-9bcf-ce9a1b75a391,Admission Success Blueprint,12/27/2023 16:46,txcd_20030000
ch_3OHWobAKv6LsYLX23zBIVLr2,11/28/2023 19:19,249,0,usd,TRUE,249,0,usd,,7.52,Paid,Payment complete.,pm_1OHWoZAKv6LsYLX2aLnEfT6m,cus_OrDAxRS7z6fHMa,in_1OHWoiAKv6LsYLX2441kyLl3,po_1OHcxsAKv6LsYLX2TpQ7fsxm,6834082b-2d96-48f3-8648-f39505489446,40375dc9-7834-49eb-9103-745a5ef656cd,College Prep Masterclass,3/29/2020 3:57,txcd_20030000
ch_3OHQ5LAKv6LsYLX20EG0B85z,11/28/2023 12:08,71.87,0,gbp,TRUE,88.12,0,usd,,4.18,Paid,Payment complete.,pm_1OHQ5KAKv6LsYLX2b1UubiQg,cus_Oo5V6Imcz1qvko,in_1OHQ5NAKv6LsYLX2LN7kHfoR,po_1OHcxsAKv6LsYLX2TpQ7fsxm,233ec5a8-d4ac-444a-979b-2c9bca0c2c8d,b7f7421a-3caf-4185-84f9-e254a4365528,College Admission Strategy Workshop,12/27/2023 16:46,txcd_20030000
ch_3OHKt9AKv6LsYLX22ayq18Dz,11/28/2023 6:35,25.04,0,gbp,TRUE,30.7,0,usd,,1.65,Paid,Payment complete.,pm_1OHKt9AKv6LsYLX2d9aPMegQ,cus_P5VuDs2Rzm3mFF,in_1OHKtCAKv6LsYLX2SgYCE9sg,po_1OHcxsAKv6LsYLX2TpQ7fsxm,a2ebb248-5873-4edd-a229-9f1a96bc1db7,4b8c704c-863d-4e25-9bcf-ce9a1b75a391,Admission Success Blueprint,12/27/2023 16:46,txcd_20030000
ch_3OHJKdAKv6LsYLX229oF7j2P,11/28/2023 4:55,249,0,usd,TRUE,249,0,usd,,7.52,Paid,Payment complete.,pm_1OHJKcAKv6LsYLX2C7T0Cdgx,cus_Ot6Q2E6cZPCsmZ,in_1OHJKgAKv6LsYLX21DOtXbwX,po_1OHcxsAKv6LsYLX2TpQ7fsxm,6834082b-2d96-48f3-8648-f39505489446,40375dc9-7834-49eb-9103-745a5ef656cd,College Prep Masterclass,3/29/2020 3:57,txcd_20030000
ch_3OHIzHAKv6LsYLX21e4OJKtY,11/28/2023 4:33,47.83,0,aud,TRUE,30.69,0,usd,,1.65,Paid,Payment complete.,pm_1OHIzHAKv6LsYLX2ggevGDbi,cus_P5Twbx1xo8Efm5,in_1OHIzKAKv6LsYLX2pqrRCf1G,po_1OHcxsAKv6LsYLX2TpQ7fsxm,a2ebb248-5873-4edd-a229-9f1a96bc1db7,4b8c704c-863d-4e25-9bcf-ce9a1b75a391,Admission Success Blueprint,12/27/2023 16:46,txcd_20030000
ch_3OHH05AKv6LsYLX20ggeYwtx,11/28/2023 2:26,249,0,usd,TRUE,249,0,usd,,7.52,Paid,Payment complete.,pm_1OHH04AKv6LsYLX2fMNYRuIr,cus_P5Rtr0nlmqJNTi,in_1OHH07AKv6LsYLX2UTt9bdxD,po_1OHcxsAKv6LsYLX2TpQ7fsxm,6834082b-2d96-48f3-8648-f39505489446,40375dc9-7834-49eb-9103-745a5ef656cd,College Prep Masterclass,3/29/2020 3:57,txcd_20030000
ch_3OHG1lAKv6LsYLX20JIMcjvK,11/28/2023 1:24,48.07,0,aud,TRUE,30.7,0,usd,,1.65,Paid,Payment complete.,pm_1OHG1jAKv6LsYLX2ZC215lWj,cus_P581b5AWb3OGm3,in_1OHG1tAKv6LsYLX2pg6FX71L,po_1OHcxsAKv6LsYLX2TpQ7fsxm,a2ebb248-5873-4edd-a229-9f1a96bc1db7,4b8c704c-863d-4e25-9bcf-ce9a1b75a391,Admission Success Blueprint,12/27/2023 16:46,txcd_20030000
ch_3OHFqYAKv6LsYLX23KfTFmCZ,11/28/2023 1:12,249,0,usd,TRUE,249,0,usd,,7.52,Paid,Payment complete.,pm_1OHFqXAKv6LsYLX2GKOAmncQ,cus_P5Q2hynNFB7SUF,in_1OHFqaAKv6LsYLX2eqDt874u,po_1OHcxsAKv6LsYLX2TpQ7fsxm,6834082b-2d96-48f3-8648-f39505489446,40375dc9-7834-49eb-9103-745a5ef656cd,College Prep Masterclass,3/29/2020 3:57,txcd_20030000
ch_3OHFj5AKv6LsYLX205ss3bEL,11/28/2023 1:04,14,0,usd,TRUE,10,0,usd,Subscription update,0.59,Paid,Payment complete.,pm_1O5zwvAKv6LsYLX2x1184YSK,cus_OoZYpheNvH1u6o,in_1OHEk1AKv6LsYLX2fYLHMddE,po_1OHcxsAKv6LsYLX2TpQ7fsxm,,,,,
ch_3OHFdtAKv6LsYLX22afNWbS1,11/28/2023 0:59,37691,0,jpy,TRUE,246.51,0,usd,,11.15,Paid,Payment complete.,pm_1OHFdtAKv6LsYLX2HnvRRXdU,cus_P5PKNf3qBrqpRc,in_1OHFdwAKv6LsYLX2biXra7DY,po_1OHcxsAKv6LsYLX2TpQ7fsxm,6834082b-2d96-48f3-8648-f39505489446,40375dc9-7834-49eb-9103-745a5ef656cd,College Prep Masterclass,3/29/2020 3:57,txcd_20030000
ch_3OHEXPAKv6LsYLX20zEXzkgn,11/27/2023 23:48,31,0,usd,TRUE,31,0,usd,,1.2,Paid,Payment complete.,pm_1OHEXOAKv6LsYLX2exQBsFvr,cus_P5PL9Vhvqg3lP0,in_1OHEXSAKv6LsYLX2EoID0Ttw,po_1OHGPgAKv6LsYLX2Fts29BgR,3c44d36a-0b56-404d-8876-00c8293b8fac,8c46a7cc-09e5-40d8-9584-33c0184298c6,College Essay Coaching,10/9/2023 8:57,txcd_20030000
ch_3OHEBqAKv6LsYLX22qpCxJ5i,11/27/2023 23:26,31,0,usd,TRUE,31,0,usd,,1.2,Paid,Payment complete.,pm_1OHEBqAKv6LsYLX24TVHYh4q,cus_P5OyAI24KDGCkR,in_1OHEBtAKv6LsYLX2ZAUTRKNk,po_1OHGPgAKv6LsYLX2Fts29BgR,a2ebb248-5873-4edd-a229-9f1a96bc1db7,4b8c704c-863d-4e25-9bcf-ce9a1b75a391,Admission Success Blueprint,12/27/2023 16:46,txcd_20030000
ch_3OH7bVAKv6LsYLX20Y8uRz0Q,11/27/2023 16:24,28.89,0,eur,TRUE,30.7,0,usd,,1.65,Paid,Payment complete.,pm_1OH7bUAKv6LsYLX2lY0olsIL,cus_P5IBS3jVUkFovt,in_1OH7bZAKv6LsYLX2KKjpuYxA,po_1OHGPgAKv6LsYLX2Fts29BgR,3c44d36a-0b56-404d-8876-00c8293b8fac,8c46a7cc-09e5-40d8-9584-33c0184298c6,College Essay Coaching,10/9/2023 8:57,txcd_20030000
ch_3OH380AKv6LsYLX204oEp96n,11/27/2023 11:37,72.08,0,gbp,TRUE,88.12,0,usd,,4.18,Paid,Payment complete.,pm_1OH37zAKv6LsYLX2xZp1syT1,cus_P5D2726HNNmqMC,in_1OH38PAKv6LsYLX28T1OCtRy,po_1OHGPgAKv6LsYLX2Fts29BgR,233ec5a8-d4ac-444a-979b-2c9bca0c2c8d,b7f7421a-3caf-4185-84f9-e254a4365528,College Admission Strategy Workshop,12/27/2023 16:46,txcd_20030000
ch_3OGxFSAKv6LsYLX20vJybcla,11/27/2023 5:20,249,0,usd,TRUE,249,0,usd,,11.26,Paid,Payment complete.,pm_1OGxFRAKv6LsYLX2WICpLnKQ,cus_P57TWZ6nHGCsjQ,in_1OGxFUAKv6LsYLX29rw0ew64,po_1OHGPgAKv6LsYLX2Fts29BgR,6834082b-2d96-48f3-8648-f39505489446,40375dc9-7834-49eb-9103-745a5ef656cd,College Prep Masterclass,3/29/2020 3:57,txcd_20030000
ch_3OGs9YAKv6LsYLX20XwK3Tvq,11/26/2023 23:54,14,0,usd,TRUE,10,0,usd,Subscription creation,0.59,Paid,Payment complete.,pm_1OGs9WAKv6LsYLX2QzZO6hMW,cus_P2P12RqtWYnkC0,in_1OGs9XAKv6LsYLX2gGTisC5f,po_1OHGPgAKv6LsYLX2Fts29BgR,,,,,
ch_3OGpV1AKv6LsYLX22XeuAr5V,11/26/2023 21:04,249,0,usd,TRUE,249,0,usd,,7.52,Paid,Payment complete.,pm_1OGpV1AKv6LsYLX2aP3Y8poP,cus_P4zRbVtWvyupOb,in_1OGpV4AKv6LsYLX2BlWjozD2,po_1OHGPgAKv6LsYLX2Fts29BgR,6834082b-2d96-48f3-8648-f39505489446,40375dc9-7834-49eb-9103-745a5ef656cd,College Prep Masterclass,3/29/2020 3:57,txcd_20030000
ch_3OGm1YAKv6LsYLX20QmKapOW,11/26/2023 17:21,19.48,0,gbp,TRUE,23.77,0,usd,,1.35,Paid,Payment complete.,pm_1OGm1XAKv6LsYLX2XcjklMwn,cus_OxW1H0rj5BlBJD,in_1OGm1cAKv6LsYLX2zIyo9QYr,po_1OHGPgAKv6LsYLX2Fts29BgR,d7c2e880-2bff-4c5a-897b-9a08f8cddd06,4033cc0f-bce4-4338-b8d6-9a983207c2a1,GPA Boosting Academy,10/9/2021 5:30,txcd_20030000
ch_3OGlppAKv6LsYLX237EcNfI1,11/26/2023 17:09,249,0,usd,TRUE,249,0,usd,,7.52,Paid,Payment complete.,pm_1OGlppAKv6LsYLX2xjGub88X,cus_OvvLnXhMvFDHIH,in_1OGlpsAKv6LsYLX2rRSZEziU,po_1OHGPgAKv6LsYLX2Fts29BgR,6834082b-2d96-48f3-8648-f39505489446,40375dc9-7834-49eb-9103-745a5ef656cd,College Prep Masterclass,3/29/2020 3:57,txcd_20030000
ch_3OGYMpAKv6LsYLX20qRlcGfm,11/26/2023 2:46,385.91,0,aud,TRUE,246.51,0,usd,,11.15,Paid,Payment complete.,pm_1OGYMoAKv6LsYLX2l39F0S8u,cus_Oo6Oxs9kACEDDW,in_1OGYMrAKv6LsYLX2fgsgEmHM,po_1OHGPgAKv6LsYLX2Fts29BgR,6834082b-2d96-48f3-8648-f39505489446,40375dc9-7834-49eb-9103-745a5ef656cd,College Prep Masterclass,3/29/2020 3:57,txcd_20030000
ch_3OGXaVAKv6LsYLX22hWCixb2,11/26/2023 1:56,14,0,usd,TRUE,10,0,usd,Subscription update,0.59,Paid,Payment complete.,pm_1O5HpgAKv6LsYLX2GeAKawmv,cus_OoCQ7fY5Uai6U6,in_1OGWe2AKv6LsYLX2AWpB19EL,po_1OHGPgAKv6LsYLX2Fts29BgR,,,,,
ch_3OGS61AKv6LsYLX23vAZ3DNp,11/25/2023 20:04,72.07,0,gbp,TRUE,88.11,0,usd,,4.18,Paid,Payment complete.,pm_1OGS60AKv6LsYLX2fCqE2OqL,cus_P4bDnNjj4N5qLy,in_1OGS64AKv6LsYLX2cKN92yXw,po_1OHGPgAKv6LsYLX2Fts29BgR,233ec5a8-d4ac-444a-979b-2c9bca0c2c8d,b7f7421a-3caf-4185-84f9-e254a4365528,College Admission Strategy Workshop,12/27/2023 16:46,txcd_20030000
ch_3OGOG6AKv6LsYLX21oOjX93p,11/25/2023 15:59,25.11,0,gbp,TRUE,30.7,0,usd,,1.65,Paid,Payment complete.,pm_1OGOG6AKv6LsYLX2IKX4PdeX,cus_OpZFLgpwnqkvlt,in_1OGOG9AKv6LsYLX2MIqUZ84q,po_1OHGPgAKv6LsYLX2Fts29BgR,3c44d36a-0b56-404d-8876-00c8293b8fac,8c46a7cc-09e5-40d8-9584-33c0184298c6,College Essay Coaching,10/9/2023 8:57,txcd_20030000
ch_3OGNPKAKv6LsYLX21lPjTsHr,11/25/2023 15:04,201.63,0,gbp,TRUE,246.51,0,usd,,11.15,Paid,Payment complete.,pm_1OGNPKAKv6LsYLX2neS5APOj,cus_P2FhUUsWFelAWW,in_1OGNPOAKv6LsYLX2A6oc7LU2,po_1OHGPgAKv6LsYLX2Fts29BgR,6834082b-2d96-48f3-8648-f39505489446,40375dc9-7834-49eb-9103-745a5ef656cd,College Prep Masterclass,3/29/2020 3:57,txcd_20030000
ch_3OGMEnAKv6LsYLX22f6ESrv9,11/25/2023 13:49,14,0,usd,TRUE,10,0,usd,Subscription update,0.59,Paid,Payment complete.,pm_1O56VVAKv6LsYLX2aNo2vy3q,cus_OssFWPMkP59D2x,in_1OGLI9AKv6LsYLX2C3IQIa3b,po_1OHGPgAKv6LsYLX2Fts29BgR,,,,,
ch_3OGEOTAKv6LsYLX22wjaJsIF,11/25/2023 5:27,249,0,usd,TRUE,249,0,usd,,7.52,Paid,Payment complete.,pm_1OGEOTAKv6LsYLX22YmEG1ZI,cus_P4N7t1oDByy1Pg,in_1OGEOWAKv6LsYLX2RjWn95gH,po_1OHGPgAKv6LsYLX2Fts29BgR,6834082b-2d96-48f3-8648-f39505489446,40375dc9-7834-49eb-9103-745a5ef656cd,College Prep Masterclass,3/29/2020 3:57,txcd_20030000
ch_3OGCjwAKv6LsYLX22PqRORxY,11/25/2023 3:41,249,0,usd,TRUE,249,0,usd,,7.52,Paid,Payment complete.,pm_1OGCjvAKv6LsYLX2lpl25FFp,cus_OoXudlPz8Wo9xV,in_1OGCjzAKv6LsYLX2FVYDzVQ7,po_1OHGPgAKv6LsYLX2Fts29BgR,6834082b-2d96-48f3-8648-f39505489446,40375dc9-7834-49eb-9103-745a5ef656cd,College Prep Masterclass,3/29/2020 3:57,txcd_20030000
ch_3OG7fcAKv6LsYLX22lZarE4s,11/24/2023 22:16,31,0,usd,TRUE,31,0,usd,,1.2,Paid,Payment complete.,pm_1OG7fcAKv6LsYLX2NcptRL2n,cus_P4GBtHgbrOHqmg,in_1OG7fgAKv6LsYLX2RDCuDsjI,po_1OGtieAKv6LsYLX2LPbj5wmV,3c44d36a-0b56-404d-8876-00c8293b8fac,8c46a7cc-09e5-40d8-9584-33c0184298c6,College Essay Coaching,10/9/2023 8:57,txcd_20030000
ch_3OG5TUAKv6LsYLX22tPCWGj3,11/24/2023 19:55,31,0,usd,TRUE,31,0,usd,,1.2,Paid,Payment complete.,pm_1OG4RiAKv6LsYLX24O02aKL3,cus_P4CpcrtclMzcYu,in_1OG5ThAKv6LsYLX2Pvfm4x8l,po_1OGtieAKv6LsYLX2LPbj5wmV,a2ebb248-5873-4edd-a229-9f1a96bc1db7,4b8c704c-863d-4e25-9bcf-ce9a1b75a391,Admission Success Blueprint,12/27/2023 16:46,txcd_20030000
ch_3OG5SPAKv6LsYLX21zNe2DLB,11/24/2023 19:54,24,0,usd,TRUE,24,0,usd,,1,Paid,Payment complete.,pm_1OG4RiAKv6LsYLX24O02aKL3,cus_P4CpcrtclMzcYu,in_1OG5ScAKv6LsYLX2fokN5EQ1,po_1OGtieAKv6LsYLX2LPbj5wmV,8e3b69e5-2e21-4c93-90de-070cc5de71b4,48dc9a13-5f13-4cb9-88e2-f6004bdaee4c,Scholarly Scholarships Guide,10/9/2023 8:47,txcd_20030000
ch_3OG4gFAKv6LsYLX22h77Z3C3,11/24/2023 19:04,249,0,usd,TRUE,249,0,usd,,7.52,Paid,Payment complete.,pm_1OG4gFAKv6LsYLX2QeZhucnd,cus_P4D5sI05Hp14gd,in_1OG4gIAKv6LsYLX2HpWwd3x1,po_1OGtieAKv6LsYLX2LPbj5wmV,6834082b-2d96-48f3-8648-f39505489446,40375dc9-7834-49eb-9103-745a5ef656cd,College Prep Masterclass,3/29/2020 3:57,txcd_20030000
ch_3OG4RkAKv6LsYLX20PbKbdyj,11/24/2023 18:49,14,0,usd,TRUE,10,0,usd,Subscription creation,0.59,Paid,Payment complete.,pm_1OG4RiAKv6LsYLX24O02aKL3,cus_P4CpcrtclMzcYu,in_1OG4RjAKv6LsYLX2DizbyAEp,po_1OGtieAKv6LsYLX2LPbj5wmV,,,,,
ch_3OFqpAAKv6LsYLX23JulLl8m,11/24/2023 4:17,14,0,usd,TRUE,10,0,usd,Subscription update,0.59,Paid,Payment complete.,pm_1O4b5qAKv6LsYLX2sUq2UphW,cus_OsLmwy4tzdpxtk,in_1OFpsoAKv6LsYLX2cTPbYNSB,po_1OGtieAKv6LsYLX2LPbj5wmV,,,,,
ch_3OFpfmAKv6LsYLX22fPgIbt3,11/24/2023 3:03,249,0,usd,TRUE,249,0,usd,,7.52,Paid,Payment complete.,pm_1OFpfmAKv6LsYLX21ZMNeqnx,cus_Oobc0NHrJiRCqR,in_1OFpfqAKv6LsYLX26oGukqvB,po_1OGtieAKv6LsYLX2LPbj5wmV,6834082b-2d96-48f3-8648-f39505489446,40375dc9-7834-49eb-9103-745a5ef656cd,College Prep Masterclass,3/29/2020 3:57,txcd_20030000
ch_3OFpKOAKv6LsYLX23UvuDa3Q,11/24/2023 2:41,14,0,usd,TRUE,10,0,usd,Subscription update,0.59,Paid,Payment complete.,pm_1O4ZboAKv6LsYLX2YJjsGl5P,cus_OpYDkmquoocB5x,in_1OFoNuAKv6LsYLX2cuSs7CT5,po_1OGtieAKv6LsYLX2LPbj5wmV,,,,,
ch_3OFnxEAKv6LsYLX22K6xeBN1,11/24/2023 1:13,31,0,usd,TRUE,31,0,usd,,1.66,Paid,Payment complete.,pm_1OFnxDAKv6LsYLX2bgjIrNsK,cus_P3vmGZtbIiqgPe,in_1OFnxHAKv6LsYLX2DYZX8ZGN,po_1OGtieAKv6LsYLX2LPbj5wmV,a2ebb248-5873-4edd-a229-9f1a96bc1db7,4b8c704c-863d-4e25-9bcf-ce9a1b75a391,Admission Success Blueprint,12/27/2023 16:46,txcd_20030000
ch_3OFmOqAKv6LsYLX20eE7EnC7,11/23/2023 23:33,14,0,usd,TRUE,10,0,usd,Subscription update,0.59,Paid,Payment complete.,pm_1O4WevAKv6LsYLX23wCDL9Sj,cus_OsH9rqAEL7r3bh,in_1OFlSEAKv6LsYLX2O3jG0vG5,po_1OGtieAKv6LsYLX2LPbj5wmV,,,,,
ch_3OFhJHAKv6LsYLX21OVpzI9y,11/23/2023 18:07,2635.95,0,inr,TRUE,30.69,0,usd,,1.65,Paid,Payment complete.,pm_1OFhJGAKv6LsYLX2gJ21Y78i,cus_P36II7CPSDmsM9,in_1OFhJOAKv6LsYLX2GrjkcsD8,po_1OGtieAKv6LsYLX2LPbj5wmV,a2ebb248-5873-4edd-a229-9f1a96bc1db7,4b8c704c-863d-4e25-9bcf-ce9a1b75a391,Admission Success Blueprint,12/27/2023 16:46,txcd_20030000
ch_3OFdU5AKv6LsYLX22e3E2dg5,11/23/2023 14:02,25.2,0,gbp,TRUE,30.7,0,usd,,1.65,Paid,Payment complete.,pm_1OFavFAKv6LsYLX2N6LhQwdd,cus_P3iKebI7S5cmrt,in_1OFdU8AKv6LsYLX2ZPX1jWrk,po_1OGtieAKv6LsYLX2LPbj5wmV,3c44d36a-0b56-404d-8876-00c8293b8fac,8c46a7cc-09e5-40d8-9584-33c0184298c6,College Essay Coaching,10/9/2023 8:57,txcd_20030000
ch_3OFdNjAKv6LsYLX22YLeEVKd,11/23/2023 13:55,31,0,usd,TRUE,31,0,usd,,1.66,Paid,Payment complete.,pm_1OFdNiAKv6LsYLX25iMicdpw,cus_P3ghgINSRHOGYg,in_1OFdNmAKv6LsYLX2kYmiY9fM,po_1OGtieAKv6LsYLX2LPbj5wmV,3c44d36a-0b56-404d-8876-00c8293b8fac,8c46a7cc-09e5-40d8-9584-33c0184298c6,College Essay Coaching,10/9/2023 8:57,txcd_20030000
ch_3OFb1RAKv6LsYLX21Bvc5D3n,11/23/2023 11:24,19.61,0,gbp,TRUE,23.76,0,usd,,1.35,Paid,Payment complete.,pm_1OFavFAKv6LsYLX2N6LhQwdd,cus_P3iKebI7S5cmrt,in_1OFb1eAKv6LsYLX2zMMeSjwc,po_1OGtieAKv6LsYLX2LPbj5wmV,8e3b69e5-2e21-4c93-90de-070cc5de71b4,48dc9a13-5f13-4cb9-88e2-f6004bdaee4c,Scholarly Scholarships Guide,10/9/2023 8:47,txcd_20030000
ch_3OFavGAKv6LsYLX22xFKh4GT,11/23/2023 11:18,14,0,usd,TRUE,10,0,usd,Subscription creation,0.74,Paid,Payment complete.,pm_1OFavFAKv6LsYLX2N6LhQwdd,cus_P3iKebI7S5cmrt,in_1OFavGAKv6LsYLX28MxoINSH,po_1OGtieAKv6LsYLX2LPbj5wmV,,,,,
ch_3OFT6sAKv6LsYLX21DI953cN,11/23/2023 2:57,14,0,usd,TRUE,10,0,usd,Subscription update,0.59,Paid,Payment complete.,pm_1O4DLzAKv6LsYLX2a5qT2cTv,cus_OrxFXJmBKNUrPH,in_1OFS9YAKv6LsYLX2BhMaw31C,po_1OGtieAKv6LsYLX2LPbj5wmV,,,,,
ch_3OFPlaAKv6LsYLX23SCUjcVZ,11/22/2023 23:23,14,0,usd,TRUE,10,0,usd,Subscription update,0.59,Paid,Payment complete.,pm_1O4A1VAKv6LsYLX2X0wKcaAP,cus_Oo5VUnwjEVQJnJ,in_1OFOocAKv6LsYLX2szWHajxP,po_1OGWydAKv6LsYLX2USGi00Tb,,,,,
ch_3OFNwNAKv6LsYLX22MbJOXef,11/22/2023 21:26,14,0,usd,TRUE,10,0,usd,Subscription creation,0.74,Paid,Payment complete.,pm_1OFNwLAKv6LsYLX2FxFKplxG,cus_P3UvpcIy2TfdAg,in_1OFNwMAKv6LsYLX22D0BW32P,po_1OGWydAKv6LsYLX2USGi00Tb,,,,,
ch_3OFN8mAKv6LsYLX22henNujX,11/22/2023 20:35,25.24,0,gbp,TRUE,30.7,0,usd,,1.65,Paid,Payment complete.,pm_1OFN8lAKv6LsYLX2HBjxoM8w,cus_P3U1Ja0cT1e2vd,in_1OFN8pAKv6LsYLX21zNHntld,po_1OGWydAKv6LsYLX2USGi00Tb,3c44d36a-0b56-404d-8876-00c8293b8fac,8c46a7cc-09e5-40d8-9584-33c0184298c6,College Essay Coaching,10/9/2023 8:57,txcd_20030000
ch_3OFKPbAKv6LsYLX23hsQ0u5X,11/22/2023 17:40,14,0,usd,TRUE,10,0,usd,Subscription creation,0.59,Paid,Payment complete.,pm_1OFKPaAKv6LsYLX2pkiDE5Tx,cus_P070mD5eZtf7YD,in_1OFKPaAKv6LsYLX2Z2q9me5j,po_1OGWydAKv6LsYLX2USGi00Tb,,,,,
ch_3OFKCrAKv6LsYLX23ZGls2dB,11/22/2023 17:27,31,0,usd,TRUE,31,0,usd,,1.2,Paid,Payment complete.,pm_1OFKCrAKv6LsYLX25pjkWOqC,cus_P3R2Y0fUMxZbwY,in_1OFKCvAKv6LsYLX2aqrSFSnL,po_1OGWydAKv6LsYLX2USGi00Tb,a2ebb248-5873-4edd-a229-9f1a96bc1db7,4b8c704c-863d-4e25-9bcf-ce9a1b75a391,Admission Success Blueprint,12/27/2023 16:46,txcd_20030000
ch_3OFJnnAKv6LsYLX23v6yqqLm,11/22/2023 17:01,249,0,usd,TRUE,249,0,usd,,7.52,Paid,Payment complete.,pm_1OFJnnAKv6LsYLX2I87UtEEv,cus_P3CAoulWGLM22p,in_1OFJnrAKv6LsYLX2LLanzXB0,po_1OGWydAKv6LsYLX2USGi00Tb,6834082b-2d96-48f3-8648-f39505489446,40375dc9-7834-49eb-9103-745a5ef656cd,College Prep Masterclass,3/29/2020 3:57,txcd_20030000
ch_3OFGPTAKv6LsYLX23kTSMeDV,11/22/2023 13:24,31,0,usd,TRUE,31,0,usd,,1.2,Paid,Payment complete.,pm_1OFGPTAKv6LsYLX2AHTNSmS0,cus_P3N4NelNmCcrmS,in_1OFGPWAKv6LsYLX2DJAiRlZl,po_1OGWydAKv6LsYLX2USGi00Tb,a2ebb248-5873-4edd-a229-9f1a96bc1db7,4b8c704c-863d-4e25-9bcf-ce9a1b75a391,Admission Success Blueprint,12/27/2023 16:46,txcd_20030000
ch_3OFCOWAKv6LsYLX222tulSqK,11/22/2023 9:06,1412.99,0,pln,TRUE,246.51,0,usd,,11.15,Paid,Payment complete.,pm_1OFCOUAKv6LsYLX2c6mSnWdQ,cus_P36OttezbJmGup,in_1OFCOZAKv6LsYLX2uLiqIHDV,po_1OGWydAKv6LsYLX2USGi00Tb,6834082b-2d96-48f3-8648-f39505489446,40375dc9-7834-49eb-9103-745a5ef656cd,College Prep Masterclass,3/29/2020 3:57,txcd_20030000
ch_3OF8JzAKv6LsYLX22TNdepsp,11/22/2023 4:45,89,0,usd,TRUE,89,0,usd,,4.22,Paid,Payment complete.,pm_1OF8JyAKv6LsYLX2bSon3haG,cus_P3ElahWVWqBjCO,in_1OF8K2AKv6LsYLX2aKoCBlXU,po_1OGWydAKv6LsYLX2USGi00Tb,233ec5a8-d4ac-444a-979b-2c9bca0c2c8d,b7f7421a-3caf-4185-84f9-e254a4365528,College Admission Strategy Workshop,12/27/2023 16:46,txcd_20030000
ch_3OF68FAKv6LsYLX22x97iAof,11/22/2023 2:25,89,0,usd,TRUE,89,0,usd,,2.88,Paid,Payment complete.,pm_1OF68EAKv6LsYLX2SeDyxVAL,cus_P3BpL4F2fdomyL,in_1OF68IAKv6LsYLX2TRAyDg4G,po_1OGWydAKv6LsYLX2USGi00Tb,233ec5a8-d4ac-444a-979b-2c9bca0c2c8d,b7f7421a-3caf-4185-84f9-e254a4365528,College Admission Strategy Workshop,12/27/2023 16:46,txcd_20030000
ch_3OF3gKAKv6LsYLX23TUp5dfs,11/21/2023 23:48,249,0,usd,TRUE,249,0,usd,,7.52,Paid,Payment complete.,pm_1OF3gJAKv6LsYLX20fjU267b,cus_P39yKmUD4QqNF6,in_1OF3gMAKv6LsYLX2d75KALqZ,po_1OFS1mAKv6LsYLX2OiXqrcOE,6834082b-2d96-48f3-8648-f39505489446,40375dc9-7834-49eb-9103-745a5ef656cd,College Prep Masterclass,3/29/2020 3:57,txcd_20030000
ch_3OF0yxAKv6LsYLX23GVdUlnB,11/21/2023 20:55,249,0,usd,TRUE,249,0,usd,,7.52,Paid,Payment complete.,pm_1OF0ywAKv6LsYLX2rS5OdFqR,cus_P37AMwOcPpm6Mb,in_1OF0z0AKv6LsYLX2YtuiaHBv,po_1OFS1mAKv6LsYLX2OiXqrcOE,6834082b-2d96-48f3-8648-f39505489446,40375dc9-7834-49eb-9103-745a5ef656cd,College Prep Masterclass,3/29/2020 3:57,txcd_20030000
ch_3OF0o0AKv6LsYLX21cwNoiFW,11/21/2023 20:44,25.25,0,gbp,TRUE,30.7,0,usd,,1.65,Paid,Payment complete.,pm_1OF0nzAKv6LsYLX26QIvxkkN,cus_P371ixZX4Dktjm,in_1OF0o3AKv6LsYLX2GaTkIMcL,po_1OFS1mAKv6LsYLX2OiXqrcOE,a2ebb248-5873-4edd-a229-9f1a96bc1db7,4b8c704c-863d-4e25-9bcf-ce9a1b75a391,Admission Success Blueprint,12/27/2023 16:46,txcd_20030000
ch_3OEygIAKv6LsYLX20Xc140FD,11/21/2023 18:28,31,0,usd,TRUE,31,0,usd,,1.2,Paid,Payment complete.,pm_1OEygHAKv6LsYLX2g7FlodFb,cus_P34pbo1bUILSGV,in_1OEygLAKv6LsYLX20kEiI0Qo,po_1OFS1mAKv6LsYLX2OiXqrcOE,a2ebb248-5873-4edd-a229-9f1a96bc1db7,4b8c704c-863d-4e25-9bcf-ce9a1b75a391,Admission Success Blueprint,12/27/2023 16:46,txcd_20030000
ch_3OEslXAKv6LsYLX22L4ye5Jj,11/21/2023 12:16,31,0,usd,TRUE,31,0,usd,,1.2,Paid,Payment complete.,pm_1OEss7AKv6LsYLX2dM05Tawn,cus_P04v7UzacXd0Z1,in_1OEssPAKv6LsYLX2rjd1JdLH,po_1OFS1mAKv6LsYLX2OiXqrcOE,a2ebb248-5873-4edd-a229-9f1a96bc1db7,4b8c704c-863d-4e25-9bcf-ce9a1b75a391,Admission Success Blueprint,12/27/2023 16:46,txcd_20030000
ch_3OEnrxAKv6LsYLX233jzjz30,11/21/2023 6:55,31,0,usd,TRUE,31,0,usd,,1.66,Paid,Payment complete.,pm_1OEnrwAKv6LsYLX2TMTEaD0Q,cus_OvM6W4UejHwLnb,in_1OEns0AKv6LsYLX22qEaD1fe,po_1OFS1mAKv6LsYLX2OiXqrcOE,a2ebb248-5873-4edd-a229-9f1a96bc1db7,4b8c704c-863d-4e25-9bcf-ce9a1b75a391,Admission Success Blueprint,12/27/2023 16:46,txcd_20030000
ch_3OEnb2AKv6LsYLX22iWDeQnY,11/21/2023 6:38,124.68,0,cad,TRUE,88.12,0,usd,,4.18,Paid,Payment complete.,pm_1OEnb1AKv6LsYLX2g3g4xjkB,cus_P2tMgTU4q0z0QN,in_1OEnb5AKv6LsYLX2WQmGV1P0,po_1OFS1mAKv6LsYLX2OiXqrcOE,233ec5a8-d4ac-444a-979b-2c9bca0c2c8d,b7f7421a-3caf-4185-84f9-e254a4365528,College Admission Strategy Workshop,12/27/2023 16:46,txcd_20030000
ch_3OEnXhAKv6LsYLX21TWZcjth,11/21/2023 6:34,249,0,usd,TRUE,249,0,usd,,7.52,Paid,Payment complete.,pm_1OEnXhAKv6LsYLX2omGvKrmG,cus_P2rTR4YLz8trfC,in_1OEnXkAKv6LsYLX2MaeZU4Ow,po_1OFS1mAKv6LsYLX2OiXqrcOE,6834082b-2d96-48f3-8648-f39505489446,40375dc9-7834-49eb-9103-745a5ef656cd,College Prep Masterclass,3/29/2020 3:57,txcd_20030000
ch_3O5gidAKv6LsYLX23TALMW5W,10/27/2023 3:28,125.51,0,cad,TRUE,88.11,0,usd,,4.18,Paid,Payment complete.,pm_1O5gicAKv6LsYLX23MqWes49,cus_OryqAypmFAGwtK,in_1O5gigAKv6LsYLX24yt7SbXE,po_1O6kkkAKv6LsYLX2sm5nSDeK,233ec5a8-d4ac-444a-979b-2c9bca0c2c8d,b7f7421a-3caf-4185-84f9-e254a4365528,College Admission Strategy Workshop,12/27/2023 16:46,txcd_20030000
ch_3O5fLUAKv6LsYLX22r2fmGMi,10/27/2023 2:00,24,0,usd,TRUE,24,0,usd,,1,Paid,Payment complete.,pm_1O5fLTAKv6LsYLX2bF0n0Nb5,cus_OoDIHUjqdaxF8K,in_1O5fLXAKv6LsYLX2agWR0xd6,po_1O6kkkAKv6LsYLX2sm5nSDeK,d7c2e880-2bff-4c5a-897b-9a08f8cddd06,4033cc0f-bce4-4338-b8d6-9a983207c2a1,GPA Boosting Academy,10/9/2021 5:30,txcd_20030000
ch_3O5aaWAKv6LsYLX22Yh4gb7x,10/26/2023 20:55,31,0,usd,TRUE,31,0,usd,,1.2,Paid,Payment complete.,pm_1O5aaVAKv6LsYLX2L7971SeW,cus_OtMLjZAhhsJuwE,in_1O5aaZAKv6LsYLX2jIvQ8E8z,po_1O6NcXAKv6LsYLX2uF4H0okV,3c44d36a-0b56-404d-8876-00c8293b8fac,8c46a7cc-09e5-40d8-9584-33c0184298c6,College Essay Coaching,10/9/2023 8:57,txcd_20030000
ch_3O5ZmAAKv6LsYLX21ewpkZKj,10/26/2023 20:03,99,0,usd,TRUE,99,0,usd,Subscription creation,4.66,Paid,Payment complete.,pm_1O5Zm9AKv6LsYLX2TFI5dMe3,cus_OsWOW2Zov5ejw6,in_1O5ZmAAKv6LsYLX2D7R2pCDP,po_1O6NcXAKv6LsYLX2uF4H0okV,,,,,
ch_3O5Y0SAKv6LsYLX21GqAuLbC,10/26/2023 18:10,2846.65,0,sek,TRUE,246.51,0,usd,,11.15,Paid,Payment complete.,pm_1O5Y0RAKv6LsYLX2a5ExsSvo,cus_Orgj3mmvPMoAkT,in_1O5Y0WAKv6LsYLX2gRgescP9,po_1O6NcXAKv6LsYLX2uF4H0okV,6834082b-2d96-48f3-8648-f39505489446,40375dc9-7834-49eb-9103-745a5ef656cd,College Prep Masterclass,3/29/2020 3:57,txcd_20030000
ch_3O5VqoAKv6LsYLX20pEi5KJm,10/26/2023 15:52,24,0,usd,TRUE,24,0,usd,,1,Paid,Payment complete.,pm_1O5VqnAKv6LsYLX2hdvE9XFh,cus_OtINmququxkSNg,in_1O5VqrAKv6LsYLX2Qs4LyqEr,po_1O6NcXAKv6LsYLX2uF4H0okV,8e3b69e5-2e21-4c93-90de-070cc5de71b4,48dc9a13-5f13-4cb9-88e2-f6004bdaee4c,Scholarly Scholarships Guide,10/9/2023 8:47,txcd_20030000
ch_3O5UzeAKv6LsYLX21Cys1V9I,10/26/2023 14:57,249,0,usd,TRUE,249,0,usd,,7.52,Paid,Payment complete.,pm_1O5UzeAKv6LsYLX2kmK0VRt2,cus_OtHXmikMtQbohd,in_1O5UziAKv6LsYLX2goelHa86,po_1O6NcXAKv6LsYLX2uF4H0okV,6834082b-2d96-48f3-8648-f39505489446,40375dc9-7834-49eb-9103-745a5ef656cd,College Prep Masterclass,3/29/2020 3:57,txcd_20030000
ch_3O5RXxAKv6LsYLX23Ah9BHCX,10/26/2023 11:16,403.63,0,aud,TRUE,246.51,0,usd,,11.15,Paid,Payment complete.,pm_1O5RXwAKv6LsYLX27P2GRnsI,cus_OtDuZ1mhF2ZZXm,in_1O5RY0AKv6LsYLX2NRZa1CAW,po_1O6NcXAKv6LsYLX2uF4H0okV,6834082b-2d96-48f3-8648-f39505489446,40375dc9-7834-49eb-9103-745a5ef656cd,College Prep Masterclass,3/29/2020 3:57,txcd_20030000
ch_3O5IpfAKv6LsYLX21kQPsC3N,10/26/2023 1:58,403.63,0,aud,TRUE,246.51,0,usd,,11.15,Paid,Payment complete.,pm_1O5IpeAKv6LsYLX2EFaNrqr9,cus_OpIwYD0lHnqtep,in_1O5IpiAKv6LsYLX29YmP1gcX,po_1O6NcXAKv6LsYLX2uF4H0okV,6834082b-2d96-48f3-8648-f39505489446,40375dc9-7834-49eb-9103-745a5ef656cd,College Prep Masterclass,3/29/2020 3:57,txcd_20030000
ch_3O5I4oAKv6LsYLX20KJnPUy8,10/26/2023 1:09,249,0,usd,TRUE,249,0,usd,,7.52,Paid,Payment complete.,pm_1O5I4oAKv6LsYLX2wAjmhMMf,cus_OpgxLkKsOzjS9x,in_1O5I4rAKv6LsYLX275BSJKYJ,po_1O6NcXAKv6LsYLX2uF4H0okV,6834082b-2d96-48f3-8648-f39505489446,40375dc9-7834-49eb-9103-745a5ef656cd,College Prep Masterclass,3/29/2020 3:57,txcd_20030000
ch_3O5HpiAKv6LsYLX21Y9Hgtja,10/26/2023 0:53,14,0,usd,TRUE,10,0,usd,Subscription creation,0.59,Paid,Payment complete.,pm_1O5HpgAKv6LsYLX2GeAKawmv,cus_OoCQ7fY5Uai6U6,in_1O5HphAKv6LsYLX275GSOr0p,po_1O6NcXAKv6LsYLX2uF4H0okV,,,,,
ch_3O5FmKAKv6LsYLX20X05sfu2,10/25/2023 22:42,31,0,usd,TRUE,31,0,usd,,1.2,Paid,Payment complete.,pm_1O5FmKAKv6LsYLX2yEKQGKXS,cus_Ot1p0EWh8MRVxd,in_1O5FmNAKv6LsYLX23IQS3lBs,po_1O5JmfAKv6LsYLX2jAQmSeGX,3c44d36a-0b56-404d-8876-00c8293b8fac,8c46a7cc-09e5-40d8-9584-33c0184298c6,College Essay Coaching,10/9/2023 8:57,txcd_20030000
ch_3O5DVNAKv6LsYLX23UQx1KgM,10/25/2023 20:16,249,0,usd,TRUE,249,0,usd,,11.26,Paid,Payment complete.,pm_1O5DVNAKv6LsYLX2eobgMpUC,cus_OspxiZ7oFVSxH9,in_1O5DVQAKv6LsYLX2cUG1IZ4Z,po_1O5JmfAKv6LsYLX2jAQmSeGX,6834082b-2d96-48f3-8648-f39505489446,40375dc9-7834-49eb-9103-745a5ef656cd,College Prep Masterclass,3/29/2020 3:57,txcd_20030000
ch_3O5CLCAKv6LsYLX23pi1gffj,10/25/2023 19:02,89,0,usd,TRUE,89,0,usd,,4.22,Paid,Payment complete.,pm_1O5CLCAKv6LsYLX2tslc0wpe,cus_OsyHgNEnrpsJeH,in_1O5CLFAKv6LsYLX28rqiV82z,po_1O5JmfAKv6LsYLX2jAQmSeGX,233ec5a8-d4ac-444a-979b-2c9bca0c2c8d,b7f7421a-3caf-4185-84f9-e254a4365528,College Admission Strategy Workshop,12/27/2023 16:46,txcd_20030000
ch_3O5AzlAKv6LsYLX21PaMgaYL,10/25/2023 17:35,240.32,0,eur,TRUE,246.52,0,usd,,11.15,Paid,Payment complete.,pm_1O5AzkAKv6LsYLX2LeoHC3O7,cus_OswZiFlktO3aSM,in_1O5AztAKv6LsYLX2LDaUZgeZ,po_1O5JmfAKv6LsYLX2jAQmSeGX,6834082b-2d96-48f3-8648-f39505489446,40375dc9-7834-49eb-9103-745a5ef656cd,College Prep Masterclass,3/29/2020 3:57,txcd_20030000
ch_3O57rcAKv6LsYLX20L8nGEOm,10/25/2023 14:15,14,0,usd,TRUE,10,0,usd,Subscription creation,0.59,Paid,Payment complete.,pm_1O57rbAKv6LsYLX2XcmP1ESY,cus_OsteTUZQtTZpUi,in_1O57rbAKv6LsYLX2xWjKUEvK,po_1O5JmfAKv6LsYLX2jAQmSeGX,,,,,
ch_3O57JMAKv6LsYLX23kg7bHFY,10/25/2023 13:39,31,0,usd,TRUE,31,0,usd,,1.2,Paid,Payment complete.,pm_1O57JMAKv6LsYLX2IqKPQEDA,cus_OoPya3HjYzLahk,in_1O57JPAKv6LsYLX2oHShhx7o,po_1O5JmfAKv6LsYLX2jAQmSeGX,3c44d36a-0b56-404d-8876-00c8293b8fac,8c46a7cc-09e5-40d8-9584-33c0184298c6,College Essay Coaching,10/9/2023 8:57,txcd_20030000
ch_3O56tkAKv6LsYLX22X0wac0j,10/25/2023 13:13,209.66,0,gbp,TRUE,246.51,0,usd,,11.15,Paid,Payment complete.,pm_1O56tjAKv6LsYLX2dSZuhy45,cus_OssdFOLxTILx5U,in_1O56tmAKv6LsYLX2dirQeVGP,po_1O5JmfAKv6LsYLX2jAQmSeGX,6834082b-2d96-48f3-8648-f39505489446,40375dc9-7834-49eb-9103-745a5ef656cd,College Prep Masterclass,3/29/2020 3:57,txcd_20030000
ch_3O56hTAKv6LsYLX20fI0BjTm,10/25/2023 13:00,31,0,usd,TRUE,31,0,usd,,1.2,Paid,Payment complete.,pm_1O56hSAKv6LsYLX2AL3o3VvT,cus_OsVQAUOZfiXHjl,in_1O56hWAKv6LsYLX2ixKPwgrj,po_1O5JmfAKv6LsYLX2jAQmSeGX,a2ebb248-5873-4edd-a229-9f1a96bc1db7,4b8c704c-863d-4e25-9bcf-ce9a1b75a391,Admission Success Blueprint,12/27/2023 16:46,txcd_20030000
ch_3O56VWAKv6LsYLX22lvQ9h8z,10/25/2023 12:48,14,0,usd,TRUE,10,0,usd,Subscription creation,0.59,Paid,Payment complete.,pm_1O56VVAKv6LsYLX2aNo2vy3q,cus_OssFWPMkP59D2x,in_1O56VWAKv6LsYLX2T79xG0C5,po_1O5JmfAKv6LsYLX2jAQmSeGX,,,,,
ch_3O50DMAKv6LsYLX23dpOyeBk,10/25/2023 6:06,149,0,usd,TRUE,149,0,usd,,4.62,Paid,Payment complete.,pm_1O50EwAKv6LsYLX26aPaQmiP,cus_Oslh87uPeRN2z8,in_1O50EzAKv6LsYLX2VRWmW2GQ,po_1O5JmfAKv6LsYLX2jAQmSeGX,3abfb28f-bb3c-4a2c-8c39-5c61aac810d5,201283c3-5723-4e02-9d18-d9ff952d0d07,Elite College Prep Package,10/9/2022 8:25,txcd_20030000
ch_3O4sshAKv6LsYLX23ZRuTW0E,10/24/2023 22:15,24,0,usd,TRUE,24,0,usd,,1,Paid,Payment complete.,pm_1O4sshAKv6LsYLX23sWqfQKi,cus_Oo5t9RKqWrXnGV,in_1O4sskAKv6LsYLX2hQsrZgYf,po_1O4w9nAKv6LsYLX2Fv2cW8yo,8e3b69e5-2e21-4c93-90de-070cc5de71b4,48dc9a13-5f13-4cb9-88e2-f6004bdaee4c,Scholarly Scholarships Guide,10/9/2023 8:47,txcd_20030000
ch_3O4s1vAKv6LsYLX21Bj6pMPa,10/24/2023 21:20,249,0,usd,TRUE,249,0,usd,,11.26,Paid,Payment complete.,pm_1O4s1uAKv6LsYLX2JfiE9bu7,cus_Osd5ifTEDgIdhO,in_1O4s1xAKv6LsYLX2VOXyNLi9,po_1O4w9nAKv6LsYLX2Fv2cW8yo,6834082b-2d96-48f3-8648-f39505489446,40375dc9-7834-49eb-9103-745a5ef656cd,College Prep Masterclass,3/29/2020 3:57,txcd_20030000
ch_3O4pHjAKv6LsYLX22lS9c3FC,10/24/2023 18:24,249,0,usd,TRUE,249,0,usd,,7.52,Paid,Payment complete.,pm_1O4pHiAKv6LsYLX2E92moA4x,cus_OruQ1GEDWL3gzU,in_1O4pHlAKv6LsYLX2g5Dty57U,po_1O4w9nAKv6LsYLX2Fv2cW8yo,6834082b-2d96-48f3-8648-f39505489446,40375dc9-7834-49eb-9103-745a5ef656cd,College Prep Masterclass,3/29/2020 3:57,txcd_20030000
ch_3O4o1oAKv6LsYLX20BKutaWl,10/24/2023 17:04,31,0,usd,TRUE,31,0,usd,,1.2,Paid,Payment complete.,pm_1O4o1oAKv6LsYLX23l2mTYJc,cus_OsZ7ruNo8VXeq3,in_1O4o1rAKv6LsYLX20zlPHlsF,po_1O4w9nAKv6LsYLX2Fv2cW8yo,a2ebb248-5873-4edd-a229-9f1a96bc1db7,4b8c704c-863d-4e25-9bcf-ce9a1b75a391,Admission Success Blueprint,12/27/2023 16:46,txcd_20030000
ch_3O4mJwAKv6LsYLX21gOfIcT1,10/24/2023 15:15,85.4,0,eur,TRUE,88.12,0,usd,,4.18,Paid,Payment complete.,pm_1O4mJvAKv6LsYLX2dvaaEOut,cus_OsXMtUGVnD8LqB,in_1O4mJzAKv6LsYLX2YK8OXcq9,po_1O4w9nAKv6LsYLX2Fv2cW8yo,233ec5a8-d4ac-444a-979b-2c9bca0c2c8d,b7f7421a-3caf-4185-84f9-e254a4365528,College Admission Strategy Workshop,12/27/2023 16:46,txcd_20030000
ch_3O4lQdAKv6LsYLX22GxWl3lo,10/24/2023 14:18,89,0,usd,TRUE,89,0,usd,,4.22,Paid,Payment complete.,pm_1O4lRYAKv6LsYLX2AtPwbA8B,cus_OsWAtCWMRwt3gm,in_1O4lRbAKv6LsYLX2bIJC9w0r,po_1O4w9nAKv6LsYLX2Fv2cW8yo,233ec5a8-d4ac-444a-979b-2c9bca0c2c8d,b7f7421a-3caf-4185-84f9-e254a4365528,College Admission Strategy Workshop,12/27/2023 16:46,txcd_20030000
ch_3O4kdvAKv6LsYLX21eImNKjd,10/24/2023 13:27,31,0,usd,TRUE,31,0,usd,,1.2,Paid,Payment complete.,pm_1O4kduAKv6LsYLX2sH8BIe2R,cus_OsVdv5HlHXBD4V,in_1O4kdxAKv6LsYLX2mABt7orD,po_1O4w9nAKv6LsYLX2Fv2cW8yo,a2ebb248-5873-4edd-a229-9f1a96bc1db7,4b8c704c-863d-4e25-9bcf-ce9a1b75a391,Admission Success Blueprint,12/27/2023 16:46,txcd_20030000
ch_3O4i5FAKv6LsYLX22DHy9BpI,10/24/2023 10:43,89,0,usd,TRUE,89,0,usd,,2.88,Paid,Payment complete.,pm_1O4i5FAKv6LsYLX2t4oRkgnM,cus_OsSzeA42woTV4v,in_1O4i5IAKv6LsYLX2FRJBZGsl,po_1O4w9nAKv6LsYLX2Fv2cW8yo,233ec5a8-d4ac-444a-979b-2c9bca0c2c8d,b7f7421a-3caf-4185-84f9-e254a4365528,College Admission Strategy Workshop,12/27/2023 16:46,txcd_20030000
ch_3O4bH0AKv6LsYLX22xO57qNB,10/24/2023 3:27,31,0,usd,TRUE,31,0,usd,,1.2,Paid,Payment complete.,pm_1O4bH0AKv6LsYLX2b9NRueoM,cus_OsLxgB7g8tEvA4,in_1O4bH3AKv6LsYLX27SKvvz2i,po_1O4w9nAKv6LsYLX2Fv2cW8yo,3c44d36a-0b56-404d-8876-00c8293b8fac,8c46a7cc-09e5-40d8-9584-33c0184298c6,College Essay Coaching,10/9/2023 8:57,txcd_20030000
ch_3O4b5rAKv6LsYLX22YOxyp4N,10/24/2023 3:16,14,0,usd,TRUE,10,0,usd,Subscription creation,0.59,Paid,Payment complete.,pm_1O4b5qAKv6LsYLX2sUq2UphW,cus_OsLmwy4tzdpxtk,in_1O4b5rAKv6LsYLX2VR0OfjWG,po_1O4w9nAKv6LsYLX2Fv2cW8yo,,,,,
ch_3O4aiRAKv6LsYLX21hZbsd9X,10/24/2023 2:51,249,0,usd,TRUE,249,0,usd,,7.52,Paid,Payment complete.,pm_1O4aiRAKv6LsYLX2ZJ82fdVI,cus_OsLN9RPuZqFvIJ,in_1O4aiUAKv6LsYLX2m5lIl4kK,po_1O4w9nAKv6LsYLX2Fv2cW8yo,6834082b-2d96-48f3-8648-f39505489446,40375dc9-7834-49eb-9103-745a5ef656cd,College Prep Masterclass,3/29/2020 3:57,txcd_20030000
ch_3O4ZbpAKv6LsYLX20YzFmQ4e,10/24/2023 1:40,14,0,usd,TRUE,10,0,usd,Subscription creation,0.59,Paid,Payment complete.,pm_1O4ZboAKv6LsYLX2YJjsGl5P,cus_OpYDkmquoocB5x,in_1O4ZbpAKv6LsYLX27wk8bvVh,po_1O4w9nAKv6LsYLX2Fv2cW8yo,,,,,
ch_3O4YGHAKv6LsYLX21ONMex7s,10/24/2023 0:14,249,0,usd,TRUE,249,0,usd,,7.52,Paid,Payment complete.,pm_1O4YGGAKv6LsYLX2dk429jQK,cus_OsIpbtIbe7nvGA,in_1O4YGKAKv6LsYLX2MBcMjfqq,po_1O4w9nAKv6LsYLX2Fv2cW8yo,6834082b-2d96-48f3-8648-f39505489446,40375dc9-7834-49eb-9103-745a5ef656cd,College Prep Masterclass,3/29/2020 3:57,txcd_20030000
ch_3O4XigAKv6LsYLX2006gFjIS,10/23/2023 23:39,31,0,usd,TRUE,31,0,usd,,1.2,Paid,Payment complete.,pm_1O4XigAKv6LsYLX2ilTs0IrY,cus_OsIIpMVlzbRONI,in_1O4XijAKv6LsYLX2fr8I1Dd9,po_1O4Ze6AKv6LsYLX21WtWKueW,a2ebb248-5873-4edd-a229-9f1a96bc1db7,4b8c704c-863d-4e25-9bcf-ce9a1b75a391,Admission Success Blueprint,12/27/2023 16:46,txcd_20030000
ch_3O4XZUAKv6LsYLX21sv7fnoU,10/23/2023 23:30,249,0,usd,TRUE,249,0,usd,,7.52,Paid,Payment complete.,pm_1O4XZTAKv6LsYLX2Vd1duPoQ,cus_OsI6OZNgsPl5ZC,in_1O4XZWAKv6LsYLX2z2UH8ur2,po_1O4Ze6AKv6LsYLX21WtWKueW,6834082b-2d96-48f3-8648-f39505489446,40375dc9-7834-49eb-9103-745a5ef656cd,College Prep Masterclass,3/29/2020 3:57,txcd_20030000
ch_3O4WewAKv6LsYLX23q969hLl,10/23/2023 22:31,14,0,usd,TRUE,10,0,usd,Subscription creation,0.59,Paid,Payment complete.,pm_1O4WevAKv6LsYLX23wCDL9Sj,cus_OsH9rqAEL7r3bh,in_1O4WewAKv6LsYLX2fqPkCe8K,po_1O4Ze6AKv6LsYLX21WtWKueW,,,,,
ch_3O4WUHAKv6LsYLX22KXFZxoZ,10/23/2023 22:20,31,0,usd,TRUE,31,0,usd,,1.2,Paid,Payment complete.,pm_1O4WUGAKv6LsYLX2FnMty3D1,cus_OoDIHUjqdaxF8K,in_1O4WUKAKv6LsYLX2oDwFyor0,po_1O4Ze6AKv6LsYLX21WtWKueW,a2ebb248-5873-4edd-a229-9f1a96bc1db7,4b8c704c-863d-4e25-9bcf-ce9a1b75a391,Admission Success Blueprint,12/27/2023 16:46,txcd_20030000
ch_3O4VVxAKv6LsYLX20Kuk0w7h,10/23/2023 21:18,579.73,0,mxn,TRUE,30.69,0,usd,,1.19,Paid,Payment complete.,pm_1O4VVwAKv6LsYLX2WM8hh3dA,cus_OsFzM5lGpbeE8N,in_1O4VW5AKv6LsYLX2oVSSIPxd,po_1O4Ze6AKv6LsYLX21WtWKueW,3c44d36a-0b56-404d-8876-00c8293b8fac,8c46a7cc-09e5-40d8-9584-33c0184298c6,College Essay Coaching,10/9/2023 8:57,txcd_20030000
ch_3O4V9xAKv6LsYLX23vKZIMkx,10/23/2023 20:55,24,0,usd,TRUE,24,0,usd,,1,Paid,Payment complete.,pm_1O4V9wAKv6LsYLX2ODtv2dJ8,cus_OoDIHUjqdaxF8K,in_1O4V9zAKv6LsYLX2vEkEHNau,po_1O4Ze6AKv6LsYLX21WtWKueW,8e3b69e5-2e21-4c93-90de-070cc5de71b4,48dc9a13-5f13-4cb9-88e2-f6004bdaee4c,Scholarly Scholarships Guide,10/9/2023 8:47,txcd_20030000
ch_3O4UDAAKv6LsYLX23oafMeN0,10/23/2023 19:54,1468.2,0,pln,TRUE,246.51,0,usd,,11.15,Paid,Payment complete.,pm_1O4UD9AKv6LsYLX2UO9hhnG7,cus_OsEcpq7w0yQyD1,in_1O4UDDAKv6LsYLX2blMBt9gH,po_1O4Ze6AKv6LsYLX21WtWKueW,6834082b-2d96-48f3-8648-f39505489446,40375dc9-7834-49eb-9103-745a5ef656cd,College Prep Masterclass,3/29/2020 3:57,txcd_20030000
ch_3O4S5sAKv6LsYLX20BbPe9y3,10/23/2023 17:39,26,0,gbp,TRUE,30.7,0,usd,,1.65,Paid,Payment complete.,pm_1O4S5rAKv6LsYLX243tw8Thb,cus_OpnLoDJPwRAaYf,in_1O4S5uAKv6LsYLX2mvJ6jQvR,po_1O4Ze6AKv6LsYLX21WtWKueW,a2ebb248-5873-4edd-a229-9f1a96bc1db7,4b8c704c-863d-4e25-9bcf-ce9a1b75a391,Admission Success Blueprint,12/27/2023 16:46,txcd_20030000
ch_3O4QcvAKv6LsYLX225DvFE5W,10/23/2023 16:05,208.78,0,gbp,TRUE,246.51,0,usd,,11.15,Paid,Payment complete.,pm_1O4QcuAKv6LsYLX2lFexRp3t,cus_OsAtUCK3XfOTFD,in_1O4QcyAKv6LsYLX2GykJzgaT,po_1O4Ze6AKv6LsYLX21WtWKueW,6834082b-2d96-48f3-8648-f39505489446,40375dc9-7834-49eb-9103-745a5ef656cd,College Prep Masterclass,3/29/2020 3:57,txcd_20030000
ch_3O4OziAKv6LsYLX21Jq5UnDp,10/23/2023 14:20,29.84,0,eur,TRUE,30.69,0,usd,,1.65,Paid,Payment complete.,pm_1O4OzhAKv6LsYLX2p9sknfqS,cus_Os9H7bYbbsba7Y,in_1O4OzlAKv6LsYLX2jJUScclD,po_1O4Ze6AKv6LsYLX21WtWKueW,a2ebb248-5873-4edd-a229-9f1a96bc1db7,4b8c704c-863d-4e25-9bcf-ce9a1b75a391,Admission Success Blueprint,12/27/2023 16:46,txcd_20030000
ch_3O4LXGAKv6LsYLX23abnVsuE,10/23/2023 10:39,249,0,usd,TRUE,249,0,usd,,11.26,Paid,Payment complete.,pm_1O4LXGAKv6LsYLX2k28GN5O7,cus_Oq2E2pg6E7bS2e,in_1O4LXJAKv6LsYLX26hNitPlm,po_1O4Ze6AKv6LsYLX21WtWKueW,6834082b-2d96-48f3-8648-f39505489446,40375dc9-7834-49eb-9103-745a5ef656cd,College Prep Masterclass,3/29/2020 3:57,txcd_20030000
ch_3O4E5pAKv6LsYLX23Q4SBJz4,10/23/2023 2:42,249,0,usd,TRUE,249,0,usd,,7.52,Paid,Payment complete.,pm_1O4E5oAKv6LsYLX2eqTtBGne,cus_Ory0s2SH4E59PO,in_1O4E5sAKv6LsYLX2AJJOnhMI,po_1O4Ze6AKv6LsYLX21WtWKueW,6834082b-2d96-48f3-8648-f39505489446,40375dc9-7834-49eb-9103-745a5ef656cd,College Prep Masterclass,3/29/2020 3:57,txcd_20030000
ch_3O4Do5AKv6LsYLX20K6BmTrF,10/23/2023 2:23,89,0,usd,TRUE,89,0,usd,,2.88,Paid,Payment complete.,pm_1O4Do5AKv6LsYLX2ovBRUgxG,cus_Orxes3U4Yji1Gu,in_1O4Do8AKv6LsYLX2lisDydAU,po_1O4Ze6AKv6LsYLX21WtWKueW,233ec5a8-d4ac-444a-979b-2c9bca0c2c8d,b7f7421a-3caf-4185-84f9-e254a4365528,College Admission Strategy Workshop,12/27/2023 16:46,txcd_20030000
ch_3O4DM1AKv6LsYLX20dNkUAN7,10/23/2023 1:54,14,0,usd,TRUE,10,0,usd,Subscription creation,0.59,Paid,Payment complete.,pm_1O4DLzAKv6LsYLX2a5qT2cTv,cus_OrxFXJmBKNUrPH,in_1O4DM0AKv6LsYLX2XNc2jDnN,po_1O4Ze6AKv6LsYLX21WtWKueW,,,,,
ch_3O4CzeAKv6LsYLX22z1JaZ5X,10/23/2023 1:31,249,0,usd,TRUE,249,0,usd,,7.52,Paid,Payment complete.,pm_1O4CzeAKv6LsYLX2QxyGIHE8,cus_Orsf2F6gU5v6bk,in_1O4CzhAKv6LsYLX28U1YZ4Me,po_1O4Ze6AKv6LsYLX21WtWKueW,6834082b-2d96-48f3-8648-f39505489446,40375dc9-7834-49eb-9103-745a5ef656cd,College Prep Masterclass,3/29/2020 3:57,txcd_20030000
ch_3O4BPTAKv6LsYLX20WmH5sDu,10/23/2023 0:05,209.11,0,gbp,TRUE,246.52,0,usd,,11.15,Paid,Payment complete.,pm_1O4BdeAKv6LsYLX2ZOOmK8EC,cus_OphbD3IqKtP5CZ,in_1O4BdhAKv6LsYLX2Sx1T1KiL,po_1O4Ze6AKv6LsYLX21WtWKueW,6834082b-2d96-48f3-8648-f39505489446,40375dc9-7834-49eb-9103-745a5ef656cd,College Prep Masterclass,3/29/2020 3:57,txcd_20030000
ch_3O4A1WAKv6LsYLX20cbHQtH7,10/22/2023 22:21,14,0,usd,TRUE,10,0,usd,Subscription creation,0.59,Paid,Payment complete.,pm_1O4A1VAKv6LsYLX2X0wKcaAP,cus_Oo5VUnwjEVQJnJ,in_1O4A1VAKv6LsYLX2x664TRzg,po_1O4Ze6AKv6LsYLX21WtWKueW,,,,,
ch_3O49JaAKv6LsYLX20COWuwZg,10/22/2023 21:36,89,0,usd,TRUE,89,0,usd,,2.88,Paid,Payment complete.,pm_1O49JZAKv6LsYLX21ohZ2D9Y,cus_Ort3mJFIxY03TT,in_1O49JdAKv6LsYLX2BfoIEANC,po_1O4Ze6AKv6LsYLX21WtWKueW,233ec5a8-d4ac-444a-979b-2c9bca0c2c8d,b7f7421a-3caf-4185-84f9-e254a4365528,College Admission Strategy Workshop,12/27/2023 16:46,txcd_20030000
ch_3O46g1AKv6LsYLX21CDbWb1S,10/22/2023 18:47,31,0,usd,TRUE,31,0,usd,,1.2,Paid,Payment complete.,pm_1O46g1AKv6LsYLX2PaxmExrl,cus_OrqLN8iubH9a3O,in_1O46gDAKv6LsYLX2UXTyQ46s,po_1O4Ze6AKv6LsYLX21WtWKueW,a2ebb248-5873-4edd-a229-9f1a96bc1db7,4b8c704c-863d-4e25-9bcf-ce9a1b75a391,Admission Success Blueprint,12/27/2023 16:46,txcd_20030000
ch_3O46YQAKv6LsYLX20Vy85oNB,10/22/2023 18:39,249,0,usd,TRUE,249,0,usd,,7.52,Paid,Payment complete.,pm_1O46YQAKv6LsYLX2VMscKyF6,cus_OrqA8g1p2Sb2yj,in_1O46YTAKv6LsYLX26gWyN66M,po_1O4Ze6AKv6LsYLX21WtWKueW,6834082b-2d96-48f3-8648-f39505489446,40375dc9-7834-49eb-9103-745a5ef656cd,College Prep Masterclass,3/29/2020 3:57,txcd_20030000
ch_3O46PBAKv6LsYLX21hpIpSeN,10/22/2023 18:29,85.65,0,eur,TRUE,88.11,0,usd,,4.18,Paid,Payment complete.,pm_1O46PAAKv6LsYLX22jmkzctw,cus_Orq3lH0wjmHzil,in_1O46PEAKv6LsYLX28eJtBOgp,po_1O4Ze6AKv6LsYLX21WtWKueW,233ec5a8-d4ac-444a-979b-2c9bca0c2c8d,b7f7421a-3caf-4185-84f9-e254a4365528,College Admission Strategy Workshop,12/27/2023 16:46,txcd_20030000
ch_3O45ZjAKv6LsYLX20lXTldp9,10/22/2023 17:36,239.63,0,eur,TRUE,246.52,0,usd,,11.15,Paid,Payment complete.,pm_1O45ZiAKv6LsYLX2QBQjkwnx,cus_Or97agXpt78Owr,in_1O45ZrAKv6LsYLX2oPBVxZrL,po_1O4Ze6AKv6LsYLX21WtWKueW,6834082b-2d96-48f3-8648-f39505489446,40375dc9-7834-49eb-9103-745a5ef656cd,College Prep Masterclass,3/29/2020 3:57,txcd_20030000
ch_3O3ovkAKv6LsYLX20Mb2HLmn,10/22/2023 16:30,31,0,usd,TRUE,31,0,usd,,1.2,Paid,Payment complete.,pm_1O44XgAKv6LsYLX2BqyMYZRm,cus_OrDLu4ywVz01DG,in_1O44XpAKv6LsYLX2NF1JtGD0,po_1O4Ze6AKv6LsYLX21WtWKueW,a2ebb248-5873-4edd-a229-9f1a96bc1db7,4b8c704c-863d-4e25-9bcf-ce9a1b75a391,Admission Success Blueprint,12/27/2023 16:46,txcd_20030000
ch_3O43oNAKv6LsYLX22L3Wtsqy,10/22/2023 15:43,74.74,0,gbp,TRUE,88.11,0,usd,,4.18,Paid,Payment complete.,pm_1O43oMAKv6LsYLX2mGnRSteb,cus_OrmNsfz3bbiHPG,in_1O43oQAKv6LsYLX21ZCUWzJP,po_1O4Ze6AKv6LsYLX21WtWKueW,233ec5a8-d4ac-444a-979b-2c9bca0c2c8d,b7f7421a-3caf-4185-84f9-e254a4365528,College Admission Strategy Workshop,12/27/2023 16:46,txcd_20030000
ch_3O41s4AKv6LsYLX22pqEyy1E,10/22/2023 13:39,21272.78,0,inr,TRUE,246.51,0,usd,,11.15,Paid,Payment complete.,pm_1O41s3AKv6LsYLX2qo4v5vit,cus_OoajbQ7zez3wpr,in_1O41sBAKv6LsYLX2vnCfzYYv,po_1O4Ze6AKv6LsYLX21WtWKueW,6834082b-2d96-48f3-8648-f39505489446,40375dc9-7834-49eb-9103-745a5ef656cd,College Prep Masterclass,3/29/2020 3:57,txcd_20030000
ch_3O40zSAKv6LsYLX20K6stc3M,10/22/2023 12:43,367.21,0,sek,TRUE,30.69,0,usd,,1.65,Paid,Payment complete.,pm_1O410GAKv6LsYLX2Cu5d2OA2,cus_OrkSqnepcm3MZY,in_1O410JAKv6LsYLX28uvkFayo,po_1O4Ze6AKv6LsYLX21WtWKueW,a2ebb248-5873-4edd-a229-9f1a96bc1db7,4b8c704c-863d-4e25-9bcf-ce9a1b75a391,Admission Success Blueprint,12/27/2023 16:46,txcd_20030000
ch_3O3zgjAKv6LsYLX20jk9RcXQ,10/22/2023 11:19,31,0,usd,TRUE,31,0,usd,,1.2,Paid,Payment complete.,pm_1O3zXXAKv6LsYLX2b87E94R7,cus_OojML0mA37MjXG,in_1O3zgmAKv6LsYLX2341QXZqG,po_1O4Ze6AKv6LsYLX21WtWKueW,a2ebb248-5873-4edd-a229-9f1a96bc1db7,4b8c704c-863d-4e25-9bcf-ce9a1b75a391,Admission Success Blueprint,12/27/2023 16:46,txcd_20030000
ch_3O3zXZAKv6LsYLX21IudQbIV,10/22/2023 11:09,14,0,usd,TRUE,10,0,usd,Subscription creation,0.59,Paid,Payment complete.,pm_1O3zXXAKv6LsYLX2b87E94R7,cus_OojML0mA37MjXG,in_1O3zXYAKv6LsYLX2BAwh0RQK,po_1O4Ze6AKv6LsYLX21WtWKueW,,,,,
ch_3O3xIJAKv6LsYLX21vvCvqRe,10/22/2023 8:46,29.85,0,eur,TRUE,30.69,0,usd,,1.65,Paid,Payment complete.,pm_1O3xIIAKv6LsYLX2EkAfuRk7,cus_Orgesgk5fwm9Bp,in_1O3xIMAKv6LsYLX29SKzV6Oc,po_1O4Ze6AKv6LsYLX21WtWKueW,a2ebb248-5873-4edd-a229-9f1a96bc1db7,4b8c704c-863d-4e25-9bcf-ce9a1b75a391,Admission Success Blueprint,12/27/2023 16:46,txcd_20030000
ch_3O3n7yAKv6LsYLX23KrY9iax,10/21/2023 21:54,43.43,0,cad,TRUE,30.69,0,usd,,1.65,Paid,Payment complete.,pm_1O3n7xAKv6LsYLX2sEwTyknA,cus_OrW8mcgQZE0BmX,in_1O3n81AKv6LsYLX2NVcEDL8y,po_1O4Ze6AKv6LsYLX21WtWKueW,a2ebb248-5873-4edd-a229-9f1a96bc1db7,4b8c704c-863d-4e25-9bcf-ce9a1b75a391,Admission Success Blueprint,12/27/2023 16:46,txcd_20030000
ch_3O3jl8AKv6LsYLX22Np9VxAB,10/21/2023 18:18,31,0,usd,TRUE,31,0,usd,,1.2,Paid,Payment complete.,pm_1O3jl8AKv6LsYLX24lv9qbFh,cus_OrSd6mBkgFLKu8,in_1O3jlBAKv6LsYLX2g5PYwXxg,po_1O4Ze6AKv6LsYLX21WtWKueW,3c44d36a-0b56-404d-8876-00c8293b8fac,8c46a7cc-09e5-40d8-9584-33c0184298c6,College Essay Coaching,10/9/2023 8:57,txcd_20030000
ch_3O3jTNAKv6LsYLX22izrCFjp,10/21/2023 18:00,208.73,0,cad,TRUE,147.51,0,usd,,6.79,Paid,Payment complete.,pm_1O3jTMAKv6LsYLX2Yu7g45Tq,cus_OrSMSPnZX4Dg7p,in_1O3jTQAKv6LsYLX2XdVooWpk,po_1O4Ze6AKv6LsYLX21WtWKueW,3abfb28f-bb3c-4a2c-8c39-5c61aac810d5,201283c3-5723-4e02-9d18-d9ff952d0d07,Elite College Prep Package,10/9/2022 8:25,txcd_20030000
ch_3O3iTAAKv6LsYLX23YWdYIIl,10/21/2023 16:56,58.35,0,bgn,TRUE,30.7,0,usd,,1.65,Paid,Payment complete.,pm_1O3iT7AKv6LsYLX2z3qxnTco,cus_OoVGTvVknHMPE3,in_1O3iTPAKv6LsYLX2Nj5GlK1G,po_1O4Ze6AKv6LsYLX21WtWKueW,3c44d36a-0b56-404d-8876-00c8293b8fac,8c46a7cc-09e5-40d8-9584-33c0184298c6,College Essay Coaching,10/9/2023 8:57,txcd_20030000
ch_3O3hNNAKv6LsYLX20iVG4kUM,10/21/2023 15:46,31,0,usd,TRUE,31,0,usd,,1.2,Paid,Payment complete.,pm_1O3hNNAKv6LsYLX2iaXKeSHS,cus_OrQDIWu1eQryDh,in_1O3hNQAKv6LsYLX2FI2KdwvF,po_1O4Ze6AKv6LsYLX21WtWKueW,a2ebb248-5873-4edd-a229-9f1a96bc1db7,4b8c704c-863d-4e25-9bcf-ce9a1b75a391,Admission Success Blueprint,12/27/2023 16:46,txcd_20030000
ch_3O3gVmAKv6LsYLX20UTvBR6E,10/21/2023 14:50,31,0,usd,TRUE,31,0,usd,,1.66,Paid,Payment complete.,pm_1O3gVmAKv6LsYLX2peDNhr0x,cus_OqNkM3vQ6upx3B,in_1O3gVqAKv6LsYLX2xLBHlZ68,po_1O4Ze6AKv6LsYLX21WtWKueW,a2ebb248-5873-4edd-a229-9f1a96bc1db7,4b8c704c-863d-4e25-9bcf-ce9a1b75a391,Admission Success Blueprint,12/27/2023 16:46,txcd_20030000
ch_3O3WVUAKv6LsYLX23fkxfZYS,10/21/2023 4:09,31,0,usd,TRUE,31,0,usd,,1.2,Paid,Payment complete.,pm_1O3WVUAKv6LsYLX2TDOsyQEc,cus_OrEvE7goFosGeL,in_1O3WVXAKv6LsYLX2nmCQIslL,po_1O4Ze6AKv6LsYLX21WtWKueW,a2ebb248-5873-4edd-a229-9f1a96bc1db7,4b8c704c-863d-4e25-9bcf-ce9a1b75a391,Admission Success Blueprint,12/27/2023 16:46,txcd_20030000
ch_3O3WSmAKv6LsYLX21J2PN4wQ,10/21/2023 4:07,149,0,usd,TRUE,149,0,usd,,4.62,Paid,Payment complete.,pm_1O3WTHAKv6LsYLX2wcx7ZpNL,cus_OrEvE7goFosGeL,in_1O3WTLAKv6LsYLX2fC50UhEU,po_1O4Ze6AKv6LsYLX21WtWKueW,3abfb28f-bb3c-4a2c-8c39-5c61aac810d5,201283c3-5723-4e02-9d18-d9ff952d0d07,Elite College Prep Package,10/9/2022 8:25,txcd_20030000
ch_3O3U6jAKv6LsYLX21iGqaoRy,10/21/2023 1:36,24,0,usd,TRUE,24,0,usd,,1,Paid,Payment complete.,pm_1O3U6iAKv6LsYLX2Q9wJRzw4,cus_OrCTjjvYixEDYc,in_1O3U6lAKv6LsYLX2hsx1LZze,po_1O4Ze6AKv6LsYLX21WtWKueW,8e3b69e5-2e21-4c93-90de-070cc5de71b4,48dc9a13-5f13-4cb9-88e2-f6004bdaee4c,Scholarly Scholarships Guide,10/9/2023 8:47,txcd_20030000
ch_3O3Rj2AKv6LsYLX20QGc898O,10/20/2023 23:03,249,0,usd,TRUE,249,0,usd,,11.26,Paid,Payment complete.,pm_1O3Rj1AKv6LsYLX2PSJ3S4jK,cus_OrA1OFNAb0slfg,in_1O3Rj5AKv6LsYLX2kmGKMmpN,po_1O4D8oAKv6LsYLX26DjMJxHC,6834082b-2d96-48f3-8648-f39505489446,40375dc9-7834-49eb-9103-745a5ef656cd,College Prep Masterclass,3/29/2020 3:57,txcd_20030000
ch_3O3RIuAKv6LsYLX20WoyP4Ek,10/20/2023 22:36,249,0,usd,TRUE,249,0,usd,,7.52,Paid,Payment complete.,pm_1O3RIuAKv6LsYLX2tvAMlMCi,cus_Or9ZYP3orvrVVO,in_1O3RIxAKv6LsYLX2wuKTHXKm,po_1O4D8oAKv6LsYLX26DjMJxHC,6834082b-2d96-48f3-8648-f39505489446,40375dc9-7834-49eb-9103-745a5ef656cd,College Prep Masterclass,3/29/2020 3:57,txcd_20030000
ch_3O3QODAKv6LsYLX21iTSXKjD,10/20/2023 21:37,249,0,usd,TRUE,249,0,usd,,7.52,Paid,Payment complete.,pm_1O3QOCAKv6LsYLX2pjMA3d3i,cus_Or8cf0vgi9xBXg,in_1O3QOGAKv6LsYLX2Cinjo0uR,po_1O4D8oAKv6LsYLX26DjMJxHC,6834082b-2d96-48f3-8648-f39505489446,40375dc9-7834-49eb-9103-745a5ef656cd,College Prep Masterclass,3/29/2020 3:57,txcd_20030000
ch_3O3QEcAKv6LsYLX23CJ7oIyz,10/20/2023 21:27,208.19,0,cad,TRUE,147.51,0,usd,,6.79,Paid,Payment complete.,pm_1O3QEcAKv6LsYLX2djfK2Mur,cus_OpkZzdQ4DrjXi1,in_1O3QEfAKv6LsYLX2p4hcE8PX,po_1O4D8oAKv6LsYLX26DjMJxHC,3abfb28f-bb3c-4a2c-8c39-5c61aac810d5,201283c3-5723-4e02-9d18-d9ff952d0d07,Elite College Prep Package,10/9/2022 8:25,txcd_20030000
ch_3O3OuDAKv6LsYLX211DjIRlZ,10/20/2023 20:02,14,0,usd,TRUE,10,0,usd,Subscription creation,0.59,Paid,Payment complete.,pm_1O3OuBAKv6LsYLX2Y0hSoylb,cus_Or71qPygOooTUJ,in_1O3OuCAKv6LsYLX21OUTvj9g,po_1O4D8oAKv6LsYLX26DjMJxHC,,,,,
ch_3O3Ot6AKv6LsYLX23YgEXySM,10/20/2023 20:01,31,0,usd,TRUE,31,0,usd,,1.2,Paid,Payment complete.,pm_1O3Ot6AKv6LsYLX2Hz3CVPfR,cus_Or74YsJaGBD2LE,in_1O3OtAAKv6LsYLX2lziQw3Yq,po_1O4D8oAKv6LsYLX26DjMJxHC,a2ebb248-5873-4edd-a229-9f1a96bc1db7,4b8c704c-863d-4e25-9bcf-ce9a1b75a391,Admission Success Blueprint,12/27/2023 16:46,txcd_20030000
ch_3O3OiCAKv6LsYLX23xt3Ki1M,10/20/2023 19:50,249,0,usd,TRUE,249,0,usd,,11.26,Paid,Payment complete.,pm_1O3OiBAKv6LsYLX27oeqdEWo,cus_Oo3uBCqfWqUFnW,in_1O3OiFAKv6LsYLX22Fgp7e1t,po_1O4D8oAKv6LsYLX26DjMJxHC,6834082b-2d96-48f3-8648-f39505489446,40375dc9-7834-49eb-9103-745a5ef656cd,College Prep Masterclass,3/29/2020 3:57,txcd_20030000
ch_3O3NKfAKv6LsYLX23XiouGat,10/20/2023 18:22,367.92,0,cad,TRUE,246.52,0,usd,,11.15,Paid,Payment complete.,pm_1O3NKfAKv6LsYLX2O1K0Gn6J,cus_Or5Vz1TtwADcJe,in_1O3NKiAKv6LsYLX2y9EllKQ1,po_1O4D8oAKv6LsYLX26DjMJxHC,6834082b-2d96-48f3-8648-f39505489446,40375dc9-7834-49eb-9103-745a5ef656cd,College Prep Masterclass,3/29/2020 3:57,txcd_20030000
ch_3O3NA2AKv6LsYLX22yl7nMb2,10/20/2023 18:11,14,0,usd,TRUE,10,0,usd,Subscription creation,0.59,Paid,Payment complete.,pm_1O3NA1AKv6LsYLX2dAdVBgvB,cus_Oo4L9vrNew5YLF,in_1O3NA1AKv6LsYLX2lLmGvTln,po_1O4D8oAKv6LsYLX26DjMJxHC,,,,,
ch_3O3LV0AKv6LsYLX22TkhnJlO,10/20/2023 16:24,249,0,usd,TRUE,249,0,usd,,7.52,Paid,Payment complete.,pm_1O3LV0AKv6LsYLX2bBdTplaq,cus_Opja3exz81YalT,in_1O3LV4AKv6LsYLX2LfgOhGgg,po_1O4D8oAKv6LsYLX26DjMJxHC,6834082b-2d96-48f3-8648-f39505489446,40375dc9-7834-49eb-9103-745a5ef656cd,College Prep Masterclass,3/29/2020 3:57,txcd_20030000
ch_3O3KI0AKv6LsYLX21qWohzlw,10/20/2023 15:07,26.06,0,gbp,TRUE,30.7,0,usd,,1.65,Paid,Payment complete.,pm_1O3KHzAKv6LsYLX2JUv91bFk,cus_OoMcmC4AXl5LvD,in_1O3KIlAKv6LsYLX27bDTYE8C,po_1O4D8oAKv6LsYLX26DjMJxHC,a2ebb248-5873-4edd-a229-9f1a96bc1db7,4b8c704c-863d-4e25-9bcf-ce9a1b75a391,Admission Success Blueprint,12/27/2023 16:46,txcd_20030000
ch_3O3K9hAKv6LsYLX21rfaR70j,10/20/2023 14:58,249,0,usd,TRUE,249,0,usd,,7.52,Paid,Payment complete.,pm_1O3K9hAKv6LsYLX2K00Izsgv,cus_Or2DOJNNlZNAPN,in_1O3K9kAKv6LsYLX2CJeRGTL6,po_1O4D8oAKv6LsYLX26DjMJxHC,6834082b-2d96-48f3-8648-f39505489446,40375dc9-7834-49eb-9103-745a5ef656cd,College Prep Masterclass,3/29/2020 3:57,txcd_20030000
ch_3O3BhBAKv6LsYLX20OLaCKQ4,10/20/2023 5:56,31,0,usd,TRUE,31,0,usd,,1.2,Paid,Payment complete.,pm_1O3BhAAKv6LsYLX2zzWj4Pkm,cus_OqVTBYO8Xs8SUo,in_1O3BhEAKv6LsYLX29IrAQqks,po_1O4D8oAKv6LsYLX26DjMJxHC,a2ebb248-5873-4edd-a229-9f1a96bc1db7,4b8c704c-863d-4e25-9bcf-ce9a1b75a391,Admission Success Blueprint,12/27/2023 16:46,txcd_20030000
ch_3O3AGqAKv6LsYLX20vWhxO0M,10/20/2023 4:25,4655.51,0,mxn,TRUE,246.51,0,usd,,11.15,Paid,Payment complete.,pm_1O3AGqAKv6LsYLX2aOM67x5m,cus_Oo59Ffq5FdFHjp,in_1O3AGtAKv6LsYLX2LnOYHlpG,po_1O4D8oAKv6LsYLX26DjMJxHC,6834082b-2d96-48f3-8648-f39505489446,40375dc9-7834-49eb-9103-745a5ef656cd,College Prep Masterclass,3/29/2020 3:57,txcd_20030000
ch_3O38TMAKv6LsYLX21qzRnMo4,10/20/2023 2:30,249,0,usd,TRUE,249,0,usd,,7.52,Paid,Payment complete.,pm_1O38TMAKv6LsYLX2N2WpzQyQ,cus_Oqq8nqgxvvZJ0b,in_1O38TPAKv6LsYLX21huPsu1r,po_1O4D8oAKv6LsYLX26DjMJxHC,6834082b-2d96-48f3-8648-f39505489446,40375dc9-7834-49eb-9103-745a5ef656cd,College Prep Masterclass,3/29/2020 3:57,txcd_20030000
ch_3O36lbAKv6LsYLX22FebLapg,10/20/2023 0:40,249,0,usd,TRUE,249,0,usd,,7.52,Paid,Payment complete.,pm_1O36lbAKv6LsYLX2GoWVJyCI,cus_OqoGAiC2oWo0yj,in_1O36leAKv6LsYLX2wRAtvrMV,po_1O4D8oAKv6LsYLX26DjMJxHC,6834082b-2d96-48f3-8648-f39505489446,40375dc9-7834-49eb-9103-745a5ef656cd,College Prep Masterclass,3/29/2020 3:57,txcd_20030000
ch_3O36lQAKv6LsYLX23jH58YDZ,10/20/2023 0:40,14,0,usd,TRUE,10,0,usd,Subscription creation,0.59,Paid,Payment complete.,pm_1O36lPAKv6LsYLX2uTGA7kOZ,cus_OqoLPcmEgTLeih,in_1O36lQAKv6LsYLX2IBiOv4P9,po_1O4D8oAKv6LsYLX26DjMJxHC,,,,,
ch_3O36AkAKv6LsYLX22Ox6i2YL,10/20/2023 0:02,31,0,usd,TRUE,31,0,usd,,1.2,Paid,Payment complete.,pm_1O35kaAKv6LsYLX2QnxlS5xy,cus_OqnI9LuhpTVVmY,in_1O36AnAKv6LsYLX2wuXvqtxb,po_1O4D8oAKv6LsYLX26DjMJxHC,a2ebb248-5873-4edd-a229-9f1a96bc1db7,4b8c704c-863d-4e25-9bcf-ce9a1b75a391,Admission Success Blueprint,12/27/2023 16:46,txcd_20030000
ch_3O35kcAKv6LsYLX20XGqM5xK,10/19/2023 23:35,14,0,usd,TRUE,10,0,usd,Subscription creation,0.59,Paid,Payment complete.,pm_1O35kaAKv6LsYLX2QnxlS5xy,cus_OqnI9LuhpTVVmY,in_1O35kbAKv6LsYLX2PAeZ2Sa4,po_1O3qmzAKv6LsYLX2WHTn1QzG,,,,,
ch_3O32HsAKv6LsYLX20IiCX1su,10/19/2023 19:54,249,0,usd,TRUE,249,0,usd,,11.26,Paid,Payment complete.,pm_1O32ITAKv6LsYLX2oe5OWShG,cus_OpthRrmmYHZ2e9,in_1O32IXAKv6LsYLX2NdsP8fqd,po_1O3qmzAKv6LsYLX2WHTn1QzG,6834082b-2d96-48f3-8648-f39505489446,40375dc9-7834-49eb-9103-745a5ef656cd,College Prep Masterclass,3/29/2020 3:57,txcd_20030000
ch_3O30ffAKv6LsYLX21WJW5zO9,10/19/2023 18:10,14,0,usd,TRUE,10,0,usd,Subscription creation,0.59,Paid,Payment complete.,pm_1O30fdAKv6LsYLX2SNaOOzum,cus_Oqi53HZ2YBcec4,in_1O30feAKv6LsYLX2rcu517Og,po_1O3qmzAKv6LsYLX2WHTn1QzG,,,,,
ch_3O30FcAKv6LsYLX22xCfM8Cd,10/19/2023 17:43,249,0,usd,TRUE,249,0,usd,,7.52,Paid,Payment complete.,pm_1O30FcAKv6LsYLX22kyusGs6,cus_OoWg7GbtKzvcre,in_1O30FfAKv6LsYLX2MObcxB93,po_1O3qmzAKv6LsYLX2WHTn1QzG,6834082b-2d96-48f3-8648-f39505489446,40375dc9-7834-49eb-9103-745a5ef656cd,College Prep Masterclass,3/29/2020 3:57,txcd_20030000
ch_3O2yfzAKv6LsYLX21dKl0LBF,10/19/2023 16:02,31,0,usd,TRUE,31,0,usd,,1.2,Paid,Payment complete.,pm_1O2yfyAKv6LsYLX2faeo2Otp,cus_Oqf8RP4Srh7GM2,in_1O2yg3AKv6LsYLX2NVCJdaHp,po_1O3qmzAKv6LsYLX2WHTn1QzG,3c44d36a-0b56-404d-8876-00c8293b8fac,8c46a7cc-09e5-40d8-9584-33c0184298c6,College Essay Coaching,10/9/2023 8:57,txcd_20030000
ch_3O2yQAAKv6LsYLX21I37GYZW,10/19/2023 15:46,249,0,usd,TRUE,249,0,usd,,7.52,Paid,Payment complete.,pm_1O2yQAAKv6LsYLX2FZNtWLP3,cus_OqflwFu0iSsacH,in_1O2yQDAKv6LsYLX2hI1ke7ch,po_1O3qmzAKv6LsYLX2WHTn1QzG,6834082b-2d96-48f3-8648-f39505489446,40375dc9-7834-49eb-9103-745a5ef656cd,College Prep Masterclass,3/29/2020 3:57,txcd_20030000
ch_3O2xCaAKv6LsYLX223AVRGRy,10/19/2023 14:28,14,0,usd,TRUE,10,0,usd,Subscription creation,0.74,Paid,Payment complete.,pm_1O2xDQAKv6LsYLX2q6BxLC3W,cus_OqMgxsL8wsawed,in_1O2xCZAKv6LsYLX2rC3R1L2A,po_1O3qmzAKv6LsYLX2WHTn1QzG,,,,,
ch_3OYLHjAKv6LsYLX23T92X7gB,1/14/2024 4:27,279.2,0,usd,TRUE,279.2,0,usd,,12.58,Paid,Payment complete.,pm_1OYLHjAKv6LsYLX2d0yoi5cI,cus_PN4Ojxc4lK9OmY,in_1OYLHoAKv6LsYLX2D773O1vx,,f0f7a411-d78f-4c3a-abf2-4cce65097af4,40375dc9-7834-49eb-9103-745a5ef656cd,College Prep Masterclass,3/29/2020 3:57,txcd_20030000
ch_3OYIykAKv6LsYLX22U8NsVOz,1/14/2024 1:59,27,0,usd,TRUE,15,0,usd,Subscription creation,0.74,Paid,Payment complete.,pm_1OYIyiAKv6LsYLX26rVkzA56,cus_PN3480eJvn7Fdp,in_1OYIyjAKv6LsYLX2Ryrfl4gC,,,,,,
ch_3OYIIJAKv6LsYLX23HRNRhuJ,1/14/2024 1:15,35.2,0,usd,TRUE,35.2,0,usd,,1.32,Paid,Payment complete.,pm_1OYIIJAKv6LsYLX2cZpMxx5m,cus_PN2K47EJs3OvSQ,in_1OYIIRAKv6LsYLX2rvuz5MfK,,a0ff2472-fe58-453b-bc70-af15c0192959,fec5f1d1-2101-406f-b730-bc7f739ac62a,SAT & ACT Mastery Program,1/26/2024 2:09,txcd_20030000
ch_3OYHLnAKv6LsYLX20vtht5TL,1/14/2024 0:14,12,0,usd,TRUE,12,0,usd,Subscription creation,0.83,Paid,Payment complete.,pm_1OYHLlAKv6LsYLX2hJCLsR3X,cus_PLeJ2iRvAuLdza,in_1OYHLmAKv6LsYLX2JobtseGQ,,,,,,
ch_3OYGqBAKv6LsYLX23AiYHpoy,1/13/2024 23:42,2932.02,0,nok,TRUE,276.41,0,usd,,12.46,Paid,Payment complete.,pm_1OYGqAAKv6LsYLX2E6oxDsQF,cus_PN0pCOfRuxBjwy,in_1OYGqEAKv6LsYLX29HOYA5W8,,f0f7a411-d78f-4c3a-abf2-4cce65097af4,40375dc9-7834-49eb-9103-745a5ef656cd,College Prep Masterclass,3/29/2020 3:57,txcd_20030000
ch_3OYG9EAKv6LsYLX20PR7GW2b,1/13/2024 22:57,35.2,0,usd,TRUE,35.2,0,usd,,1.32,Paid,Payment complete.,pm_1OYG9EAKv6LsYLX2IDwt5iQR,cus_PN02skql2JHUHh,in_1OYG9IAKv6LsYLX2jB1gx23V,,dae443ce-10d3-46ac-b093-e1ae0eb26654,4b8c704c-863d-4e25-9bcf-ce9a1b75a391,Admission Success Blueprint,12/27/2023 16:46,txcd_20030000
ch_3OYG1gAKv6LsYLX22hxDOaeI,1/13/2024 22:50,79.2,0,usd,TRUE,79.2,0,usd,,2.6,Paid,Payment complete.,pm_1OYG1gAKv6LsYLX2dRackieR,cus_Ou0rKrHjk1QSwt,in_1OYG1kAKv6LsYLX2ykXPgMiD,,4b101604-f66f-48a3-bb37-e6cff6a35276,17f137bd-4c6a-4590-9c92-529872986e49,High School to Ivy League Program,3/29/2020 3:57,txcd_20030000
ch_3OYFwtAKv6LsYLX200kFdkom,1/13/2024 22:45,35.2,0,usd,TRUE,35.2,0,usd,,1.85,Paid,Payment complete.,pm_1OYFxcAKv6LsYLX2nT8NPsmN,cus_PMzsCd1Odr19Ae,in_1OYFxgAKv6LsYLX2DNL5IwzK,,dae443ce-10d3-46ac-b093-e1ae0eb26654,4b8c704c-863d-4e25-9bcf-ce9a1b75a391,Admission Success Blueprint,12/27/2023 16:46,txcd_20030000
ch_3OYFrVAKv6LsYLX210RNaAm4,1/13/2024 22:39,119.2,0,usd,TRUE,119.2,0,usd,,3.76,Paid,Payment complete.,pm_1OYFrUAKv6LsYLX22eV5YywH,cus_PMtPMFR0vgHeIC,in_1OYFrYAKv6LsYLX2hDgJZSmW,,2017cf56-7ca0-48a0-8892-05ad50e746ba,f8c6a47c-29ca-4be7-ae51-63c374920e4e,Personalized College Roadmap,12/6/2023 16:16,txcd_20030000
ch_3OYFO8AKv6LsYLX23TS2vODy,1/13/2024 22:09,28.18,0,gbp,TRUE,34.86,0,usd,,1.83,Paid,Payment complete.,pm_1OYFO7AKv6LsYLX2TZ8Btowy,cus_PMyE6L2CZ8SnqJ,in_1OYFOCAKv6LsYLX2ALfejG4W,,a0ff2472-fe58-453b-bc70-af15c0192959,fec5f1d1-2101-406f-b730-bc7f739ac62a,SAT & ACT Mastery Program,1/26/2024 2:09,txcd_20030000
ch_3OYFBoAKv6LsYLX23LpLzxvH,1/13/2024 21:56,27,0,usd,TRUE,15,0,usd,Subscription creation,0.96,Paid,Payment complete.,pm_1OYFBmAKv6LsYLX2QRompFoM,cus_PMz7hrJX9TeEbR,in_1OYFBoAKv6LsYLX2o6EAEUlV,,,,,,
ch_3OYF4RAKv6LsYLX21zYFO9lO,1/13/2024 21:48,14,0,usd,TRUE,10,0,usd,Subscription update,0.74,Paid,Payment complete.,pm_1O0sG6AKv6LsYLX2LHYvKD2o,cus_OoVGTvVknHMPE3,in_1OYE7TAKv6LsYLX2mbdwkCpS,,,,,,
ch_3OYEp7AKv6LsYLX22tTNCvtm,1/13/2024 21:33,79.2,0,usd,TRUE,79.2,0,usd,,2.6,Paid,Payment complete.,pm_1OYEp6AKv6LsYLX2uXwohqVL,cus_PAbU1ZPdb703O9,in_1OYEpBAKv6LsYLX2zpDvCNjN,,4b101604-f66f-48a3-bb37-e6cff6a35276,17f137bd-4c6a-4590-9c92-529872986e49,High School to Ivy League Program,3/29/2020 3:57,txcd_20030000
ch_3OYEdqAKv6LsYLX222zN80NO,1/13/2024 21:26,12,0,usd,TRUE,12,0,usd,Subscription creation,0.83,Paid,Payment complete.,pm_1OYEiXAKv6LsYLX20R71FjoJ,cus_PMqcOxhGe4xuvw,in_1OYEdpAKv6LsYLX2ZgtepoLy,,,,,,
ch_3OYE46AKv6LsYLX23CUzpn7R,1/13/2024 20:44,279.2,0,usd,TRUE,279.2,0,usd,,8.4,Paid,Payment complete.,pm_1OYE45AKv6LsYLX2UAxrULBj,cus_PMxy7HePo0dBQI,in_1OYE49AKv6LsYLX2bC4Fa3oW,,f0f7a411-d78f-4c3a-abf2-4cce65097af4,40375dc9-7834-49eb-9103-745a5ef656cd,College Prep Masterclass,3/29/2020 3:57,txcd_20030000
ch_3OYDQHAKv6LsYLX200hI8i74,1/13/2024 20:03,27,0,usd,TRUE,15,0,usd,Subscription update,0.74,Paid,Payment complete.,pm_1OMxh7AKv6LsYLX2qbNFszPL,cus_PBKKwL7TKazuKs,in_1OYCThAKv6LsYLX2us0QdGhP,,,,,,
ch_3OYD5rAKv6LsYLX20c9dtyJj,1/13/2024 19:42,14,0,usd,TRUE,10,0,usd,Subscription update,0.59,Paid,Payment complete.,pm_1O0qIKAKv6LsYLX2mVxO8SNz,cus_OoTErqCypQ4ZET,in_1OYC9FAKv6LsYLX2UNo7WA0m,,,,,,
ch_3OYCrcAKv6LsYLX22khgdaoy,1/13/2024 19:27,279.2,0,usd,TRUE,279.2,0,usd,,8.4,Paid,Payment complete.,pm_1OYCrcAKv6LsYLX28mL1lCVs,cus_PMwei1zHpIJ1tE,in_1OYCrgAKv6LsYLX26JSZ0RK1,,f0f7a411-d78f-4c3a-abf2-4cce65097af4,40375dc9-7834-49eb-9103-745a5ef656cd,College Prep Masterclass,3/29/2020 3:57,txcd_20030000
ch_3OYCh1AKv6LsYLX22iWrXBJe,1/13/2024 19:17,12,0,usd,TRUE,12,0,usd,Subscription creation,0.83,Paid,Payment complete.,pm_1OYChdAKv6LsYLX22H1ZII3n,cus_PMWET3wDqrbSyS,in_1OYCh0AKv6LsYLX2kE5IYXHj,,,,,,
ch_3OYCLBAKv6LsYLX22F2dKSsL,1/13/2024 18:53,3720.75,0,inr,TRUE,43.56,0,usd,,2.22,Paid,Payment complete.,pm_1OYCLAAKv6LsYLX2DiiK1f3U,cus_PMwCruMJatJFhi,in_1OYCLGAKv6LsYLX2LttxPSsA,,dae443ce-10d3-46ac-b093-e1ae0eb26654,4b8c704c-863d-4e25-9bcf-ce9a1b75a391,Admission Success Blueprint,12/27/2023 16:46,txcd_20030000
ch_3OYC5AAKv6LsYLX22jEALoVR,1/13/2024 18:37,99,0,usd,TRUE,99,0,usd,,3.17,Paid,Payment complete.,pm_1OYC59AKv6LsYLX2HP2uNEPl,cus_PMvuuyY6AAyiCx,in_1OYC5DAKv6LsYLX21V5wNO5Z,,4b101604-f66f-48a3-bb37-e6cff6a35276,17f137bd-4c6a-4590-9c92-529872986e49,High School to Ivy League Program,3/29/2020 3:57,txcd_20030000
ch_3OYBq5AKv6LsYLX23vKrzDVc,1/13/2024 18:21,35.2,0,usd,TRUE,35.2,0,usd,,1.32,Paid,Payment complete.,pm_1OYBq5AKv6LsYLX2Z1LDRPAJ,cus_PMvdNsiqPZRpH9,in_1OYBq9AKv6LsYLX2vDwyBXUP,,7a56d0f1-a2e5-4e2e-b26c-948a9ad21cb2,c985f100-5645-48e3-8e3d-ceffbcc37a3d,College Application Bootcamp,12/27/2023 16:46,txcd_20030000
ch_3OYBirAKv6LsYLX22BXjbn2a,1/13/2024 18:14,148.4,0,cad,TRUE,78.41,0,usd,,3.75,Paid,Payment complete.,pm_1OYBiqAKv6LsYLX28x3AS2MD,cus_PMUbpLDVJYdC5f,in_1OYBiuAKv6LsYLX2l0bIOTZ2,,4b101604-f66f-48a3-bb37-e6cff6a35276,17f137bd-4c6a-4590-9c92-529872986e49,High School to Ivy League Program,3/29/2020 3:57,txcd_20030000
ch_3OYBaWAKv6LsYLX2345y1I1R,1/13/2024 18:05,35.2,0,usd,TRUE,35.2,0,usd,,1.85,Paid,Payment complete.,pm_1OYBaVAKv6LsYLX2tRYfzBr0,cus_PMbayF8IKFADjd,in_1OYBabAKv6LsYLX2IJikNDya,,7a56d0f1-a2e5-4e2e-b26c-948a9ad21cb2,c985f100-5645-48e3-8e3d-ceffbcc37a3d,College Application Bootcamp,12/27/2023 16:46,txcd_20030000
ch_3OYBXtAKv6LsYLX20dFa4NeS,1/13/2024 18:03,14,0,usd,TRUE,10,0,usd,Subscription update,0.59,Paid,Payment complete.,pm_1O0okNAKv6LsYLX2LkUtrYO8,cus_OoRUUO8lFXZaks,in_1OYAbEAKv6LsYLX2n563NpyA,,,,,,
ch_3OYBXTAKv6LsYLX21zzPvKKD,1/13/2024 18:02,149,0,usd,TRUE,149,0,usd,,4.62,Paid,Payment complete.,pm_1OYBXTAKv6LsYLX2XT4MXRur,cus_PMvJhpl0fVgfOe,in_1OYBXWAKv6LsYLX29iqVnwgu,,2017cf56-7ca0-48a0-8892-05ad50e746ba,f8c6a47c-29ca-4be7-ae51-63c374920e4e,Personalized College Roadmap,12/6/2023 16:16,txcd_20030000
ch_3OYBWMAKv6LsYLX21INH6Zoc,1/13/2024 18:01,35.2,0,usd,TRUE,35.2,0,usd,,1.85,Paid,Payment complete.,pm_1OYBWLAKv6LsYLX2DzQ5mBeo,cus_PMbayF8IKFADjd,in_1OYBWRAKv6LsYLX2nnvr2TPD,,dae443ce-10d3-46ac-b093-e1ae0eb26654,4b8c704c-863d-4e25-9bcf-ce9a1b75a391,Admission Success Blueprint,12/27/2023 16:46,txcd_20030000
ch_3OYBRQAKv6LsYLX22vtzbqQ7,1/13/2024 17:56,35.2,0,usd,TRUE,35.2,0,usd,,1.32,Paid,Payment complete.,pm_1OYBRQAKv6LsYLX2puJeFw4I,cus_PMvGbMpqnsk08d,in_1OYBRUAKv6LsYLX2uLa1bW2K,,dae443ce-10d3-46ac-b093-e1ae0eb26654,4b8c704c-863d-4e25-9bcf-ce9a1b75a391,Admission Success Blueprint,12/27/2023 16:46,txcd_20030000
ch_3OYBEqAKv6LsYLX228Acqv7Z,1/13/2024 17:43,477.64,0,cad,TRUE,345.51,0,usd,,15.5,Paid,Payment complete.,pm_1OYBEpAKv6LsYLX2VOEHQy0v,cus_PDJQ5ddFcly64B,in_1OYBEuAKv6LsYLX2nsQ05pNP,,f0f7a411-d78f-4c3a-abf2-4cce65097af4,40375dc9-7834-49eb-9103-745a5ef656cd,College Prep Masterclass,3/29/2020 3:57,txcd_20030000
ch_3OYB0CAKv6LsYLX235jyMcgS,1/13/2024 17:28,279.2,0,usd,TRUE,279.2,0,usd,,8.4,Paid,Payment complete.,pm_1OYB0CAKv6LsYLX2lShyTv16,cus_PMuhcTPdGDOxIB,in_1OYB0GAKv6LsYLX2GjigTfVH,,f0f7a411-d78f-4c3a-abf2-4cce65097af4,40375dc9-7834-49eb-9103-745a5ef656cd,College Prep Masterclass,3/29/2020 3:57,txcd_20030000
ch_3OYAwEAKv6LsYLX23EcIwwkb,1/13/2024 17:24,35.2,0,usd,TRUE,35.2,0,usd,,1.32,Paid,Payment complete.,pm_1OYAwDAKv6LsYLX2l47FHFZt,cus_PMukkSx0gg8fiG,in_1OYAwIAKv6LsYLX22GuSsPnT,,7a56d0f1-a2e5-4e2e-b26c-948a9ad21cb2,c985f100-5645-48e3-8e3d-ceffbcc37a3d,College Application Bootcamp,12/27/2023 16:46,txcd_20030000
ch_3OYAWiAKv6LsYLX204U0LLfP,1/13/2024 16:57,279.2,0,usd,TRUE,279.2,0,usd,,8.4,Paid,Payment complete.,pm_1OYAWhAKv6LsYLX2jBYRNXTA,cus_PMuJSsQeCd5He8,in_1OYAWmAKv6LsYLX2SBwQJYmq,,f0f7a411-d78f-4c3a-abf2-4cce65097af4,40375dc9-7834-49eb-9103-745a5ef656cd,College Prep Masterclass,3/29/2020 3:57,txcd_20030000
ch_3OY9dOAKv6LsYLX21TgdVD3i,1/13/2024 16:00,27,0,usd,TRUE,15,0,usd,Subscription creation,0.96,Paid,Payment complete.,pm_1OY9dMAKv6LsYLX2e94yd60a,cus_PMtPBHYySaYlJd,in_1OY9dNAKv6LsYLX2PFwoAdZ6,,,,,,
ch_3OY9WYAKv6LsYLX22oy0EvxU,1/13/2024 15:53,223.46,0,gbp,TRUE,276.41,0,usd,,12.46,Paid,Payment complete.,pm_1OY9WXAKv6LsYLX28hxuuv0a,cus_PJBGskYUMLo13n,in_1OY9WcAKv6LsYLX21l1Rif9R,,f0f7a411-d78f-4c3a-abf2-4cce65097af4,40375dc9-7834-49eb-9103-745a5ef656cd,College Prep Masterclass,3/29/2020 3:57,txcd_20030000
ch_3OY9PsAKv6LsYLX23G1GlAZZ,1/13/2024 15:46,88.98,0,ron,TRUE,19.01,0,usd,,1.14,Paid,Payment complete.,pm_1OY9PsAKv6LsYLX2mAmCKz1a,cus_PDET8spWUFC4zq,in_1OY9PwAKv6LsYLX2YtcsJiSp,,d7c2e880-2bff-4c5a-897b-9a08f8cddd06,4033cc0f-bce4-4338-b8d6-9a983207c2a1,GPA Boosting Academy,10/9/2021 5:30,txcd_20030000
ch_3OY9MWAKv6LsYLX21o0tWhrw,1/13/2024 15:44,126.04,0,ron,TRUE,26.93,0,usd,,1.48,Paid,Payment complete.,pm_1OY9NUAKv6LsYLX2jKCpkzYz,cus_PDET8spWUFC4zq,in_1OY9NYAKv6LsYLX2qzomke52,,c5712f31-b51f-4314-8b89-d3fb2af2e0e0,48dc9a13-5f13-4cb9-88e2-f6004bdaee4c,Scholarly Scholarships Guide,10/9/2023 8:47,txcd_20030000
ch_3OY84LAKv6LsYLX202btTwSf,1/13/2024 14:24,12,0,usd,TRUE,12,0,usd,Subscription creation,0.83,Paid,Payment complete.,pm_1OY87uAKv6LsYLX2JxD5iYgZ,cus_PMcwgtJ1nasFzf,in_1OY84KAKv6LsYLX2IGbGX4gm,,,,,,
ch_3OY87bAKv6LsYLX22Ni0bEps,1/13/2024 14:23,32.79,0,eur,TRUE,34.85,0,usd,,1.83,Paid,Payment complete.,pm_1OY87aAKv6LsYLX24A6Ugbbj,cus_PLUmOjM2XFZbPf,in_1OY87fAKv6LsYLX2CGYsMIxS,,d8b64e76-c7a9-4c9d-b904-49d81557c23a,8c46a7cc-09e5-40d8-9584-33c0184298c6,College Essay Coaching,10/9/2023 8:57,txcd_20030000
ch_3OY7xAAKv6LsYLX22W2oyxqf,1/13/2024 14:12,17.89,0,eur,TRUE,19.01,0,usd,,1.14,Paid,Payment complete.,pm_1OY7x9AKv6LsYLX2KPmyYYGk,cus_PMrPJYhXz3cc5g,in_1OY7xEAKv6LsYLX2H9o1aQmn,,d7c2e880-2bff-4c5a-897b-9a08f8cddd06,4033cc0f-bce4-4338-b8d6-9a983207c2a1,GPA Boosting Academy,10/9/2021 5:30,txcd_20030000
ch_3OY7obAKv6LsYLX23XO8THon,1/13/2024 14:04,27,0,usd,TRUE,15,0,usd,Subscription update,0.96,Paid,Payment complete.,pm_1OMs5dAKv6LsYLX2thLJ1xZ4,cus_PBEXJikpoKy8j8,in_1OY6rnAKv6LsYLX297nF4xaY,,,,,,
ch_3OY61LAKv6LsYLX23Ii1w67P,1/13/2024 12:09,35.2,0,usd,TRUE,35.2,0,usd,,1.32,Paid,Payment complete.,pm_1OY61LAKv6LsYLX2KvJssqMC,cus_PMpdL6OO3NvSLI,in_1OY61PAKv6LsYLX2QarMvUwN,,7a56d0f1-a2e5-4e2e-b26c-948a9ad21cb2,c985f100-5645-48e3-8e3d-ceffbcc37a3d,College Application Bootcamp,12/27/2023 16:46,txcd_20030000
ch_3OXBzKAKv6LsYLX23Ppy0rGE,1/11/2024 0:19,14,0,usd,TRUE,10,0,usd,Subscription update,0.59,Paid,Payment complete.,pm_1OLwGtAKv6LsYLX2sy82t45k,cus_PAGct5cythKDfE,in_1OXB32AKv6LsYLX2aHAvgPu8,,,,,,
ch_3OY5LgAKv6LsYLX22YXi3p0u,1/13/2024 11:26,63.39,0,gbp,TRUE,78.41,0,usd,,3.75,Paid,Payment complete.,pm_1OY5LfAKv6LsYLX2XQxtGviB,cus_PIUiYkqEZ4th22,in_1OY5LlAKv6LsYLX2HN5JBXOm,,4b101604-f66f-48a3-bb37-e6cff6a35276,17f137bd-4c6a-4590-9c92-529872986e49,High School to Ivy League Program,3/29/2020 3:57,txcd_20030000
ch_3OY4RYAKv6LsYLX22MBOoMkt,1/13/2024 10:28,28.18,0,gbp,TRUE,34.86,0,usd,,1.83,Paid,Payment complete.,pm_1OY4RYAKv6LsYLX2ZnEMZBOI,cus_PMnziGKg2RVLOu,in_1OY4RdAKv6LsYLX2OlPPg3Sw,,dae443ce-10d3-46ac-b093-e1ae0eb26654,4b8c704c-863d-4e25-9bcf-ce9a1b75a391,Admission Success Blueprint,12/27/2023 16:46,txcd_20030000
ch_3OY2FwAKv6LsYLX230mTAl12,1/13/2024 8:07,14079.83,0,inr,TRUE,118.01,0,usd,,5.49,Paid,Payment complete.,pm_1OY2FwAKv6LsYLX2meYwoKmQ,cus_PMlhApupEkeIfX,in_1OY2G1AKv6LsYLX2YAxrs27Y,,2017cf56-7ca0-48a0-8892-05ad50e746ba,f8c6a47c-29ca-4be7-ae51-63c374920e4e,Personalized College Roadmap,12/6/2023 16:16,txcd_20030000
ch_3OY065AKv6LsYLX228ce6d0H,1/13/2024 5:49,19.2,0,usd,TRUE,19.2,0,usd,,0.86,Paid,Payment complete.,pm_1OY065AKv6LsYLX2O925at4Q,cus_PML1Yl52shMXUv,in_1OY069AKv6LsYLX2tFquuXx3,,d7c2e880-2bff-4c5a-897b-9a08f8cddd06,4033cc0f-bce4-4338-b8d6-9a983207c2a1,GPA Boosting Academy,10/9/2021 5:30,txcd_20030000
ch_3OXyw0AKv6LsYLX22sw4ss2P,1/13/2024 4:35,119.2,0,usd,TRUE,119.2,0,usd,,5.54,Paid,Payment complete.,pm_1OXyw0AKv6LsYLX2RyJVcI70,cus_PMQYRzcmzipTk4,in_1OXyw5AKv6LsYLX22CbV1THT,,2017cf56-7ca0-48a0-8892-05ad50e746ba,f8c6a47c-29ca-4be7-ae51-63c374920e4e,Personalized College Roadmap,12/6/2023 16:16,txcd_20030000
ch_3OXyrEAKv6LsYLX224zZQabs,1/13/2024 4:30,14,0,usd,TRUE,10,0,usd,Subscription update,0.59,Paid,Payment complete.,pm_1O0c3ZAKv6LsYLX2aaZYAkwU,cus_OoEVEV1afXaoX9,in_1OXxu2AKv6LsYLX2PaqFxWKb,,,,,,
ch_3OXypVAKv6LsYLX215F5qhUJ,1/13/2024 4:28,279.2,0,usd,TRUE,279.2,0,usd,,8.4,Paid,Payment complete.,pm_1OXypUAKv6LsYLX2O5cFsMwQ,cus_PL7ykCr4WVa47i,in_1OXypZAKv6LsYLX2SluHvtxi,,f0f7a411-d78f-4c3a-abf2-4cce65097af4,40375dc9-7834-49eb-9103-745a5ef656cd,College Prep Masterclass,3/29/2020 3:57,txcd_20030000
ch_3OXyI8AKv6LsYLX20aUCovCn,1/13/2024 3:53,27,0,usd,TRUE,15,0,usd,Subscription update,0.74,Paid,Payment complete.,pm_1OMiZIAKv6LsYLX2UTqgzu5W,cus_PB4h7xxysVFh1X,in_1OXxLMAKv6LsYLX20FxiHczF,,,,,,
ch_3OXxswAKv6LsYLX21K2yL6ae,1/13/2024 3:27,279.2,0,usd,TRUE,279.2,0,usd,,8.4,Paid,Payment complete.,pm_1OXxswAKv6LsYLX2VbhX6Tpj,cus_PJMYxPkOhNUTsT,in_1OXxt0AKv6LsYLX2KIyCKdqG,,f0f7a411-d78f-4c3a-abf2-4cce65097af4,40375dc9-7834-49eb-9103-745a5ef656cd,College Prep Masterclass,3/29/2020 3:57,txcd_20030000
ch_3OXxhGAKv6LsYLX23ddJpeur,1/13/2024 3:15,14,0,usd,TRUE,10,0,usd,Subscription update,0.59,Paid,Payment complete.,pm_1O0asnAKv6LsYLX2Gt90qRaP,cus_OoDIHUjqdaxF8K,in_1OXwk5AKv6LsYLX2b53dKWVA,,,,,,
ch_3OXxUxAKv6LsYLX21rq7vUUJ,1/13/2024 3:03,27,0,usd,TRUE,15,0,usd,Subscription update,0.74,Paid,Payment complete.,pm_1OMhlrAKv6LsYLX2LPhlbEiJ,cus_PB3k2iMlDzNMx8,in_1OXwYlAKv6LsYLX2jjvhIrvK,,,,,,
ch_3OXx8HAKv6LsYLX21xI7ATfb,1/13/2024 2:39,163.09,0,cad,TRUE,118.01,0,usd,,5.49,Paid,Payment complete.,pm_1OXx8GAKv6LsYLX2mGaeFIWj,cus_PMgAixooJYghCa,in_1OXx8KAKv6LsYLX2zNGLtgab,,2017cf56-7ca0-48a0-8892-05ad50e746ba,f8c6a47c-29ca-4be7-ae51-63c374920e4e,Personalized College Roadmap,12/6/2023 16:16,txcd_20030000
ch_3OXwW4AKv6LsYLX21InPuTXB,1/13/2024 2:00,95.41,0,gbp,TRUE,118.02,0,usd,,5.49,Paid,Payment complete.,pm_1OXwW4AKv6LsYLX2RzUOySyz,cus_PMfj35ht4ILUL7,in_1OXwW9AKv6LsYLX2kcbtQFN1,,2017cf56-7ca0-48a0-8892-05ad50e746ba,f8c6a47c-29ca-4be7-ae51-63c374920e4e,Personalized College Roadmap,12/6/2023 16:16,txcd_20030000
ch_3OXvimAKv6LsYLX214jlst5t,1/13/2024 1:09,35.2,0,usd,TRUE,35.2,0,usd,,1.85,Paid,Payment complete.,pm_1OXvilAKv6LsYLX2cRFco5cg,cus_PMevVdZUhIPY5V,in_1OXviqAKv6LsYLX2AqQCzTAP,,dae443ce-10d3-46ac-b093-e1ae0eb26654,4b8c704c-863d-4e25-9bcf-ce9a1b75a391,Admission Success Blueprint,12/27/2023 16:46,txcd_20030000
ch_3OXvOhAKv6LsYLX23naBa1Ln,1/13/2024 0:48,35.2,0,usd,TRUE,35.2,0,usd,,1.32,Paid,Payment complete.,pm_1OXvOhAKv6LsYLX2oH6NH24L,cus_PL4SYaDyldNXhz,in_1OXvOxAKv6LsYLX2Bj64nT04,,a0ff2472-fe58-453b-bc70-af15c0192959,fec5f1d1-2101-406f-b730-bc7f739ac62a,SAT & ACT Mastery Program,1/26/2024 2:09,txcd_20030000
ch_3OXvM1AKv6LsYLX22yesVBTO,1/13/2024 0:45,48,0,usd,TRUE,44,0,usd,,1.58,Paid,Payment complete.,pm_1OXvM0AKv6LsYLX2vhW3VcaR,cus_PL4SYaDyldNXhz,in_1OXvM7AKv6LsYLX2Wj6ndVSM,,d8b64e76-c7a9-4c9d-b904-49d81557c23a,8c46a7cc-09e5-40d8-9584-33c0184298c6,College Essay Coaching,10/9/2023 8:57,txcd_20030000
ch_3OXvLMAKv6LsYLX21niHJHxE,1/13/2024 0:45,14,0,usd,TRUE,10,0,usd,Subscription update,0.74,Paid,Payment complete.,pm_1O0YYEAKv6LsYLX2ryj9mVnr,cus_OoApkHOib7kaaP,in_1OXuOlAKv6LsYLX2rpHI7Ici,,,,,,
ch_3OXv7tAKv6LsYLX20lnGJ4sc,1/13/2024 0:31,14,0,usd,TRUE,10,0,usd,Subscription update,0.74,Paid,Payment complete.,pm_1O0YJfAKv6LsYLX2wbqEjONT,cus_OoAc5442gvQyIw,in_1OXuAxAKv6LsYLX2JGulSAdO,,,,,,
ch_3OXv5mAKv6LsYLX20a9cJ4ck,1/13/2024 0:28,14,0,usd,TRUE,10,0,usd,Subscription update,0.59,Paid,Payment complete.,pm_1O0YHnAKv6LsYLX2Vlt3AsJy,cus_OoAaJtTBXvijVj,in_1OXu8wAKv6LsYLX24MZjBJHJ,,,,,,
ch_3OXuVsAKv6LsYLX211XRqhCy,1/12/2024 23:51,279.2,0,usd,TRUE,279.2,0,usd,,8.4,Paid,Payment complete.,pm_1OXuVsAKv6LsYLX2uCy399VO,cus_PIUlDalidFUaQz,in_1OXuVwAKv6LsYLX2cLJJ6ApU,,f0f7a411-d78f-4c3a-abf2-4cce65097af4,40375dc9-7834-49eb-9103-745a5ef656cd,College Prep Masterclass,3/29/2020 3:57,txcd_20030000
ch_3OXuNeAKv6LsYLX22ToxIX37,1/12/2024 23:43,27,0,usd,TRUE,15,0,usd,Subscription creation,0.74,Paid,Payment complete.,pm_1OXuNcAKv6LsYLX26UdJX8MC,cus_OxFnO1Vyp8asSR,in_1OXuNdAKv6LsYLX2cQixPQu2,,,,,,
ch_3OXu6SAKv6LsYLX23F3Y4LOH,1/12/2024 23:25,35.2,0,usd,TRUE,35.2,0,usd,,1.32,Paid,Payment complete.,pm_1OXu6RAKv6LsYLX2iYFPpXld,cus_PIo97qZQ2hjVxx,in_1OXu6WAKv6LsYLX2LIJeT98G,,dae443ce-10d3-46ac-b093-e1ae0eb26654,4b8c704c-863d-4e25-9bcf-ce9a1b75a391,Admission Success Blueprint,12/27/2023 16:46,txcd_20030000
ch_3OXtywAKv6LsYLX22knGIJPl,1/12/2024 23:17,279.2,0,usd,TRUE,279.2,0,usd,,8.4,Paid,Payment complete.,pm_1OXtyvAKv6LsYLX2IfNedFmx,cus_PMdBcEtYZvnTKV,in_1OXtz0AKv6LsYLX2en8Lwi0U,,f0f7a411-d78f-4c3a-abf2-4cce65097af4,40375dc9-7834-49eb-9103-745a5ef656cd,College Prep Masterclass,3/29/2020 3:57,txcd_20030000
ch_3OXtxCAKv6LsYLX21EPNYKL9,1/12/2024 23:15,279.2,0,usd,TRUE,279.2,0,usd,,8.4,Paid,Payment complete.,pm_1OXtxBAKv6LsYLX2qI9Zql4J,cus_PM0e5d2RetI44Y,in_1OXtxGAKv6LsYLX28GoPveV7,,f0f7a411-d78f-4c3a-abf2-4cce65097af4,40375dc9-7834-49eb-9103-745a5ef656cd,College Prep Masterclass,3/29/2020 3:57,txcd_20030000
ch_3OXtx4AKv6LsYLX220v8jqx4,1/12/2024 23:15,14,0,usd,TRUE,10,0,usd,Subscription update,0.74,Paid,Payment complete.,pm_1O0X9iAKv6LsYLX28ouRT2xi,cus_Oo9Q5w1bPutOob,in_1OXt0XAKv6LsYLX22l7jS1io,,,,,,
ch_3OXtJ8AKv6LsYLX20EqjHoQv,1/12/2024 22:34,148.11,0,cad,TRUE,78.41,0,usd,,3.75,Paid,Payment complete.,pm_1OXtJ7AKv6LsYLX25MHeed4b,cus_PMcPcPg2zxh8Ip,in_1OXtJBAKv6LsYLX2G0mQ2rsH,,4b101604-f66f-48a3-bb37-e6cff6a35276,17f137bd-4c6a-4590-9c92-529872986e49,High School to Ivy League Program,3/29/2020 3:57,txcd_20030000
ch_3OXtHLAKv6LsYLX20rjgXlca,1/12/2024 22:32,279.2,0,usd,TRUE,279.2,0,usd,,8.4,Paid,Payment complete.,pm_1OXtHKAKv6LsYLX2VTPXlsMf,cus_PMcVH3SrwU4UBQ,in_1OXtHPAKv6LsYLX2W0Uw184e,,f0f7a411-d78f-4c3a-abf2-4cce65097af4,40375dc9-7834-49eb-9103-745a5ef656cd,College Prep Masterclass,3/29/2020 3:57,txcd_20030000
ch_3OXt8aAKv6LsYLX21Z9LAszt,1/12/2024 22:23,14,0,usd,TRUE,10,0,usd,Subscription update,0.59,Paid,Payment complete.,pm_1O0WKdAKv6LsYLX259V6hY9Q,cus_Oo8aYfml5VEvhW,in_1OXsBmAKv6LsYLX2t9uqEd82,,,,,,
ch_3OXswBAKv6LsYLX216M5twll,1/12/2024 22:10,35.2,0,usd,TRUE,35.2,0,usd,,1.85,Paid,Payment complete.,pm_1OXswAAKv6LsYLX2HjJ2g5C9,cus_PMbuPhMIBqhOtw,in_1OXswFAKv6LsYLX2DW4mtLP0,,dae443ce-10d3-46ac-b093-e1ae0eb26654,4b8c704c-863d-4e25-9bcf-ce9a1b75a391,Admission Success Blueprint,12/27/2023 16:46,txcd_20030000
ch_3OXss6AKv6LsYLX21KG62Itf,1/12/2024 22:06,369,69.8,usd,TRUE,349,69.8,usd,,10.42,Paid,Payment complete.,pm_1OXss5AKv6LsYLX2X7RhRrpe,cus_PMc3CY4wFJVfxs,in_1OXss9AKv6LsYLX2Dg08GyEX,,f0f7a411-d78f-4c3a-abf2-4cce65097af4,40375dc9-7834-49eb-9103-745a5ef656cd,College Prep Masterclass,3/29/2020 3:57,txcd_20030000
ch_3OXsWdAKv6LsYLX234bfWOtN,1/12/2024 21:44,27,0,usd,TRUE,15,0,usd,Subscription creation,0.74,Paid,Payment complete.,pm_1OXsWcAKv6LsYLX2bUCASRSG,cus_PL3OUewVEDWHEH,in_1OXsWdAKv6LsYLX21X7HLXjr,,,,,,
ch_3OXsO3AKv6LsYLX23cvELv8I,1/12/2024 21:35,279.2,0,usd,TRUE,279.2,0,usd,,12.58,Paid,Payment complete.,pm_1OXsO2AKv6LsYLX2TCSJg1zo,cus_PINnNXUqbugw3O,in_1OXsO7AKv6LsYLX2VVccDzSt,,f0f7a411-d78f-4c3a-abf2-4cce65097af4,40375dc9-7834-49eb-9103-745a5ef656cd,College Prep Masterclass,3/29/2020 3:57,txcd_20030000
ch_3OXriQAKv6LsYLX22OkhNr7Y,1/12/2024 20:52,119.2,0,usd,TRUE,119.2,0,usd,,5.54,Paid,Payment complete.,pm_1OXriQAKv6LsYLX27Grv8BK5,cus_PLJi7MwXbZO18f,in_1OXriUAKv6LsYLX21yMRzy57,,2017cf56-7ca0-48a0-8892-05ad50e746ba,f8c6a47c-29ca-4be7-ae51-63c374920e4e,Personalized College Roadmap,12/6/2023 16:16,txcd_20030000
ch_3OXrgNAKv6LsYLX21JjtMvXj,1/12/2024 20:50,27,0,usd,TRUE,15,0,usd,Subscription creation,0.96,Paid,Payment complete.,pm_1OXrgLAKv6LsYLX2UPxVgtUQ,cus_PMaqGBMDUs0A9M,in_1OXrgMAKv6LsYLX2eL9akVuh,,,,,,
ch_3OXrG0AKv6LsYLX23SbRqzHI,1/12/2024 20:23,14,0,usd,TRUE,10,0,usd,Subscription update,0.59,Paid,Payment complete.,pm_1O0USNAKv6LsYLX2QVd1yyCe,cus_Oo6eFkVVkzUBtF,in_1OXqJ8AKv6LsYLX2F92oEOd7,,,,,,
ch_3OXqxrAKv6LsYLX21D55jKjS,1/12/2024 20:04,279.2,0,usd,TRUE,159.2,0,usd,,4.92,Paid,Payment complete.,pm_1OXqxqAKv6LsYLX2IJFEHMQa,cus_PMa5OBUku5Pa4e,in_1OXqxvAKv6LsYLX2N2OE1VHO,,25fdcdc9-4f82-4374-a62c-7d323f543a03,201283c3-5723-4e02-9d18-d9ff952d0d07,Elite College Prep Package,10/9/2022 8:25,txcd_20030000
ch_3OXqrYAKv6LsYLX23St4XojU,1/12/2024 19:57,27,0,usd,TRUE,15,0,usd,Subscription update,0.74,Paid,Payment complete.,pm_1OMb8SAKv6LsYLX2eKrYA4Nc,cus_PAx0oo2Omg0VlQ,in_1OXpucAKv6LsYLX2qgnw8Ga4,,,,,,
ch_3OXqWQAKv6LsYLX22oEJz9wc,1/12/2024 19:36,14,0,usd,TRUE,10,0,usd,Subscription update,0.59,Paid,Payment complete.,pm_1O0TiaAKv6LsYLX2PeWMGu8n,cus_Oo5t9RKqWrXnGV,in_1OXpZnAKv6LsYLX2mgqXB6un,,,,,,
ch_3OXpvHAKv6LsYLX23nDoXuYm,1/12/2024 18:57,279.2,0,usd,TRUE,279.2,0,usd,,8.4,Paid,Payment complete.,pm_1OXpvHAKv6LsYLX2tAWnb5jR,cus_PIUVNBafk7YfpI,in_1OXpvMAKv6LsYLX2twf7tWMI,,f0f7a411-d78f-4c3a-abf2-4cce65097af4,40375dc9-7834-49eb-9103-745a5ef656cd,College Prep Masterclass,3/29/2020 3:57,txcd_20030000
ch_3OXpuuAKv6LsYLX20ksT7A0x,1/12/2024 18:57,35.2,0,usd,TRUE,35.2,0,usd,,1.32,Paid,Payment complete.,pm_1OXputAKv6LsYLX2RDC5yZhl,cus_PMZ0BemU0f8XiK,in_1OXpuyAKv6LsYLX2LjgKI6OH,,d8b64e76-c7a9-4c9d-b904-49d81557c23a,8c46a7cc-09e5-40d8-9584-33c0184298c6,College Essay Coaching,10/9/2023 8:57,txcd_20030000
ch_3OXprRAKv6LsYLX22updn3Tv,1/12/2024 18:53,4814.78,0,mxn,TRUE,276.41,0,usd,,12.46,Paid,Payment complete.,pm_1OXprPAKv6LsYLX2uBFw9j52,cus_PLnFkqp4Iw980L,in_1OXprVAKv6LsYLX2Xpac4j1e,,f0f7a411-d78f-4c3a-abf2-4cce65097af4,40375dc9-7834-49eb-9103-745a5ef656cd,College Prep Masterclass,3/29/2020 3:57,txcd_20030000
ch_3OXpmfAKv6LsYLX22vX2DmNT,1/12/2024 18:48,14,0,usd,TRUE,10,0,usd,Subscription update,0.59,Paid,Payment complete.,pm_1O0Sz3AKv6LsYLX20uS94Aol,cus_Oo58MTfypBZf1h,in_1OXoppAKv6LsYLX2n5ovpyMM,,,,,,
ch_3OXpeKAKv6LsYLX21iHCwZaE,1/12/2024 18:40,27,0,usd,TRUE,15,0,usd,Subscription creation,0.74,Paid,Payment complete.,pm_1OXpeIAKv6LsYLX2VGJPZX3n,cus_PMYkEqvEEbvtZq,in_1OXpeJAKv6LsYLX2rSzhtQQX,,,,,,
ch_3OXotxAKv6LsYLX23krluYLZ,1/12/2024 17:52,48.01,0,cad,TRUE,34.85,0,usd,,1.83,Paid,Payment complete.,pm_1OXouSAKv6LsYLX2VZmQBpWz,cus_PMFenWxrr5QjBE,in_1OXouZAKv6LsYLX2HwzsGl7O,,dae443ce-10d3-46ac-b093-e1ae0eb26654,4b8c704c-863d-4e25-9bcf-ce9a1b75a391,Admission Success Blueprint,12/27/2023 16:46,txcd_20030000
ch_3OXok9AKv6LsYLX23j7OodY7,1/12/2024 17:42,369,69.8,usd,TRUE,349,69.8,usd,,10.42,Paid,Payment complete.,pm_1OXok8AKv6LsYLX2cXkXK1Q2,cus_PMXocB3ru8C16z,in_1OXokWAKv6LsYLX2ODO2WjYb,,f0f7a411-d78f-4c3a-abf2-4cce65097af4,40375dc9-7834-49eb-9103-745a5ef656cd,College Prep Masterclass,3/29/2020 3:57,txcd_20030000
ch_3OXnyWAKv6LsYLX21r1iBkm8,1/12/2024 16:52,27.2,0,usd,TRUE,27.2,0,usd,,1.09,Paid,Payment complete.,pm_1OXnyWAKv6LsYLX2cpx3bIip,cus_PMX1lBNmNBmcrA,in_1OXnyaAKv6LsYLX2UnKtczpV,,c5712f31-b51f-4314-8b89-d3fb2af2e0e0,48dc9a13-5f13-4cb9-88e2-f6004bdaee4c,Scholarly Scholarships Guide,10/9/2023 8:47,txcd_20030000
ch_3OXnrEAKv6LsYLX21UOyoeEg,1/12/2024 16:45,28.22,0,gbp,TRUE,34.84,0,usd,,1.83,Paid,Payment complete.,pm_1OXnrDAKv6LsYLX27LC1mLZa,cus_PMWhZUkB3rIhEJ,in_1OXnrIAKv6LsYLX2aCkR1wnA,,dae443ce-10d3-46ac-b093-e1ae0eb26654,4b8c704c-863d-4e25-9bcf-ce9a1b75a391,Admission Success Blueprint,12/27/2023 16:46,txcd_20030000
ch_3OXnpTAKv6LsYLX22vyoQNqm,1/12/2024 16:43,48.05,0,cad,TRUE,34.85,0,usd,,1.83,Paid,Payment complete.,pm_1OXnpSAKv6LsYLX27icNyNnN,cus_P9NYDfFAaE0BOO,in_1OXnpYAKv6LsYLX2biL9w5Uv,,a0ff2472-fe58-453b-bc70-af15c0192959,fec5f1d1-2101-406f-b730-bc7f739ac62a,SAT & ACT Mastery Program,1/26/2024 2:09,txcd_20030000
ch_3OXnPjAKv6LsYLX23yJM1MDr,1/12/2024 16:17,2978.94,0,inr,TRUE,34.85,0,usd,,1.83,Paid,Payment complete.,pm_1ONAtBAKv6LsYLX2RjDc40KC,cus_PAXVpz8cDnyi0Q,in_1OXnPnAKv6LsYLX2LQm6DGzn,,a0ff2472-fe58-453b-bc70-af15c0192959,fec5f1d1-2101-406f-b730-bc7f739ac62a,SAT & ACT Mastery Program,1/26/2024 2:09,txcd_20030000
ch_3OXnPMAKv6LsYLX23865WQkA,1/12/2024 16:16,1624.88,0,inr,TRUE,19.01,0,usd,,1.14,Paid,Payment complete.,pm_1ONAtBAKv6LsYLX2RjDc40KC,cus_PAXVpz8cDnyi0Q,in_1OXnPRAKv6LsYLX2TWpuJGxF,,d7c2e880-2bff-4c5a-897b-9a08f8cddd06,4033cc0f-bce4-4338-b8d6-9a983207c2a1,GPA Boosting Academy,10/9/2021 5:30,txcd_20030000
ch_3OXmmwAKv6LsYLX22Htb37oE,1/12/2024 15:36,279.2,0,usd,TRUE,279.2,0,usd,,8.4,Paid,Payment complete.,pm_1OXmmvAKv6LsYLX2BCs4PQb9,cus_PMVaYjnZgwCqFk,in_1OXmn1AKv6LsYLX23xZZPw4Z,,f0f7a411-d78f-4c3a-abf2-4cce65097af4,40375dc9-7834-49eb-9103-745a5ef656cd,College Prep Masterclass,3/29/2020 3:57,txcd_20030000
ch_3OXmNiAKv6LsYLX23c9sewCZ,1/12/2024 15:10,79.2,0,usd,TRUE,79.2,0,usd,,2.6,Paid,Payment complete.,pm_1OXmNhAKv6LsYLX2hZAJtvhq,cus_PCnZzLSSchWdW8,in_1OXmNlAKv6LsYLX2YHnK8rKM,,4b101604-f66f-48a3-bb37-e6cff6a35276,17f137bd-4c6a-4590-9c92-529872986e49,High School to Ivy League Program,3/29/2020 3:57,txcd_20030000
ch_3OXm1hAKv6LsYLX20IoDjXJJ,1/12/2024 14:48,27,0,usd,TRUE,15,0,usd,Subscription creation,0.74,Paid,Payment complete.,pm_1OXm1gAKv6LsYLX2U3AcSasX,cus_PMV1xqAh93x3zG,in_1OXm1hAKv6LsYLX2usTqyyMr,,,,,,
ch_3OXlh0AKv6LsYLX20DV0Iitu,1/12/2024 14:26,27.2,0,usd,TRUE,27.2,0,usd,,1.5,Paid,Payment complete.,pm_1OXl5rAKv6LsYLX2yIKk61YY,cus_PMU3kEFzrX3sND,in_1OXlh3AKv6LsYLX2tVNv2Xxe,,c5712f31-b51f-4314-8b89-d3fb2af2e0e0,48dc9a13-5f13-4cb9-88e2-f6004bdaee4c,Scholarly Scholarships Guide,10/9/2023 8:47,txcd_20030000
ch_3OXlfgAKv6LsYLX21IfsJ826,1/12/2024 14:25,19.2,0,usd,TRUE,19.2,0,usd,,1.14,Paid,Payment complete.,pm_1OXlffAKv6LsYLX29pe8IdRb,cus_PMUc8UntmoQn6Z,in_1OXlfjAKv6LsYLX288jZiVHh,,d7c2e880-2bff-4c5a-897b-9a08f8cddd06,4033cc0f-bce4-4338-b8d6-9a983207c2a1,GPA Boosting Academy,10/9/2021 5:30,txcd_20030000
ch_3OXlb2AKv6LsYLX23pcx1hUc,1/12/2024 14:20,12,0,usd,TRUE,12,0,usd,Subscription creation,0.65,Paid,Payment complete.,pm_1OXlb0AKv6LsYLX2uBLmj9Tw,cus_PMUVDFnRcQJxBj,in_1OXlb1AKv6LsYLX2mW5QST0w,,,,,,
ch_3OXl5sAKv6LsYLX238ouO6c5,1/12/2024 13:48,12,0,usd,TRUE,12,0,usd,Subscription creation,0.83,Paid,Payment complete.,pm_1OXl5rAKv6LsYLX2yIKk61YY,cus_PMU3kEFzrX3sND,in_1OXl5rAKv6LsYLX2p6cn7gMd,,,,,,
ch_3OXk2vAKv6LsYLX23mrfqM0u,1/12/2024 12:41,127.66,0,gbp,TRUE,157.62,0,usd,,7.24,Paid,Payment complete.,pm_1OXk2vAKv6LsYLX27GDB0oRq,cus_PMSs7ru9yXik38,in_1OXk2zAKv6LsYLX2cuFWV473,,25fdcdc9-4f82-4374-a62c-7d323f543a03,201283c3-5723-4e02-9d18-d9ff952d0d07,Elite College Prep Package,10/9/2022 8:25,txcd_20030000
ch_3OXjubAKv6LsYLX20zHlcRdk,1/12/2024 12:32,32.81,0,eur,TRUE,34.86,0,usd,,1.83,Paid,Payment complete.,pm_1OXjuaAKv6LsYLX2CNohN1m3,cus_PMSnlAR0vhup7s,in_1OXjufAKv6LsYLX2eusDIziS,,a0ff2472-fe58-453b-bc70-af15c0192959,fec5f1d1-2101-406f-b730-bc7f739ac62a,SAT & ACT Mastery Program,1/26/2024 2:09,txcd_20030000
ch_3OXjMiAKv6LsYLX21ihyyeUv,1/12/2024 11:57,79.2,0,usd,TRUE,79.2,0,usd,,3.78,Paid,Payment complete.,pm_1OTpaLAKv6LsYLX28TnES2o4,cus_PINeqet30Bctrl,in_1OXjMlAKv6LsYLX2dfjGLRDZ,,4b101604-f66f-48a3-bb37-e6cff6a35276,17f137bd-4c6a-4590-9c92-529872986e49,High School to Ivy League Program,3/29/2020 3:57,txcd_20030000
ch_3OXifXAKv6LsYLX23aI8M3ZK,1/12/2024 11:13,12,0,usd,TRUE,12,0,usd,Subscription creation,0.83,Paid,Payment complete.,pm_1OFavFAKv6LsYLX2N6LhQwdd,cus_P3iKebI7S5cmrt,in_1OXifWAKv6LsYLX2Svq9BcGY,,,,,,
ch_3OXhbAAKv6LsYLX22aSdVCdG,1/12/2024 10:04,79.2,0,usd,TRUE,79.2,0,usd,,3.78,Paid,Payment complete.,pm_1OXhbAAKv6LsYLX2tMFlYQ0B,cus_PMCMyBP5Stkpl0,in_1OXhbFAKv6LsYLX2fZ3g8YlI,,4b101604-f66f-48a3-bb37-e6cff6a35276,17f137bd-4c6a-4590-9c92-529872986e49,High School to Ivy League Program,3/29/2020 3:57,txcd_20030000
ch_3OXgRWAKv6LsYLX21HggW8sg,1/12/2024 8:50,79.2,0,usd,TRUE,79.2,0,usd,,3.78,Paid,Payment complete.,pm_1OXgRVAKv6LsYLX2MOrSvgdJ,cus_PMPE8GnB42x7z1,in_1OXgRaAKv6LsYLX2t2U0gJcz,,4b101604-f66f-48a3-bb37-e6cff6a35276,17f137bd-4c6a-4590-9c92-529872986e49,High School to Ivy League Program,3/29/2020 3:57,txcd_20030000
ch_3OXfHDAKv6LsYLX22WCNVH4o,1/12/2024 7:35,73.58,0,eur,TRUE,78.41,0,usd,,3.75,Paid,Payment complete.,pm_1OXfHCAKv6LsYLX2i3wAEZSt,cus_PMNthrqbtpkJ9g,in_1OXfHVAKv6LsYLX2179kQCGD,,4b101604-f66f-48a3-bb37-e6cff6a35276,17f137bd-4c6a-4590-9c92-529872986e49,High School to Ivy League Program,3/29/2020 3:57,txcd_20030000
ch_3OXdr1AKv6LsYLX201gPM7Q0,1/12/2024 6:05,32.7,0,eur,TRUE,34.84,0,usd,,1.83,Paid,Payment complete.,pm_1OXdrtAKv6LsYLX23IrOVrUm,cus_PMMXfSFbFN0gd6,in_1OXds0AKv6LsYLX2gimIARcj,,a0ff2472-fe58-453b-bc70-af15c0192959,fec5f1d1-2101-406f-b730-bc7f739ac62a,SAT & ACT Mastery Program,1/26/2024 2:09,txcd_20030000
ch_3OXdN8AKv6LsYLX20avuOfBl,1/12/2024 5:33,119.2,0,usd,TRUE,119.2,0,usd,,3.76,Paid,Payment complete.,pm_1OXcWFAKv6LsYLX2KQXV9wGs,cus_PMLAHsa1pSLnGu,in_1OXdNKAKv6LsYLX2tWgDH7it,,2017cf56-7ca0-48a0-8892-05ad50e746ba,f8c6a47c-29ca-4be7-ae51-63c374920e4e,Personalized College Roadmap,12/6/2023 16:16,txcd_20030000
ch_3OXcqwAKv6LsYLX21wbFU0JI,1/12/2024 5:00,279.2,0,usd,TRUE,279.2,0,usd,,8.4,Paid,Payment complete.,pm_1OXcqwAKv6LsYLX2CYQekMB5,cus_PMLXPud7OU1ben,in_1OXcr0AKv6LsYLX2PwxTaKsN,,f0f7a411-d78f-4c3a-abf2-4cce65097af4,40375dc9-7834-49eb-9103-745a5ef656cd,College Prep Masterclass,3/29/2020 3:57,txcd_20030000
ch_3OXcWMAKv6LsYLX21L9Wgtwf,1/12/2024 4:39,12,0,usd,TRUE,12,0,usd,Subscription creation,0.65,Paid,Payment complete.,pm_1OXcWFAKv6LsYLX2KQXV9wGs,cus_PMLAHsa1pSLnGu,in_1OXcWMAKv6LsYLX2XnETFc85,,,,,,
ch_3OXcRNAKv6LsYLX20d4YuEFa,1/12/2024 4:34,79.2,0,usd,TRUE,79.2,0,usd,,2.6,Paid,Payment complete.,pm_1OXcRMAKv6LsYLX292roHEaw,cus_PML1Yl52shMXUv,in_1OXcRUAKv6LsYLX2IbDRqYZI,,4b101604-f66f-48a3-bb37-e6cff6a35276,17f137bd-4c6a-4590-9c92-529872986e49,High School to Ivy League Program,3/29/2020 3:57,txcd_20030000
ch_3OXcH3AKv6LsYLX23kSH43s7,1/12/2024 4:23,27.2,0,usd,TRUE,27.2,0,usd,,1.09,Paid,Payment complete.,pm_1OXcH3AKv6LsYLX2LvAjgSuQ,cus_PMKvkXNhtuRr2B,in_1OXcH6AKv6LsYLX2RaxvX4cV,,c5712f31-b51f-4314-8b89-d3fb2af2e0e0,48dc9a13-5f13-4cb9-88e2-f6004bdaee4c,Scholarly Scholarships Guide,10/9/2023 8:47,txcd_20030000
ch_3OWirGAKv6LsYLX22Vw4IHZ1,1/9/2024 17:12,35.2,0,usd,TRUE,35.2,0,usd,,1.85,Paid,Payment complete.,pm_1OWirGAKv6LsYLX2P4LKFn8g,cus_PLOfCcNlGp5KeA,in_1OWirKAKv6LsYLX2vNJHCslk,po_1OWqzMAKv6LsYLX2SpMKAsaB,dae443ce-10d3-46ac-b093-e1ae0eb26654,4b8c704c-863d-4e25-9bcf-ce9a1b75a391,Admission Success Blueprint,12/27/2023 16:46,txcd_20030000
ch_3OWhyZAKv6LsYLX200k6m8V8,1/9/2024 16:16,279.2,0,usd,TRUE,279.2,0,usd,,8.4,Paid,Payment complete.,pm_1OWhyYAKv6LsYLX2JOg0MC2v,cus_PLOh9dEicZ8det,in_1OWhydAKv6LsYLX2N29Eg2Oa,po_1OWqzMAKv6LsYLX2SpMKAsaB,f0f7a411-d78f-4c3a-abf2-4cce65097af4,40375dc9-7834-49eb-9103-745a5ef656cd,College Prep Masterclass,3/29/2020 3:57,txcd_20030000
ch_3OWhgpAKv6LsYLX20OgmOC1t,1/9/2024 15:58,142.64,0,pln,TRUE,34.85,0,usd,,1.83,Paid,Payment complete.,pm_1OWhgoAKv6LsYLX2SLlGh5EW,cus_PFgLLTN0s8hewK,in_1OWhgtAKv6LsYLX2iXWszZcB,po_1OWqzMAKv6LsYLX2SpMKAsaB,d8b64e76-c7a9-4c9d-b904-49d81557c23a,8c46a7cc-09e5-40d8-9584-33c0184298c6,College Essay Coaching,10/9/2023 8:57,txcd_20030000
ch_3OWg1GAKv6LsYLX23JN1xL7n,1/9/2024 14:11,14,0,usd,TRUE,10,0,usd,Subscription update,0.74,Paid,Payment complete.,pm_1OLQI4AKv6LsYLX2XjCDHJMW,cus_OoNCOk3y84qGYp,in_1OWf4OAKv6LsYLX2pz1OO0V6,po_1OWqzMAKv6LsYLX2SpMKAsaB,,,,,
ch_3OWenIAKv6LsYLX22kkXP4BX,1/9/2024 12:52,19.2,0,usd,TRUE,19.2,0,usd,,0.86,Paid,Payment complete.,pm_1OWenHAKv6LsYLX2yMFxjqke,cus_PJS7bBrdGdwdWT,in_1OWenNAKv6LsYLX204em7566,po_1OWqzMAKv6LsYLX2SpMKAsaB,d7c2e880-2bff-4c5a-897b-9a08f8cddd06,4033cc0f-bce4-4338-b8d6-9a983207c2a1,GPA Boosting Academy,10/9/2021 5:30,txcd_20030000
ch_3OWbRBAKv6LsYLX222Un66z8,1/9/2024 9:17,283.89,0,sek,TRUE,26.93,0,usd,,1.48,Paid,Payment complete.,pm_1OWbRBAKv6LsYLX2e6pZREs5,cus_OrkSqnepcm3MZY,in_1OWbRGAKv6LsYLX2uIaUqpW1,po_1OWqzMAKv6LsYLX2SpMKAsaB,c5712f31-b51f-4314-8b89-d3fb2af2e0e0,48dc9a13-5f13-4cb9-88e2-f6004bdaee4c,Scholarly Scholarships Guide,10/9/2023 8:47,txcd_20030000
ch_3OWb5uAKv6LsYLX2182w6snn,1/9/2024 8:55,12,0,usd,TRUE,12,0,usd,Subscription creation,0.83,Paid,Payment complete.,pm_1OWb5sAKv6LsYLX2obJ4D40c,cus_PLHWFdEiG5XNGy,in_1OWb5tAKv6LsYLX2RuK9ATIl,po_1OWqzMAKv6LsYLX2SpMKAsaB,,,,,
ch_3OWb5UAKv6LsYLX22OVL90j8,1/9/2024 8:55,27.2,0,usd,TRUE,27.2,0,usd,,1.5,Paid,Payment complete.,pm_1OWb5UAKv6LsYLX2CtKVrWol,cus_PLHWFdEiG5XNGy,in_1OWb5YAKv6LsYLX2qJBjKqwt,po_1OWqzMAKv6LsYLX2SpMKAsaB,c5712f31-b51f-4314-8b89-d3fb2af2e0e0,48dc9a13-5f13-4cb9-88e2-f6004bdaee4c,Scholarly Scholarships Guide,10/9/2023 8:47,txcd_20030000
ch_3OWZ3tAKv6LsYLX22Qb9Tfnm,1/9/2024 6:45,2983.26,0,inr,TRUE,34.85,0,usd,,1.83,Paid,Payment complete.,pm_1OWZ3sAKv6LsYLX2GkGVhGOT,cus_PLFYvNgcN5Ox44,in_1OWZ3xAKv6LsYLX2eVzUP20m,po_1OWqzMAKv6LsYLX2SpMKAsaB,dae443ce-10d3-46ac-b093-e1ae0eb26654,4b8c704c-863d-4e25-9bcf-ce9a1b75a391,Admission Success Blueprint,12/27/2023 16:46,txcd_20030000
ch_3OWZ1LAKv6LsYLX216ZBIOfu,1/9/2024 6:42,19.2,0,usd,TRUE,19.2,0,usd,,0.86,Paid,Payment complete.,pm_1OWZ1LAKv6LsYLX2Eaw3jT3w,cus_PF1pHBx3AwX9mI,in_1OWZ1TAKv6LsYLX2GLQa1bqG,po_1OWqzMAKv6LsYLX2SpMKAsaB,d7c2e880-2bff-4c5a-897b-9a08f8cddd06,4033cc0f-bce4-4338-b8d6-9a983207c2a1,GPA Boosting Academy,10/9/2021 5:30,txcd_20030000
ch_3OWYzFAKv6LsYLX22CGUGfSJ,1/9/2024 6:40,35.2,0,usd,TRUE,35.2,0,usd,,1.32,Paid,Payment complete.,pm_1OWYzFAKv6LsYLX22DCvkg5I,cus_PF1pHBx3AwX9mI,in_1OWYzMAKv6LsYLX2Pbb1upRC,po_1OWqzMAKv6LsYLX2SpMKAsaB,dae443ce-10d3-46ac-b093-e1ae0eb26654,4b8c704c-863d-4e25-9bcf-ce9a1b75a391,Admission Success Blueprint,12/27/2023 16:46,txcd_20030000
ch_3OWJDfAKv6LsYLX21mhIotUj,1/9/2024 5:33,279.2,0,usd,TRUE,279.2,0,usd,,12.58,Paid,Payment complete.,pm_1OWXwoAKv6LsYLX2FLfWvH3N,cus_PHcUo6gBgn8how,in_1OWXwrAKv6LsYLX2rSqkQWcj,po_1OWqzMAKv6LsYLX2SpMKAsaB,f0f7a411-d78f-4c3a-abf2-4cce65097af4,40375dc9-7834-49eb-9103-745a5ef656cd,College Prep Masterclass,3/29/2020 3:57,txcd_20030000
ch_3OWXqzAKv6LsYLX23WXxiV4y,1/9/2024 5:27,279.2,0,usd,TRUE,279.2,0,usd,,8.4,Paid,Payment complete.,pm_1OWXqzAKv6LsYLX2XZHO8vkJ,cus_Oxp1AF3gBe1MQk,in_1OWXr3AKv6LsYLX2YxsRwlzA,po_1OWqzMAKv6LsYLX2SpMKAsaB,f0f7a411-d78f-4c3a-abf2-4cce65097af4,40375dc9-7834-49eb-9103-745a5ef656cd,College Prep Masterclass,3/29/2020 3:57,txcd_20030000
ch_3OWWn9AKv6LsYLX23fo2u0Jg,1/9/2024 4:20,35.2,0,usd,TRUE,35.2,0,usd,,1.32,Paid,Payment complete.,pm_1O4b5qAKv6LsYLX2sUq2UphW,cus_OsLmwy4tzdpxtk,in_1OWWnRAKv6LsYLX2QuqVBLAH,po_1OWqzMAKv6LsYLX2SpMKAsaB,a0ff2472-fe58-453b-bc70-af15c0192959,fec5f1d1-2101-406f-b730-bc7f739ac62a,SAT & ACT Mastery Program,1/26/2024 2:09,txcd_20030000
ch_3OWV9aAKv6LsYLX200nPDOKb,1/9/2024 2:35,35.2,0,usd,TRUE,35.2,0,usd,,1.32,Paid,Payment complete.,pm_1OWV9aAKv6LsYLX2P4lgLXQN,cus_PLBUzlQUPtOujX,in_1OWV9fAKv6LsYLX2eGBL2Bf9,po_1OWqzMAKv6LsYLX2SpMKAsaB,dae443ce-10d3-46ac-b093-e1ae0eb26654,4b8c704c-863d-4e25-9bcf-ce9a1b75a391,Admission Success Blueprint,12/27/2023 16:46,txcd_20030000
ch_3OWV17AKv6LsYLX22a5rmTMN,1/9/2024 2:26,19.2,0,usd,TRUE,19.2,0,usd,,0.86,Paid,Payment complete.,pm_1OWV17AKv6LsYLX2FDczTmza,cus_PLBN5Lld1LGF5W,in_1OWV1BAKv6LsYLX2nuAdwsLP,po_1OWqzMAKv6LsYLX2SpMKAsaB,d7c2e880-2bff-4c5a-897b-9a08f8cddd06,4033cc0f-bce4-4338-b8d6-9a983207c2a1,GPA Boosting Academy,10/9/2021 5:30,txcd_20030000
ch_3OWUQUAKv6LsYLX238tVdfvY,1/9/2024 1:48,35.2,0,usd,TRUE,35.2,0,usd,,1.32,Paid,Payment complete.,pm_1OWUQTAKv6LsYLX2pqfuMWce,cus_PLAjzHXzLBco5N,in_1OWUQaAKv6LsYLX27Pj1ouQ9,po_1OWqzMAKv6LsYLX2SpMKAsaB,a0ff2472-fe58-453b-bc70-af15c0192959,fec5f1d1-2101-406f-b730-bc7f739ac62a,SAT & ACT Mastery Program,1/26/2024 2:09,txcd_20030000
ch_3OWUBuAKv6LsYLX2218PLsFf,1/9/2024 1:33,12,0,usd,TRUE,12,0,usd,Subscription creation,0.65,Paid,Payment complete.,pm_1OWUBsAKv6LsYLX26onrcP5y,cus_PLAIZT38VRMIwk,in_1OWUBuAKv6LsYLX2eSeueOQR,po_1OWqzMAKv6LsYLX2SpMKAsaB,,,,,
ch_3OWTkBAKv6LsYLX20nBJMyqy,1/9/2024 1:04,119.2,0,usd,TRUE,119.2,0,usd,,3.76,Paid,Payment complete.,pm_1OWTkBAKv6LsYLX2ZziCiRdf,cus_PLA26AIz3Cr2fN,in_1OWTkFAKv6LsYLX2ylNErMA4,po_1OWqzMAKv6LsYLX2SpMKAsaB,2017cf56-7ca0-48a0-8892-05ad50e746ba,f8c6a47c-29ca-4be7-ae51-63c374920e4e,Personalized College Roadmap,12/6/2023 16:16,txcd_20030000
ch_3OWSdGAKv6LsYLX20bM85LPU,1/8/2024 23:53,35.36,0,gbp,TRUE,43.57,0,usd,,2.22,Paid,Payment complete.,pm_1OWSdFAKv6LsYLX2hBqCXJea,cus_PL8r9f5JKnDals,in_1OWSdJAKv6LsYLX2HrWL1mnS,po_1OWUN5AKv6LsYLX2lV3euMU7,a0ff2472-fe58-453b-bc70-af15c0192959,fec5f1d1-2101-406f-b730-bc7f739ac62a,SAT & ACT Mastery Program,1/26/2024 2:09,txcd_20030000
ch_3OWSZTAKv6LsYLX22Q1KPkCe,1/8/2024 23:49,260.45,0,eur,TRUE,276.41,0,usd,,12.46,Paid,Payment complete.,pm_1OWSZTAKv6LsYLX21vVaA6cP,cus_PIosJWzMueJkZ2,in_1OWSZXAKv6LsYLX28D5rsAy8,po_1OWUN5AKv6LsYLX2lV3euMU7,f0f7a411-d78f-4c3a-abf2-4cce65097af4,40375dc9-7834-49eb-9103-745a5ef656cd,College Prep Masterclass,3/29/2020 3:57,txcd_20030000
ch_3OWSCJAKv6LsYLX20ZBpakeY,1/8/2024 23:25,35.36,0,gbp,TRUE,43.57,0,usd,,2.22,Paid,Payment complete.,pm_1OWSCIAKv6LsYLX2xGsMrVRC,cus_PL8RILQhj3elZ0,in_1OWSCNAKv6LsYLX2vEseA1cM,po_1OWUN5AKv6LsYLX2lV3euMU7,dae443ce-10d3-46ac-b093-e1ae0eb26654,4b8c704c-863d-4e25-9bcf-ce9a1b75a391,Admission Success Blueprint,12/27/2023 16:46,txcd_20030000
ch_3OWR9mAKv6LsYLX23sTMTadW,1/8/2024 22:19,48,0,usd,TRUE,44,0,usd,,1.58,Paid,Payment complete.,pm_1OWRA8AKv6LsYLX2SwNYyYDo,cus_PL7N5Ef11kYX8M,in_1OWRABAKv6LsYLX2unA79N2l,po_1OWUN5AKv6LsYLX2lV3euMU7,dae443ce-10d3-46ac-b093-e1ae0eb26654,4b8c704c-863d-4e25-9bcf-ce9a1b75a391,Admission Success Blueprint,12/27/2023 16:46,txcd_20030000
ch_3OWQzsAKv6LsYLX21NdMo5jf,1/8/2024 22:08,279.2,0,usd,TRUE,159.2,0,usd,,4.92,Paid,Payment complete.,pm_1OWQzsAKv6LsYLX2Bs75p8P1,cus_PL7DjSghYFv0ft,in_1OWQzwAKv6LsYLX2oO7rKnXr,po_1OWUN5AKv6LsYLX2lV3euMU7,25fdcdc9-4f82-4374-a62c-7d323f543a03,201283c3-5723-4e02-9d18-d9ff952d0d07,Elite College Prep Package,10/9/2022 8:25,txcd_20030000
ch_3OWP1kAKv6LsYLX23divWCXD,1/8/2024 20:02,48,0,usd,TRUE,44,0,usd,,1.58,Paid,Payment complete.,pm_1OWP1jAKv6LsYLX2pAtYIjkw,cus_PE59q84sDA4XXC,in_1OWP1pAKv6LsYLX2YYqRpz2p,po_1OWUN5AKv6LsYLX2lV3euMU7,a0ff2472-fe58-453b-bc70-af15c0192959,fec5f1d1-2101-406f-b730-bc7f739ac62a,SAT & ACT Mastery Program,1/26/2024 2:09,txcd_20030000
ch_3OWOMXAKv6LsYLX23C1QDbN4,1/8/2024 19:19,35.2,0,usd,TRUE,35.2,0,usd,,1.32,Paid,Payment complete.,pm_1OWOMWAKv6LsYLX2c2lcbpjH,cus_PL4SYaDyldNXhz,in_1OWOMbAKv6LsYLX2jMkfSCPQ,po_1OWUN5AKv6LsYLX2lV3euMU7,dae443ce-10d3-46ac-b093-e1ae0eb26654,4b8c704c-863d-4e25-9bcf-ce9a1b75a391,Admission Success Blueprint,12/27/2023 16:46,txcd_20030000
ch_3OWO9fAKv6LsYLX239QwTfEU,1/8/2024 19:06,35.2,0,usd,TRUE,35.2,0,usd,,1.85,Paid,Payment complete.,pm_1OWO9eAKv6LsYLX2MRmyYJds,cus_PJvtNYbk7Z0TEu,in_1OWO9oAKv6LsYLX28mRXf4Yv,po_1OWUN5AKv6LsYLX2lV3euMU7,dae443ce-10d3-46ac-b093-e1ae0eb26654,4b8c704c-863d-4e25-9bcf-ce9a1b75a391,Admission Success Blueprint,12/27/2023 16:46,txcd_20030000
ch_3OWMYmAKv6LsYLX21iH50Bot,1/8/2024 17:24,119.2,0,usd,TRUE,119.2,0,usd,,3.76,Paid,Payment complete.,pm_1OWMYlAKv6LsYLX2aG803Qt1,cus_PL2cjOBF6rfkAs,in_1OWMYqAKv6LsYLX2BZLRJtCB,po_1OWUN5AKv6LsYLX2lV3euMU7,2017cf56-7ca0-48a0-8892-05ad50e746ba,f8c6a47c-29ca-4be7-ae51-63c374920e4e,Personalized College Roadmap,12/6/2023 16:16,txcd_20030000
ch_3OWMPSAKv6LsYLX23OWuwjaf,1/8/2024 17:14,35.2,0,usd,TRUE,35.2,0,usd,,1.32,Paid,Payment complete.,pm_1OWMPSAKv6LsYLX2yNqLDlDr,cus_PL2TRZ1qnj2FI2,in_1OWMPVAKv6LsYLX20jluO5xR,po_1OWUN5AKv6LsYLX2lV3euMU7,a0ff2472-fe58-453b-bc70-af15c0192959,fec5f1d1-2101-406f-b730-bc7f739ac62a,SAT & ACT Mastery Program,1/26/2024 2:09,txcd_20030000
ch_3OWMH7AKv6LsYLX20XKIlcZn,1/8/2024 17:06,35.2,0,usd,TRUE,35.2,0,usd,,1.32,Paid,Payment complete.,pm_1OWMH6AKv6LsYLX21DDSb67M,cus_PJWhi84mKlMcQ1,in_1OWMHBAKv6LsYLX2EPheW41y,po_1OWUN5AKv6LsYLX2lV3euMU7,dae443ce-10d3-46ac-b093-e1ae0eb26654,4b8c704c-863d-4e25-9bcf-ce9a1b75a391,Admission Success Blueprint,12/27/2023 16:46,txcd_20030000
ch_3OWM6FAKv6LsYLX22Ry1NTpI,1/8/2024 16:54,369,0,usd,TRUE,349,0,usd,,10.42,Paid,Payment complete.,pm_1OWM6EAKv6LsYLX2XuC51TZK,cus_PL297iqfvTsix2,in_1OWM6IAKv6LsYLX26OVBhgcL,po_1OWUN5AKv6LsYLX2lV3euMU7,f0f7a411-d78f-4c3a-abf2-4cce65097af4,40375dc9-7834-49eb-9103-745a5ef656cd,College Prep Masterclass,3/29/2020 3:57,txcd_20030000
ch_3OWKpEAKv6LsYLX23sWymGBf,1/8/2024 15:33,14,0,usd,TRUE,10,0,usd,Subscription update,0.74,Paid,Payment complete.,pm_1OL55qAKv6LsYLX2lOrZ6E3I,cus_P9Nq08eiTsYKdh,in_1OWJsTAKv6LsYLX2faLFCi4e,po_1OWUN5AKv6LsYLX2lV3euMU7,,,,,
ch_3OWKS5AKv6LsYLX22E97GKYz,1/8/2024 15:09,279.2,0,usd,TRUE,279.2,0,usd,,8.4,Paid,Payment complete.,pm_1OWKS4AKv6LsYLX2OxyK3Cqb,cus_PJVaUZXuvrWhl6,in_1OWKS8AKv6LsYLX27RDZtjcV,po_1OWUN5AKv6LsYLX2lV3euMU7,f0f7a411-d78f-4c3a-abf2-4cce65097af4,40375dc9-7834-49eb-9103-745a5ef656cd,College Prep Masterclass,3/29/2020 3:57,txcd_20030000
ch_3OWKItAKv6LsYLX20JoS9rhG,1/8/2024 14:59,119.2,0,usd,TRUE,119.2,0,usd,,3.76,Paid,Payment complete.,pm_1OWKIsAKv6LsYLX2yVpdTIjE,cus_PL0He3NuHnestj,in_1OWKIxAKv6LsYLX2C7ydmTyf,po_1OWUN5AKv6LsYLX2lV3euMU7,2017cf56-7ca0-48a0-8892-05ad50e746ba,f8c6a47c-29ca-4be7-ae51-63c374920e4e,Personalized College Roadmap,12/6/2023 16:16,txcd_20030000
ch_3OWJviAKv6LsYLX23hxcoovq,1/8/2024 14:36,27.43,0,gbp,TRUE,19.01,0,usd,,1.14,Paid,Payment complete.,pm_1OWJviAKv6LsYLX2qulrBdwj,cus_PKzt27EBrERqAb,in_1OWJvrAKv6LsYLX2DjGzcDH4,po_1OWUN5AKv6LsYLX2lV3euMU7,d7c2e880-2bff-4c5a-897b-9a08f8cddd06,4033cc0f-bce4-4338-b8d6-9a983207c2a1,GPA Boosting Academy,10/9/2021 5:30,txcd_20030000
ch_3OWJL7AKv6LsYLX20uTyKFq5,1/8/2024 13:58,149,0,usd,TRUE,149,0,usd,,6.86,Paid,Payment complete.,pm_1OWJL6AKv6LsYLX2CcL0477H,cus_PKyz8HvK3hZv8m,in_1OWJLAAKv6LsYLX2S27yrn3l,po_1OWUN5AKv6LsYLX2lV3euMU7,2017cf56-7ca0-48a0-8892-05ad50e746ba,f8c6a47c-29ca-4be7-ae51-63c374920e4e,Personalized College Roadmap,12/6/2023 16:16,txcd_20030000
ch_3OWIxpAKv6LsYLX21X42QXec,1/8/2024 13:34,279.2,0,usd,TRUE,279.2,0,usd,,8.4,Paid,Payment complete.,pm_1OWIxoAKv6LsYLX2CDNnag4F,cus_PKkxCnSHjeqFkM,in_1OWIy0AKv6LsYLX2psfZVD9n,po_1OWUN5AKv6LsYLX2lV3euMU7,f0f7a411-d78f-4c3a-abf2-4cce65097af4,40375dc9-7834-49eb-9103-745a5ef656cd,College Prep Masterclass,3/29/2020 3:57,txcd_20030000
ch_3OWFanAKv6LsYLX21ZfhOOQZ,1/8/2024 9:58,35.2,0,usd,TRUE,35.2,0,usd,,1.85,Paid,Payment complete.,pm_1OFavFAKv6LsYLX2N6LhQwdd,cus_P3iKebI7S5cmrt,in_1OWFarAKv6LsYLX229xgUmSO,po_1OWUN5AKv6LsYLX2lV3euMU7,7a56d0f1-a2e5-4e2e-b26c-948a9ad21cb2,c985f100-5645-48e3-8e3d-ceffbcc37a3d,College Application Bootcamp,12/27/2023 16:46,txcd_20030000
ch_3OW9xFAKv6LsYLX20DM2npaa,1/8/2024 3:56,66.86,0,aud,TRUE,43.56,0,usd,,2.22,Paid,Payment complete.,pm_1OW9xEAKv6LsYLX2AJqrM2l1,cus_PKpahbAN3nzkmF,in_1OW9xIAKv6LsYLX2fHzquqHd,po_1OWUN5AKv6LsYLX2lV3euMU7,a0ff2472-fe58-453b-bc70-af15c0192959,fec5f1d1-2101-406f-b730-bc7f739ac62a,SAT & ACT Mastery Program,1/26/2024 2:09,txcd_20030000
ch_3OW9lhAKv6LsYLX23ua8a39T,1/8/2024 3:44,35.2,0,usd,TRUE,35.2,0,usd,,1.85,Paid,Payment complete.,pm_1OW9lhAKv6LsYLX24VLYZXoE,cus_PJfNzdm60IoDd6,in_1OW9llAKv6LsYLX2EmAT5U57,po_1OWUN5AKv6LsYLX2lV3euMU7,dae443ce-10d3-46ac-b093-e1ae0eb26654,4b8c704c-863d-4e25-9bcf-ce9a1b75a391,Admission Success Blueprint,12/27/2023 16:46,txcd_20030000
ch_3OW9KkAKv6LsYLX22770R4xr,1/8/2024 3:17,29.18,0,aud,TRUE,19.01,0,usd,,1.14,Paid,Payment complete.,pm_1OW9KkAKv6LsYLX20ANCvZHR,cus_PHwVYS5NprDoW2,in_1OW9KoAKv6LsYLX2SLuI9tjL,po_1OWUN5AKv6LsYLX2lV3euMU7,d7c2e880-2bff-4c5a-897b-9a08f8cddd06,4033cc0f-bce4-4338-b8d6-9a983207c2a1,GPA Boosting Academy,10/9/2021 5:30,txcd_20030000
ch_3OW9CtAKv6LsYLX23Uyk1vqt,1/8/2024 3:08,53.49,0,aud,TRUE,34.85,0,usd,,1.83,Paid,Payment complete.,pm_1OW9CtAKv6LsYLX2lXKqNbz7,cus_PHwVYS5NprDoW2,in_1OW9CyAKv6LsYLX260409tsh,po_1OWUN5AKv6LsYLX2lV3euMU7,dae443ce-10d3-46ac-b093-e1ae0eb26654,4b8c704c-863d-4e25-9bcf-ce9a1b75a391,Admission Success Blueprint,12/27/2023 16:46,txcd_20030000
ch_3OW8fhAKv6LsYLX23tmJZgJN,1/8/2024 2:34,27,0,usd,TRUE,15,0,usd,Subscription creation,0.96,Paid,Payment complete.,pm_1OW8ffAKv6LsYLX2JjXFOSoq,cus_PKntLVUfucLv5Y,in_1OW8fhAKv6LsYLX2NSbPraiU,po_1OWUN5AKv6LsYLX2lV3euMU7,,,,,
ch_3OW8R7AKv6LsYLX22MQwVJeR,1/8/2024 2:19,35.2,0,usd,TRUE,35.2,0,usd,,1.32,Paid,Payment complete.,pm_1OW8R6AKv6LsYLX2q4NjM8Nz,cus_PKny4oVIiWNlK7,in_1OW8RBAKv6LsYLX23Ys4XEVn,po_1OWUN5AKv6LsYLX2lV3euMU7,dae443ce-10d3-46ac-b093-e1ae0eb26654,4b8c704c-863d-4e25-9bcf-ce9a1b75a391,Admission Success Blueprint,12/27/2023 16:46,txcd_20030000
ch_3OW6TLAKv6LsYLX20LRSlySY,1/8/2024 0:13,27,0,usd,TRUE,15,0,usd,Subscription creation,0.74,Paid,Payment complete.,pm_1OW6TKAKv6LsYLX2EgUkfKOr,cus_PKm072xQjSmcQa,in_1OW6TLAKv6LsYLX246xucUwQ,po_1OWUN5AKv6LsYLX2lV3euMU7,,,,,
ch_3OW6MrAKv6LsYLX23ZXy9wgN,1/8/2024 0:07,35.2,0,usd,TRUE,35.2,0,usd,,1.32,Paid,Payment complete.,pm_1OW6MrAKv6LsYLX2d5IxrIAc,cus_PKlqnESYJ8b0ay,in_1OW6MvAKv6LsYLX2t61tyReA,po_1OWUN5AKv6LsYLX2lV3euMU7,a0ff2472-fe58-453b-bc70-af15c0192959,fec5f1d1-2101-406f-b730-bc7f739ac62a,SAT & ACT Mastery Program,1/26/2024 2:09,txcd_20030000
ch_3OW5vYAKv6LsYLX20UUwMnF3,1/7/2024 23:38,32.83,0,eur,TRUE,34.85,0,usd,,1.83,Paid,Payment complete.,pm_1OW5vXAKv6LsYLX2ETlNlE65,cus_PKlQS73NMXCyh8,in_1OW5vcAKv6LsYLX2suHALgTj,po_1OWUN5AKv6LsYLX2lV3euMU7,d8b64e76-c7a9-4c9d-b904-49d81557c23a,8c46a7cc-09e5-40d8-9584-33c0184298c6,College Essay Coaching,10/9/2023 8:57,txcd_20030000
ch_3OW5k8AKv6LsYLX217pc2pZs,1/7/2024 23:27,14,0,usd,TRUE,10,0,usd,Subscription update,0.59,Paid,Payment complete.,pm_1O9xikAKv6LsYLX22NEmw7mw,cus_OxtVviPpEtvvIC,in_1OW4nUAKv6LsYLX2wYkEWKs5,po_1OWUN5AKv6LsYLX2lV3euMU7,,,,,
ch_3OW53UAKv6LsYLX22KkpvUyT,1/7/2024 22:42,14,0,usd,TRUE,10,0,usd,Subscription update,0.59,Paid,Payment complete.,pm_1OKpKSAKv6LsYLX2lhhYqoSF,cus_P97XEhEAs2eei4,in_1OW46YAKv6LsYLX2y3RDL4up,po_1OWUN5AKv6LsYLX2lV3euMU7,,,,,
ch_3OW4nHAKv6LsYLX23UI5oLg4,1/7/2024 22:26,79.2,0,usd,TRUE,79.2,0,usd,,2.6,Paid,Payment complete.,pm_1OW4nHAKv6LsYLX27hBTPHPq,cus_PKkGogietMEGS8,in_1OW4nLAKv6LsYLX2AkR8bhwq,po_1OWUN5AKv6LsYLX2lV3euMU7,4b101604-f66f-48a3-bb37-e6cff6a35276,17f137bd-4c6a-4590-9c92-529872986e49,High School to Ivy League Program,3/29/2020 3:57,txcd_20030000
ch_3OW4fYAKv6LsYLX22LlpdtCq,1/7/2024 22:18,279.2,0,usd,TRUE,279.2,0,usd,,8.4,Paid,Payment complete.,pm_1OW4fXAKv6LsYLX27zLs3WEX,cus_PKk7HMCRcTNRQp,in_1OW4fcAKv6LsYLX2N2Judqro,po_1OWUN5AKv6LsYLX2lV3euMU7,f0f7a411-d78f-4c3a-abf2-4cce65097af4,40375dc9-7834-49eb-9103-745a5ef656cd,College Prep Masterclass,3/29/2020 3:57,txcd_20030000
ch_3OW3taAKv6LsYLX22DFtWjGt,1/7/2024 21:28,2985.13,0,inr,TRUE,34.85,0,usd,,1.83,Paid,Payment complete.,pm_1OW3tZAKv6LsYLX2OdbGdmoP,cus_PKihyXYtzT9hbe,in_1OW3tfAKv6LsYLX2tgPirGSY,po_1OWUN5AKv6LsYLX2lV3euMU7,dae443ce-10d3-46ac-b093-e1ae0eb26654,4b8c704c-863d-4e25-9bcf-ce9a1b75a391,Admission Success Blueprint,12/27/2023 16:46,txcd_20030000
ch_3OW3QyAKv6LsYLX22tO0vaYI,1/7/2024 20:59,249,0,usd,TRUE,249,0,usd,,7.52,Paid,Payment complete.,pm_1OW3QvAKv6LsYLX27a47jwUa,cus_PAhPpFpAxeEUEg,in_1OW3R1AKv6LsYLX2JfFttZUR,po_1OWUN5AKv6LsYLX2lV3euMU7,f0f7a411-d78f-4c3a-abf2-4cce65097af4,40375dc9-7834-49eb-9103-745a5ef656cd,College Prep Masterclass,3/29/2020 3:57,txcd_20030000
ch_3OW3O2AKv6LsYLX22YFV2Ylo,1/7/2024 20:56,279.2,0,usd,TRUE,159.2,0,usd,,4.92,Paid,Payment complete.,pm_1OW3O1AKv6LsYLX2lJMzhewE,cus_PKin63dGPipfRR,in_1OW3O6AKv6LsYLX2lpuTySdb,po_1OWUN5AKv6LsYLX2lV3euMU7,25fdcdc9-4f82-4374-a62c-7d323f543a03,201283c3-5723-4e02-9d18-d9ff952d0d07,Elite College Prep Package,10/9/2022 8:25,txcd_20030000
ch_3OW1tCAKv6LsYLX22SbOe3Ul,1/7/2024 19:20,24,0,usd,TRUE,24,0,usd,,1.36,Paid,Payment complete.,pm_1OW1tCAKv6LsYLX27gNEtWBP,cus_PKhGoohArWm8nX,in_1OW1tFAKv6LsYLX2UBepEQKV,po_1OWUN5AKv6LsYLX2lV3euMU7,d7c2e880-2bff-4c5a-897b-9a08f8cddd06,4033cc0f-bce4-4338-b8d6-9a983207c2a1,GPA Boosting Academy,10/9/2021 5:30,txcd_20030000
ch_3OW016AKv6LsYLX21lMCeZOQ,1/7/2024 17:20,119.2,0,usd,TRUE,119.2,0,usd,,3.76,Paid,Payment complete.,pm_1OW015AKv6LsYLX26a2413VP,cus_PKeQRgac6N3OhO,in_1OW01BAKv6LsYLX2vIoS7cd7,po_1OWUN5AKv6LsYLX2lV3euMU7,2017cf56-7ca0-48a0-8892-05ad50e746ba,f8c6a47c-29ca-4be7-ae51-63c374920e4e,Personalized College Roadmap,12/6/2023 16:16,txcd_20030000
ch_3OVz4KAKv6LsYLX23XHPpuKh,1/7/2024 16:19,12,0,usd,TRUE,12,0,usd,Subscription creation,0.83,Paid,Payment complete.,pm_1OVz4IAKv6LsYLX2gkJxYTDl,cus_PHndXK5beUWkP2,in_1OVz4KAKv6LsYLX2xWGRkpk8,po_1OWUN5AKv6LsYLX2lV3euMU7,,,,,
ch_3OVyClAKv6LsYLX20sBkPUex,1/7/2024 15:24,35.2,0,usd,TRUE,35.2,0,usd,,1.85,Paid,Payment complete.,pm_1OVyCkAKv6LsYLX28SDrocsc,cus_P9k2Fvs4i3i60R,in_1OVyCqAKv6LsYLX224cULJrj,po_1OWUN5AKv6LsYLX2lV3euMU7,a0ff2472-fe58-453b-bc70-af15c0192959,fec5f1d1-2101-406f-b730-bc7f739ac62a,SAT & ACT Mastery Program,1/26/2024 2:09,txcd_20030000
ch_3OVy8HAKv6LsYLX22fAeGkmC,1/7/2024 15:19,14,0,usd,TRUE,10,0,usd,Subscription update,0.59,Paid,Payment complete.,pm_1OKiP2AKv6LsYLX2FAElZrLK,cus_P90PdZj9w99OnI,in_1OVxBFAKv6LsYLX2nRDJjrIm,po_1OWUN5AKv6LsYLX2lV3euMU7,,,,,
ch_3OVxwbAKv6LsYLX22HZwaDT2,1/7/2024 15:07,28.24,0,gbp,TRUE,34.86,0,usd,,1.83,Paid,Payment complete.,pm_1OVxwaAKv6LsYLX260xY35kE,cus_PKdBDKeV52AauY,in_1OVxwfAKv6LsYLX2zU9GN5Rc,po_1OWUN5AKv6LsYLX2lV3euMU7,dae443ce-10d3-46ac-b093-e1ae0eb26654,4b8c704c-863d-4e25-9bcf-ce9a1b75a391,Admission Success Blueprint,12/27/2023 16:46,txcd_20030000
ch_3OVwwAAKv6LsYLX201iK26g1,1/7/2024 14:02,95.62,0,gbp,TRUE,118.02,0,usd,,5.49,Paid,Payment complete.,pm_1OVwwAAKv6LsYLX2DVPj9ydq,cus_PKc95kFmrB7zDM,in_1OVwwEAKv6LsYLX2AOYteUld,po_1OWUN5AKv6LsYLX2lV3euMU7,2017cf56-7ca0-48a0-8892-05ad50e746ba,f8c6a47c-29ca-4be7-ae51-63c374920e4e,Personalized College Roadmap,12/6/2023 16:16,txcd_20030000
ch_3OVvhBAKv6LsYLX23xaU5yFU,1/7/2024 12:43,119.2,0,usd,TRUE,119.2,0,usd,,5.54,Paid,Payment complete.,pm_1OVvhAAKv6LsYLX2eDWvGpnh,cus_PKaLUBReH7lGZT,in_1OVvhFAKv6LsYLX2HSajODax,po_1OWUN5AKv6LsYLX2lV3euMU7,2017cf56-7ca0-48a0-8892-05ad50e746ba,f8c6a47c-29ca-4be7-ae51-63c374920e4e,Personalized College Roadmap,12/6/2023 16:16,txcd_20030000
ch_3OVvFfAKv6LsYLX21GrBu4JD,1/7/2024 12:14,12,0,usd,TRUE,12,0,usd,Subscription creation,0.83,Paid,Payment complete.,pm_1OVvFcAKv6LsYLX2fwrdhwb0,cus_PBY6kt8Fstxvxb,in_1OVvFeAKv6LsYLX2MAFcOLbM,po_1OWUN5AKv6LsYLX2lV3euMU7,,,,,
ch_3OVuQGAKv6LsYLX22sYEq0k8,1/7/2024 11:21,35.2,0,usd,TRUE,35.2,0,usd,,1.85,Paid,Payment complete.,pm_1OVuQFAKv6LsYLX2OrlJAPLZ,cus_PKZTSZonLQ2KN2,in_1OVuQKAKv6LsYLX2VWL7NIJt,po_1OWUN5AKv6LsYLX2lV3euMU7,dae443ce-10d3-46ac-b093-e1ae0eb26654,4b8c704c-863d-4e25-9bcf-ce9a1b75a391,Admission Success Blueprint,12/27/2023 16:46,txcd_20030000
ch_3OVu3oAKv6LsYLX21NTXi81e,1/7/2024 10:58,279.2,0,usd,TRUE,279.2,0,usd,,12.58,Paid,Payment complete.,pm_1OVu3nAKv6LsYLX2RlG8CHE5,cus_PKZ22LyKN49SJR,in_1OVu3sAKv6LsYLX24CxsAl4A,po_1OWUN5AKv6LsYLX2lV3euMU7,f0f7a411-d78f-4c3a-abf2-4cce65097af4,40375dc9-7834-49eb-9103-745a5ef656cd,College Prep Masterclass,3/29/2020 3:57,txcd_20030000
ch_3OVts2AKv6LsYLX20dM4Nqpx,1/7/2024 10:46,260.36,0,eur,TRUE,276.41,0,usd,,12.46,Paid,Payment complete.,pm_1OVts2AKv6LsYLX24kNc5nha,cus_PIEW67NgEQyF4e,in_1OVtsBAKv6LsYLX2PmGk2C5A,po_1OWUN5AKv6LsYLX2lV3euMU7,f0f7a411-d78f-4c3a-abf2-4cce65097af4,40375dc9-7834-49eb-9103-745a5ef656cd,College Prep Masterclass,3/29/2020 3:57,txcd_20030000
ch_3OVtCVAKv6LsYLX211XoqfrJ,1/7/2024 10:03,19.2,0,usd,TRUE,19.2,0,usd,,1.14,Paid,Payment complete.,pm_1OVtCUAKv6LsYLX2lWdmZUiR,cus_P14r2IpWL9RafA,in_1OVtCZAKv6LsYLX2r5Vg3P1K,po_1OWUN5AKv6LsYLX2lV3euMU7,d7c2e880-2bff-4c5a-897b-9a08f8cddd06,4033cc0f-bce4-4338-b8d6-9a983207c2a1,GPA Boosting Academy,10/9/2021 5:30,txcd_20030000
ch_3OVrnrAKv6LsYLX21pdUjudU,1/7/2024 8:33,35.3,0,gbp,TRUE,43.57,0,usd,,2.22,Paid,Payment complete.,pm_1OVrnqAKv6LsYLX24IQwwzG8,cus_PKWlPPovFvRR4z,in_1OVrnuAKv6LsYLX23TJy7NOo,po_1OWUN5AKv6LsYLX2lV3euMU7,dae443ce-10d3-46ac-b093-e1ae0eb26654,4b8c704c-863d-4e25-9bcf-ce9a1b75a391,Admission Success Blueprint,12/27/2023 16:46,txcd_20030000
ch_3OVq0QAKv6LsYLX21qCEvaMg,1/7/2024 6:38,35.2,0,usd,TRUE,35.2,0,usd,,1.32,Paid,Payment complete.,pm_1OVq0QAKv6LsYLX2X3xuFx7j,cus_PKUzNKxXHz59zz,in_1OVq0UAKv6LsYLX2Pl8im4T2,po_1OWUN5AKv6LsYLX2lV3euMU7,dae443ce-10d3-46ac-b093-e1ae0eb26654,4b8c704c-863d-4e25-9bcf-ce9a1b75a391,Admission Success Blueprint,12/27/2023 16:46,txcd_20030000
ch_3OVmuZAKv6LsYLX23ivY8cyd,1/7/2024 3:20,35.2,0,usd,TRUE,35.2,0,usd,,1.32,Paid,Payment complete.,pm_1OVmuZAKv6LsYLX2xtdorY32,cus_PBTaAYaH5sTY66,in_1OVmucAKv6LsYLX2gcQ8c58J,po_1OWUN5AKv6LsYLX2lV3euMU7,a0ff2472-fe58-453b-bc70-af15c0192959,fec5f1d1-2101-406f-b730-bc7f739ac62a,SAT & ACT Mastery Program,1/26/2024 2:09,txcd_20030000
ch_3OVlhRAKv6LsYLX22zPUvI19,1/7/2024 2:02,27,0,usd,TRUE,15,0,usd,Subscription creation,0.74,Paid,Payment complete.,pm_1OVlhQAKv6LsYLX25NrM3Kzd,cus_PK3V0dTeSNwiVH,in_1OVlhRAKv6LsYLX2jV0IishR,po_1OWUN5AKv6LsYLX2lV3euMU7,,,,,
ch_3OVkn9AKv6LsYLX23R2sQqjd,1/7/2024 1:04,35.2,0,usd,TRUE,35.2,0,usd,,1.32,Paid,Payment complete.,pm_1OVkn9AKv6LsYLX2oYQ2e12Z,cus_PJEeIGGwbSQPPo,in_1OVknHAKv6LsYLX2gn7AcFEW,po_1OWUN5AKv6LsYLX2lV3euMU7,dae443ce-10d3-46ac-b093-e1ae0eb26654,4b8c704c-863d-4e25-9bcf-ce9a1b75a391,Admission Success Blueprint,12/27/2023 16:46,txcd_20030000
ch_3OVkc2AKv6LsYLX21t52g23T,1/7/2024 0:53,35.2,0,usd,TRUE,35.2,0,usd,,1.32,Paid,Payment complete.,pm_1OVkc2AKv6LsYLX23oyMESGN,cus_PKPLJ8abD6B46r,in_1OVkc6AKv6LsYLX2yIyDRJxb,po_1OWUN5AKv6LsYLX2lV3euMU7,dae443ce-10d3-46ac-b093-e1ae0eb26654,4b8c704c-863d-4e25-9bcf-ce9a1b75a391,Admission Success Blueprint,12/27/2023 16:46,txcd_20030000
ch_3OVj05AKv6LsYLX20HpRioEY,1/6/2024 23:09,29.18,0,aud,TRUE,19.01,0,usd,,1.14,Paid,Payment complete.,pm_1OVj04AKv6LsYLX2IJchBbGt,cus_PKNFuDoUOF07WL,in_1OVj08AKv6LsYLX2lqpKPt6n,po_1OWUN5AKv6LsYLX2lV3euMU7,d7c2e880-2bff-4c5a-897b-9a08f8cddd06,4033cc0f-bce4-4338-b8d6-9a983207c2a1,GPA Boosting Academy,10/9/2021 5:30,txcd_20030000
ch_3OVixoAKv6LsYLX219YZcqwO,1/6/2024 23:07,53.5,0,aud,TRUE,34.85,0,usd,,1.83,Paid,Payment complete.,pm_1OVixnAKv6LsYLX2Tgl7EnNV,cus_PKNFuDoUOF07WL,in_1OVixsAKv6LsYLX2usBKpzuU,po_1OWUN5AKv6LsYLX2lV3euMU7,dae443ce-10d3-46ac-b093-e1ae0eb26654,4b8c704c-863d-4e25-9bcf-ce9a1b75a391,Admission Success Blueprint,12/27/2023 16:46,txcd_20030000
ch_3OViDTAKv6LsYLX22HNVscu7,1/6/2024 22:19,279.2,0,usd,TRUE,279.2,0,usd,,8.4,Paid,Payment complete.,pm_1OViDSAKv6LsYLX26Jb1adgL,cus_PEHdKMz4AkmzCB,in_1OViDXAKv6LsYLX2AQC2NBe3,po_1OWUN5AKv6LsYLX2lV3euMU7,f0f7a411-d78f-4c3a-abf2-4cce65097af4,40375dc9-7834-49eb-9103-745a5ef656cd,College Prep Masterclass,3/29/2020 3:57,txcd_20030000
ch_3OVgOvAKv6LsYLX211OifZQJ,1/6/2024 20:23,26.19,0,cad,TRUE,19.01,0,usd,,1.14,Paid,Payment complete.,pm_1OSSpPAKv6LsYLX24S0WfmXf,cus_PGiDqUSkeghFZQ,in_1OVgP0AKv6LsYLX2yaapelGb,po_1OWUN5AKv6LsYLX2lV3euMU7,d7c2e880-2bff-4c5a-897b-9a08f8cddd06,4033cc0f-bce4-4338-b8d6-9a983207c2a1,GPA Boosting Academy,10/9/2021 5:30,txcd_20030000
ch_3OVgBGAKv6LsYLX23Znn2kzO,1/6/2024 20:09,12,0,usd,TRUE,12,0,usd,Subscription creation,0.65,Paid,Payment complete.,pm_1OVgBFAKv6LsYLX2VNlaUkCk,cus_PKKoTbdAnsBVn8,in_1OVgBFAKv6LsYLX22zSQTKE3,po_1OWUN5AKv6LsYLX2lV3euMU7,,,,,
ch_3OVdt4AKv6LsYLX21hkaHryq,1/6/2024 17:42,380.77,0,cad,TRUE,276.41,0,usd,,12.46,Paid,Payment complete.,pm_1OVdt4AKv6LsYLX2XdRDVwTe,cus_PKIRgGnnQTzzNy,in_1OVdt9AKv6LsYLX2v5JI56h8,po_1OWUN5AKv6LsYLX2lV3euMU7,f0f7a411-d78f-4c3a-abf2-4cce65097af4,40375dc9-7834-49eb-9103-745a5ef656cd,College Prep Masterclass,3/29/2020 3:57,txcd_20030000
ch_3OVdjCAKv6LsYLX21wvqjRed,1/6/2024 17:32,279.2,0,usd,TRUE,279.2,0,usd,,8.4,Paid,Payment complete.,pm_1OVdjBAKv6LsYLX2A01iuwbi,cus_PKI3rDnPzXSpN7,in_1OVdjGAKv6LsYLX2yqe0sF1g,po_1OWUN5AKv6LsYLX2lV3euMU7,f0f7a411-d78f-4c3a-abf2-4cce65097af4,40375dc9-7834-49eb-9103-745a5ef656cd,College Prep Masterclass,3/29/2020 3:57,txcd_20030000
ch_3OVYvNAKv6LsYLX23BMnrHW8,1/6/2024 12:24,380.77,0,cad,TRUE,276.41,0,usd,,12.46,Paid,Payment complete.,pm_1OVYvNAKv6LsYLX2GU7GmjRg,cus_PIjPQ78H01HNAl,in_1OVYvRAKv6LsYLX2YVAuE8dB,po_1OWUN5AKv6LsYLX2lV3euMU7,f0f7a411-d78f-4c3a-abf2-4cce65097af4,40375dc9-7834-49eb-9103-745a5ef656cd,College Prep Masterclass,3/29/2020 3:57,txcd_20030000
ch_3OVYpAAKv6LsYLX23T1h0JtA,1/6/2024 12:18,32.83,0,eur,TRUE,34.85,0,usd,,1.83,Paid,Payment complete.,pm_1OVYp9AKv6LsYLX2Ob1lBBrH,cus_PJoBhkKjrjHtOl,in_1OVYpEAKv6LsYLX2mpB8nOTn,po_1OWUN5AKv6LsYLX2lV3euMU7,7a56d0f1-a2e5-4e2e-b26c-948a9ad21cb2,c985f100-5645-48e3-8e3d-ceffbcc37a3d,College Application Bootcamp,12/27/2023 16:46,txcd_20030000
ch_3OVXpDAKv6LsYLX20udDThY5,1/6/2024 11:14,149,0,usd,TRUE,149,0,usd,,6.86,Paid,Payment complete.,pm_1OVUXMAKv6LsYLX2RbE0sZBK,cus_PK8ipiQoAZWT6e,in_1OVXpHAKv6LsYLX2fSObvUZa,po_1OWUN5AKv6LsYLX2lV3euMU7,2017cf56-7ca0-48a0-8892-05ad50e746ba,f8c6a47c-29ca-4be7-ae51-63c374920e4e,Personalized College Roadmap,12/6/2023 16:16,txcd_20030000
ch_3OVWaDAKv6LsYLX2192gNOm7,1/6/2024 9:54,279.2,0,usd,TRUE,279.2,0,usd,,8.4,Paid,Payment complete.,pm_1OVWaCAKv6LsYLX21R9ZnP2R,cus_Ov2reIu1gdGqTe,in_1OVWaGAKv6LsYLX2IgVgC9Oc,po_1OWUN5AKv6LsYLX2lV3euMU7,f0f7a411-d78f-4c3a-abf2-4cce65097af4,40375dc9-7834-49eb-9103-745a5ef656cd,College Prep Masterclass,3/29/2020 3:57,txcd_20030000
ch_3OVUXNAKv6LsYLX20ilNIZ4P,1/6/2024 7:43,99,0,usd,TRUE,99,0,usd,Subscription creation,4.66,Paid,Payment complete.,pm_1OVUXMAKv6LsYLX2RbE0sZBK,cus_PK8ipiQoAZWT6e,in_1OVUXNAKv6LsYLX2pooczbDi,po_1OWUN5AKv6LsYLX2lV3euMU7,,,,,
ch_3OVU57AKv6LsYLX21zr7UotI,1/6/2024 7:14,28.24,0,gbp,TRUE,34.86,0,usd,,1.83,Paid,Payment complete.,pm_1OVU56AKv6LsYLX2syRn7ZpU,cus_OxW1H0rj5BlBJD,in_1OVU5AAKv6LsYLX2Wai94cC2,po_1OWUN5AKv6LsYLX2lV3euMU7,7a56d0f1-a2e5-4e2e-b26c-948a9ad21cb2,c985f100-5645-48e3-8e3d-ceffbcc37a3d,College Application Bootcamp,12/27/2023 16:46,txcd_20030000
ch_3OVU16AKv6LsYLX21BcIW1J2,1/6/2024 7:11,35.2,0,usd,TRUE,35.2,0,usd,,1.85,Paid,Payment complete.,pm_1OVU2MAKv6LsYLX2xehWNBFv,cus_OxW1H0rj5BlBJD,in_1OVU2PAKv6LsYLX271osTnu0,po_1OWUN5AKv6LsYLX2lV3euMU7,d8b64e76-c7a9-4c9d-b904-49d81557c23a,8c46a7cc-09e5-40d8-9584-33c0184298c6,College Essay Coaching,10/9/2023 8:57,txcd_20030000
ch_3OVTqKAKv6LsYLX22Ej6fZPq,1/6/2024 6:58,35.2,0,usd,TRUE,35.2,0,usd,,1.32,Paid,Payment complete.,pm_1OVTqJAKv6LsYLX2HvSzI0se,cus_PK85e1To76fkZB,in_1OVTqOAKv6LsYLX2zIekVpUw,po_1OWUN5AKv6LsYLX2lV3euMU7,a0ff2472-fe58-453b-bc70-af15c0192959,fec5f1d1-2101-406f-b730-bc7f739ac62a,SAT & ACT Mastery Program,1/26/2024 2:09,txcd_20030000
ch_3OVTSNAKv6LsYLX21UsYwpjU,1/6/2024 6:34,79.2,0,usd,TRUE,79.2,0,usd,,3.78,Paid,Payment complete.,pm_1OVTSMAKv6LsYLX2XoZzOj00,cus_PK7f0ugDgNZqcf,in_1OVTShAKv6LsYLX2Ru2wOcTN,po_1OWUN5AKv6LsYLX2lV3euMU7,4b101604-f66f-48a3-bb37-e6cff6a35276,17f137bd-4c6a-4590-9c92-529872986e49,High School to Ivy League Program,3/29/2020 3:57,txcd_20030000
ch_3OVSp6AKv6LsYLX21CPNK7BV,1/6/2024 5:53,95.62,0,gbp,TRUE,118.02,0,usd,,5.49,Paid,Payment complete.,pm_1OVSp5AKv6LsYLX2mRFpFzHc,cus_PGJ9EsX3UmMFEi,in_1OVSpAAKv6LsYLX2aLIxMl4K,po_1OWUN5AKv6LsYLX2lV3euMU7,2017cf56-7ca0-48a0-8892-05ad50e746ba,f8c6a47c-29ca-4be7-ae51-63c374920e4e,Personalized College Roadmap,12/6/2023 16:16,txcd_20030000
ch_3OVQreAKv6LsYLX22PfOntFp,1/6/2024 3:48,12,0,usd,TRUE,12,0,usd,Subscription creation,0.65,Paid,Payment complete.,pm_1OVQrcAKv6LsYLX26bov9PV9,cus_PFy5PnxSRNvTTb,in_1OVQrdAKv6LsYLX24P8A1Bf1,po_1OWUN5AKv6LsYLX2lV3euMU7,,,,,
ch_3OVQkKAKv6LsYLX233JO9fRA,1/6/2024 3:40,79.41,15.88,gbp,TRUE,98.01,19.8,usd,,4.61,Paid,Payment complete.,pm_1OVQkJAKv6LsYLX2vWveoRWR,cus_PK4ie3CbAhGXSP,in_1OVQkOAKv6LsYLX2JvjI53EK,po_1OWUN5AKv6LsYLX2lV3euMU7,4b101604-f66f-48a3-bb37-e6cff6a35276,17f137bd-4c6a-4590-9c92-529872986e49,High School to Ivy League Program,3/29/2020 3:57,txcd_20030000
ch_3OVPq6AKv6LsYLX21bX0VmML,1/6/2024 2:42,35.2,0,usd,TRUE,35.2,0,usd,,1.32,Paid,Payment complete.,pm_1OVPq6AKv6LsYLX2JtFc7zoz,cus_P7KGI9Qoinf1Ls,in_1OVPqDAKv6LsYLX272Mw3Xu4,po_1OWUN5AKv6LsYLX2lV3euMU7,7a56d0f1-a2e5-4e2e-b26c-948a9ad21cb2,c985f100-5645-48e3-8e3d-ceffbcc37a3d,College Application Bootcamp,12/27/2023 16:46,txcd_20030000
ch_3OVP8iAKv6LsYLX20jlEfLRB,1/6/2024 1:57,35.2,0,usd,TRUE,35.2,0,usd,,1.32,Paid,Payment complete.,pm_1OVP8iAKv6LsYLX2X6SWA7f4,cus_PK3AeQHiy7tLw2,in_1OVP8mAKv6LsYLX2Yh2M80cB,po_1OWUN5AKv6LsYLX2lV3euMU7,dae443ce-10d3-46ac-b093-e1ae0eb26654,4b8c704c-863d-4e25-9bcf-ce9a1b75a391,Admission Success Blueprint,12/27/2023 16:46,txcd_20030000
ch_3OVONkAKv6LsYLX22xGVMMq5,1/6/2024 1:09,148.01,0,cad,TRUE,78.41,0,usd,,3.75,Paid,Payment complete.,pm_1OVONjAKv6LsYLX2SDdvXM5i,cus_PCMnWMa8s1ym7R,in_1OVONoAKv6LsYLX2r47y5dRo,po_1OWUN5AKv6LsYLX2lV3euMU7,4b101604-f66f-48a3-bb37-e6cff6a35276,17f137bd-4c6a-4590-9c92-529872986e49,High School to Ivy League Program,3/29/2020 3:57,txcd_20030000
ch_3OVOMrAKv6LsYLX20AqqYhTx,1/6/2024 1:08,279.2,0,usd,TRUE,279.2,0,usd,,8.4,Paid,Payment complete.,pm_1OVOMrAKv6LsYLX2IweAuj1z,cus_PJmcpOAMce75t9,in_1OVOMvAKv6LsYLX2SqyvtujG,po_1OWUN5AKv6LsYLX2lV3euMU7,f0f7a411-d78f-4c3a-abf2-4cce65097af4,40375dc9-7834-49eb-9103-745a5ef656cd,College Prep Masterclass,3/29/2020 3:57,txcd_20030000
ch_3OVNHmAKv6LsYLX21EWyKzIL,1/5/2024 23:58,35.2,0,usd,TRUE,35.2,0,usd,,1.85,Paid,Payment complete.,pm_1OVN4wAKv6LsYLX2gHLtfCsW,cus_PK16GNCyW0KGDr,in_1OVNHpAKv6LsYLX2Hjuavu8k,po_1OW7ooAKv6LsYLX2wnCJYTaC,d8b64e76-c7a9-4c9d-b904-49d81557c23a,8c46a7cc-09e5-40d8-9584-33c0184298c6,College Essay Coaching,10/9/2023 8:57,txcd_20030000
ch_3ORpEqAKv6LsYLX21vO8zLQK,12/27/2023 5:01,24,0,usd,TRUE,24,0,usd,,1.36,Paid,Payment complete.,pm_1ORLI1AKv6LsYLX2RFy9o2SM,cus_PFqugEjQTBhmFx,in_1ORpEtAKv6LsYLX2l2Yo4UTf,po_1OS8r9AKv6LsYLX2MBfQvdjs,d7c2e880-2bff-4c5a-897b-9a08f8cddd06,4033cc0f-bce4-4338-b8d6-9a983207c2a1,GPA Boosting Academy,10/9/2021 5:30,txcd_20030000
ch_3ORpDqAKv6LsYLX21hCTKgIf,12/27/2023 5:00,48,0,usd,TRUE,44,0,usd,,2.24,Paid,Payment complete.,pm_1ORLI1AKv6LsYLX2RFy9o2SM,cus_PFqugEjQTBhmFx,in_1ORpDtAKv6LsYLX2dmuuBPxW,po_1OS8r9AKv6LsYLX2MBfQvdjs,dae443ce-10d3-46ac-b093-e1ae0eb26654,4b8c704c-863d-4e25-9bcf-ce9a1b75a391,Admission Success Blueprint,12/27/2023 16:46,txcd_20030000
ch_3ORnT4AKv6LsYLX22xgiS3vh,12/27/2023 3:08,369,0,usd,TRUE,349,0,usd,,10.42,Paid,Payment complete.,pm_1ORnTbAKv6LsYLX2rXno2qYD,cus_PB67SLIGjK3ysR,in_1ORnTfAKv6LsYLX2ZGkI4H7i,po_1OS8r9AKv6LsYLX2MBfQvdjs,f0f7a411-d78f-4c3a-abf2-4cce65097af4,40375dc9-7834-49eb-9103-745a5ef656cd,College Prep Masterclass,3/29/2020 3:57,txcd_20030000
ch_3ORnNzAKv6LsYLX21YOIHP8F,12/27/2023 3:02,48,0,usd,TRUE,44,0,usd,,1.58,Paid,Payment complete.,pm_1ORnNyAKv6LsYLX2Pu27yXen,cus_PGJwAcqxQNZ1oa,in_1ORnO2AKv6LsYLX2UGYNbgVs,po_1OS8r9AKv6LsYLX2MBfQvdjs,dae443ce-10d3-46ac-b093-e1ae0eb26654,4b8c704c-863d-4e25-9bcf-ce9a1b75a391,Admission Success Blueprint,12/27/2023 16:46,txcd_20030000
ch_3ORnCIAKv6LsYLX22ZKlp76e,12/27/2023 2:50,27,0,usd,TRUE,15,0,usd,Subscription creation,0.74,Paid,Payment complete.,pm_1ORnCHAKv6LsYLX2v5PeDb8i,cus_PGJfd3HHPNp82X,in_1ORnCIAKv6LsYLX2GNHj2y08,po_1OS8r9AKv6LsYLX2MBfQvdjs,,,,,
ch_3ORn13AKv6LsYLX233948kpg,12/27/2023 2:39,48,0,usd,TRUE,44,0,usd,,1.58,Paid,Payment complete.,pm_1ORn13AKv6LsYLX2i0PF1Ls4,cus_PG9WmEY2ZwofC3,in_1ORn1SAKv6LsYLX2KeVjchth,po_1OS8r9AKv6LsYLX2MBfQvdjs,dae443ce-10d3-46ac-b093-e1ae0eb26654,4b8c704c-863d-4e25-9bcf-ce9a1b75a391,Admission Success Blueprint,12/27/2023 16:46,txcd_20030000
ch_3ORmF7AKv6LsYLX23I9Z2HnX,12/27/2023 1:49,369,0,usd,TRUE,349,0,usd,,10.42,Paid,Payment complete.,pm_1ORmF6AKv6LsYLX2Habtwlx3,cus_PGBmNZNuZylD8u,in_1ORmFLAKv6LsYLX2Gj33Yru7,po_1OS8r9AKv6LsYLX2MBfQvdjs,f0f7a411-d78f-4c3a-abf2-4cce65097af4,40375dc9-7834-49eb-9103-745a5ef656cd,College Prep Masterclass,3/29/2020 3:57,txcd_20030000
ch_3ORlfaAKv6LsYLX22RBFTKQ3,12/27/2023 1:12,32.32,0,cad,TRUE,23.76,0,usd,,1.35,Paid,Payment complete.,pm_1ORlfaAKv6LsYLX22SxkTYG7,cus_PDuPWpLpAQcqGP,in_1ORlfdAKv6LsYLX27oeff3pv,po_1OS8r9AKv6LsYLX2MBfQvdjs,d7c2e880-2bff-4c5a-897b-9a08f8cddd06,4033cc0f-bce4-4338-b8d6-9a983207c2a1,GPA Boosting Academy,10/9/2021 5:30,txcd_20030000
ch_3ORlPEAKv6LsYLX23QmzATwx,12/27/2023 0:55,14,0,usd,TRUE,10,0,usd,Subscription update,0.59,Paid,Payment complete.,pm_1OGs9WAKv6LsYLX2QzZO6hMW,cus_P2P12RqtWYnkC0,in_1ORkS0AKv6LsYLX21n3ZlrjX,po_1OS8r9AKv6LsYLX2MBfQvdjs,,,,,
ch_3ORkkQAKv6LsYLX20qFKnfWs,12/27/2023 0:13,27,0,usd,TRUE,15,0,usd,Subscription creation,0.74,Paid,Payment complete.,pm_1ORkkOAKv6LsYLX20bJGvMTJ,cus_PGHIwOczoFgEnS,in_1ORkkPAKv6LsYLX2lmBIugV9,po_1OS8r9AKv6LsYLX2MBfQvdjs,,,,,
ch_3ORjKEAKv6LsYLX22OcJc8DN,12/26/2023 22:42,48,0,usd,TRUE,44,0,usd,,2.24,Paid,Payment complete.,pm_1ORjKEAKv6LsYLX2VVtCSwj8,cus_PGFoGrLYc8JdJ6,in_1ORjKHAKv6LsYLX2Wq3N5PkN,po_1ORmWiAKv6LsYLX2I0X3BRVy,dae443ce-10d3-46ac-b093-e1ae0eb26654,4b8c704c-863d-4e25-9bcf-ce9a1b75a391,Admission Success Blueprint,12/27/2023 16:46,txcd_20030000
ch_3ORiF8AKv6LsYLX201NcZv3H,12/26/2023 21:32,274,0,usd,TRUE,274,0,usd,,8.25,Paid,Payment complete.,pm_1ORiF7AKv6LsYLX2IdJTQt75,cus_OolmIEeVlEd6M1,in_1ORiFBAKv6LsYLX2ptgOtmjW,po_1ORmWiAKv6LsYLX2I0X3BRVy,f0f7a411-d78f-4c3a-abf2-4cce65097af4,40375dc9-7834-49eb-9103-745a5ef656cd,College Prep Masterclass,3/29/2020 3:57,txcd_20030000
ch_3ORi9mAKv6LsYLX20nORREF9,12/26/2023 21:27,199,0,usd,TRUE,199,0,usd,,6.07,Paid,Payment complete.,pm_1ORi9mAKv6LsYLX2icY5SWne,cus_PGEajHszlyMj8x,in_1ORi9zAKv6LsYLX2O2RunXen,po_1ORmWiAKv6LsYLX2I0X3BRVy,25fdcdc9-4f82-4374-a62c-7d323f543a03,201283c3-5723-4e02-9d18-d9ff952d0d07,Elite College Prep Package,10/9/2022 8:25,txcd_20030000
ch_3ORfo1AKv6LsYLX21Odyc2zP,12/26/2023 18:56,27,0,usd,TRUE,15,0,usd,Subscription creation,0.74,Paid,Payment complete.,pm_1ORfo0AKv6LsYLX26LqCgwRk,cus_PGCALSMk5ONxAA,in_1ORfo1AKv6LsYLX2PFEknJaT,po_1ORmWiAKv6LsYLX2I0X3BRVy,,,,,
ch_3ORf0AAKv6LsYLX226QU4aO1,12/26/2023 18:05,124,0,usd,TRUE,124,0,usd,,3.9,Paid,Payment complete.,pm_1ORf09AKv6LsYLX2TMJEV3u1,cus_PGBKZ5k3W6BkES,in_1ORf0DAKv6LsYLX2Ms89jh6X,po_1ORmWiAKv6LsYLX2I0X3BRVy,0d86b3c9-fdb5-418a-83b9-cb45457a47d0,b7f7421a-3caf-4185-84f9-e254a4365528,College Admission Strategy Workshop,12/27/2023 16:46,txcd_20030000
ch_3OReJPAKv6LsYLX20sx0AuKN,12/26/2023 17:21,48,0,usd,TRUE,44,0,usd,,2.24,Paid,Payment complete.,pm_1OReJOAKv6LsYLX2rCtW6QeJ,cus_PGAMDvSxbgMDUy,in_1OReJSAKv6LsYLX2giy9yqAe,po_1ORmWiAKv6LsYLX2I0X3BRVy,d8b64e76-c7a9-4c9d-b904-49d81557c23a,8c46a7cc-09e5-40d8-9584-33c0184298c6,College Essay Coaching,10/9/2023 8:57,txcd_20030000
ch_3ORd28AKv6LsYLX22pf0tkRL,12/26/2023 15:59,27,0,usd,TRUE,15,0,usd,Subscription creation,15.74,Paid,Payment complete.,pm_1ORd26AKv6LsYLX29ciafBbZ,cus_PG9JZElUkLUzSF,in_1ORd27AKv6LsYLX2PQjaWGI3,po_1ORmWiAKv6LsYLX2I0X3BRVy,,,,,
ch_3ORciXAKv6LsYLX20w2GV7b4,12/26/2023 15:38,48,0,usd,TRUE,44,0,usd,,1.58,Paid,Payment complete.,pm_1ORciWAKv6LsYLX22WabHeid,cus_PG8z9yTOv2QVfO,in_1ORciaAKv6LsYLX2uPYW51zG,po_1ORmWiAKv6LsYLX2I0X3BRVy,d8b64e76-c7a9-4c9d-b904-49d81557c23a,8c46a7cc-09e5-40d8-9584-33c0184298c6,College Essay Coaching,10/9/2023 8:57,txcd_20030000
ch_3ORPr3AKv6LsYLX20DuwJbGE,12/26/2023 1:54,14,0,usd,TRUE,10,0,usd,Subscription update,0.59,Paid,Payment complete.,pm_1O5HpgAKv6LsYLX2GeAKawmv,cus_OoCQ7fY5Uai6U6,in_1OROuYAKv6LsYLX237xwyz8E,po_1ORmWiAKv6LsYLX2I0X3BRVy,,,,,
ch_3ORLNsAKv6LsYLX21eUG6I3d,12/25/2023 21:08,36,0,usd,TRUE,34,0,usd,,1.8,Paid,Payment complete.,pm_1ORLI1AKv6LsYLX2RFy9o2SM,cus_PFqugEjQTBhmFx,in_1ORLNvAKv6LsYLX2NMAoLVzw,po_1ORmWiAKv6LsYLX2I0X3BRVy,c5712f31-b51f-4314-8b89-d3fb2af2e0e0,48dc9a13-5f13-4cb9-88e2-f6004bdaee4c,Scholarly Scholarships Guide,10/9/2023 8:47,txcd_20030000
ch_3ORLI2AKv6LsYLX200NHT4Vc,12/25/2023 21:02,27,0,usd,TRUE,15,0,usd,Subscription creation,0.96,Paid,Payment complete.,pm_1ORLI1AKv6LsYLX2RFy9o2SM,cus_PFqugEjQTBhmFx,in_1ORLI2AKv6LsYLX2JAo9n4Bx,po_1ORmWiAKv6LsYLX2I0X3BRVy,,,,,
ch_3ORHJyAKv6LsYLX20geQGkwv,12/25/2023 16:48,369,0,usd,TRUE,349,0,usd,,10.42,Paid,Payment complete.,pm_1ORHJyAKv6LsYLX2F2NtSJZw,cus_PFmrmjxf16SyWg,in_1ORHK1AKv6LsYLX2jyEh2vQN,po_1ORmWiAKv6LsYLX2I0X3BRVy,f0f7a411-d78f-4c3a-abf2-4cce65097af4,40375dc9-7834-49eb-9103-745a5ef656cd,College Prep Masterclass,3/29/2020 3:57,txcd_20030000
ch_3ORGfSAKv6LsYLX22jdVjz4U,12/25/2023 16:06,48,0,usd,TRUE,44,0,usd,,1.58,Paid,Payment complete.,pm_1ORGfRAKv6LsYLX25mVZIw44,cus_PFmDBiyu55yNUx,in_1ORGfVAKv6LsYLX2nGXDjuoL,po_1ORmWiAKv6LsYLX2I0X3BRVy,7a56d0f1-a2e5-4e2e-b26c-948a9ad21cb2,c985f100-5645-48e3-8e3d-ceffbcc37a3d,College Application Bootcamp,12/27/2023 16:46,txcd_20030000
ch_3ORFIkAKv6LsYLX22sQuZMFS,12/25/2023 14:38,124,0,usd,TRUE,124,0,usd,,3.9,Paid,Payment complete.,pm_1ORFIjAKv6LsYLX2ngA1J3fv,cus_PFkigsm4R8ItEH,in_1ORFInAKv6LsYLX2YxcpzAYT,po_1ORmWiAKv6LsYLX2I0X3BRVy,0d86b3c9-fdb5-418a-83b9-cb45457a47d0,b7f7421a-3caf-4185-84f9-e254a4365528,College Admission Strategy Workshop,12/27/2023 16:46,txcd_20030000
ch_3OREpyAKv6LsYLX21VPn2hwn,12/25/2023 14:08,48,0,usd,TRUE,44,0,usd,,1.58,Paid,Payment complete.,pm_1OREpxAKv6LsYLX2pIIkZer7,cus_PFkJTbyoiEP9U6,in_1OREq1AKv6LsYLX2NfJGmxDA,po_1ORmWiAKv6LsYLX2I0X3BRVy,dae443ce-10d3-46ac-b093-e1ae0eb26654,4b8c704c-863d-4e25-9bcf-ce9a1b75a391,Admission Success Blueprint,12/27/2023 16:46,txcd_20030000
ch_3OREWTAKv6LsYLX20t2Oi3cm,12/25/2023 13:48,14,0,usd,TRUE,10,0,usd,Subscription update,0.59,Paid,Payment complete.,pm_1O56VVAKv6LsYLX2aNo2vy3q,cus_OssFWPMkP59D2x,in_1ORDa2AKv6LsYLX2stuYLdxy,po_1ORmWiAKv6LsYLX2I0X3BRVy,,,,,
ch_3ORB0iAKv6LsYLX22bFx3OQU,12/25/2023 10:03,136.51,0,pln,TRUE,33.66,0,usd,,1.78,Paid,Payment complete.,pm_1ORB0iAKv6LsYLX2HXSFhpac,cus_PFgLLTN0s8hewK,in_1ORB0mAKv6LsYLX247yHd1ed,po_1ORmWiAKv6LsYLX2I0X3BRVy,c5712f31-b51f-4314-8b89-d3fb2af2e0e0,48dc9a13-5f13-4cb9-88e2-f6004bdaee4c,Scholarly Scholarships Guide,10/9/2023 8:47,txcd_20030000
ch_3OQxiCAKv6LsYLX21FKAGtuJ,12/24/2023 19:51,14,0,usd,TRUE,10,0,usd,Subscription update,0.59,Paid,Payment complete.,pm_1OG4RiAKv6LsYLX24O02aKL3,cus_P4CpcrtclMzcYu,in_1OQwlDAKv6LsYLX2ii0jN1pU,po_1ORmWiAKv6LsYLX2I0X3BRVy,,,,,
ch_3OQx5pAKv6LsYLX21avas3AR,12/24/2023 19:12,24,0,usd,TRUE,24,0,usd,,1,Paid,Payment complete.,pm_1OQx5oAKv6LsYLX2Tw2wuOjM,cus_PFOPkXWLPNpdSP,in_1OQx5sAKv6LsYLX2XHIfXiMe,po_1ORmWiAKv6LsYLX2I0X3BRVy,d7c2e880-2bff-4c5a-897b-9a08f8cddd06,4033cc0f-bce4-4338-b8d6-9a983207c2a1,GPA Boosting Academy,10/9/2021 5:30,txcd_20030000
ch_3OQuWCAKv6LsYLX228mLk90o,12/24/2023 16:27,36,0,usd,TRUE,34,0,usd,,1.8,Paid,Payment complete.,pm_1OQtlpAKv6LsYLX2H5oMkL2t,cus_PFOUVGtImi3gUR,in_1OQuWEAKv6LsYLX2PEqXIalP,po_1ORmWiAKv6LsYLX2I0X3BRVy,c5712f31-b51f-4314-8b89-d3fb2af2e0e0,48dc9a13-5f13-4cb9-88e2-f6004bdaee4c,Scholarly Scholarships Guide,10/9/2023 8:47,txcd_20030000
ch_3OQtlrAKv6LsYLX21VU9uO2H,12/24/2023 15:39,27,0,usd,TRUE,15,0,usd,Subscription creation,0.96,Paid,Payment complete.,pm_1OQtlpAKv6LsYLX2H5oMkL2t,cus_PFOUVGtImi3gUR,in_1OQtlqAKv6LsYLX2JlRsZcYw,po_1ORmWiAKv6LsYLX2I0X3BRVy,,,,,
ch_3OQqd7AKv6LsYLX23UF0AQgF,12/24/2023 12:25,14532.66,0,inr,TRUE,122.76,0,usd,,5.7,Paid,Payment complete.,pm_1OQqkCAKv6LsYLX2jF2YJQ59,cus_PB5gu8j15G9ozf,in_1OQqkGAKv6LsYLX2GnaCdx20,po_1ORmWiAKv6LsYLX2I0X3BRVy,0d86b3c9-fdb5-418a-83b9-cb45457a47d0,b7f7421a-3caf-4185-84f9-e254a4365528,College Admission Strategy Workshop,12/27/2023 16:46,txcd_20030000
ch_3OQj7UAKv6LsYLX21lN01iNI,12/24/2023 4:16,14,0,usd,TRUE,10,0,usd,Subscription update,0.59,Paid,Payment complete.,pm_1O4b5qAKv6LsYLX2sUq2UphW,cus_OsLmwy4tzdpxtk,in_1OQiAPAKv6LsYLX2coX1jNGW,po_1ORmWiAKv6LsYLX2I0X3BRVy,,,,,
ch_3OQisUAKv6LsYLX22zvH7iHE,12/24/2023 4:01,369,0,usd,TRUE,349,0,usd,,10.42,Paid,Payment complete.,pm_1OQisUAKv6LsYLX27wvTX7w7,cus_PEnLyQyQIBhXme,in_1OQisXAKv6LsYLX2LIwN9I95,po_1ORmWiAKv6LsYLX2I0X3BRVy,f0f7a411-d78f-4c3a-abf2-4cce65097af4,40375dc9-7834-49eb-9103-745a5ef656cd,College Prep Masterclass,3/29/2020 3:57,txcd_20030000
ch_3OQhd8AKv6LsYLX20ZmOLNmT,12/24/2023 2:41,14,0,usd,TRUE,10,0,usd,Subscription update,0.59,Paid,Payment complete.,pm_1O4ZboAKv6LsYLX2YJjsGl5P,cus_OpYDkmquoocB5x,in_1OQggNAKv6LsYLX2AkQb1mRh,po_1ORmWiAKv6LsYLX2I0X3BRVy,,,,,
ch_3OQegPAKv6LsYLX23NtipTJL,12/23/2023 23:32,14,0,usd,TRUE,10,0,usd,Subscription update,0.59,Paid,Payment complete.,pm_1O4WevAKv6LsYLX23wCDL9Sj,cus_OsH9rqAEL7r3bh,in_1OQdk1AKv6LsYLX2yPwjZyBn,po_1ORmWiAKv6LsYLX2I0X3BRVy,,,,,
ch_3OQd2IAKv6LsYLX22kLrFUhG,12/23/2023 21:47,199,0,usd,TRUE,199,0,usd,,6.07,Paid,Payment complete.,pm_1OQd2HAKv6LsYLX2DPWkSndl,cus_PF3oHgkfrcs2kf,in_1OQd2LAKv6LsYLX2IcXJ8MJk,po_1ORmWiAKv6LsYLX2I0X3BRVy,25fdcdc9-4f82-4374-a62c-7d323f543a03,201283c3-5723-4e02-9d18-d9ff952d0d07,Elite College Prep Package,10/9/2022 8:25,txcd_20030000
ch_3OQYsFAKv6LsYLX21mM82jfb,12/23/2023 17:20,27.32,0,gbp,TRUE,33.66,0,usd,,1.78,Paid,Payment complete.,pm_1OQYsFAKv6LsYLX2sS627L6U,cus_PF2K1av2QxQXQh,in_1OQYsJAKv6LsYLX2v3xWClkj,po_1ORmWiAKv6LsYLX2I0X3BRVy,c5712f31-b51f-4314-8b89-d3fb2af2e0e0,48dc9a13-5f13-4cb9-88e2-f6004bdaee4c,Scholarly Scholarships Guide,10/9/2023 8:47,txcd_20030000
ch_3OQYGjAKv6LsYLX23oGlbdDU,12/23/2023 16:41,27,0,usd,TRUE,15,0,usd,Subscription creation,0.96,Paid,Payment complete.,pm_1OQYGhAKv6LsYLX2HlmVfZj8,cus_PF2K1av2QxQXQh,in_1OQYGiAKv6LsYLX2b1845xb4,po_1ORmWiAKv6LsYLX2I0X3BRVy,,,,,
ch_3OQXPaAKv6LsYLX22mCuxIqc,12/23/2023 15:46,36,0,usd,TRUE,34,0,usd,,1.29,Paid,Payment complete.,pm_1OQXPZAKv6LsYLX2e5UgFhEB,cus_PF1N7d0tpaiR0q,in_1OQXPdAKv6LsYLX2UEikAJu2,po_1ORmWiAKv6LsYLX2I0X3BRVy,c5712f31-b51f-4314-8b89-d3fb2af2e0e0,48dc9a13-5f13-4cb9-88e2-f6004bdaee4c,Scholarly Scholarships Guide,10/9/2023 8:47,txcd_20030000
ch_3OQQS6AKv6LsYLX22TPE7TnH,12/23/2023 8:20,24,0,usd,TRUE,24,0,usd,,1.36,Paid,Payment complete.,pm_1O84DZAKv6LsYLX2oVo1VPQ0,cus_OuN5CAxjrjJjHV,in_1OQQS9AKv6LsYLX2jvpFcwbE,po_1ORmWiAKv6LsYLX2I0X3BRVy,d7c2e880-2bff-4c5a-897b-9a08f8cddd06,4033cc0f-bce4-4338-b8d6-9a983207c2a1,GPA Boosting Academy,10/9/2021 5:30,txcd_20030000
ch_3OQMn1AKv6LsYLX21PAAoBTI,12/23/2023 4:26,279.2,0,usd,TRUE,279.2,0,usd,,8.4,Paid,Payment complete.,pm_1OQMn1AKv6LsYLX2W5HFF8Q6,cus_PESTXEobhp3iSW,in_1OQMn5AKv6LsYLX2mgdcNSqC,po_1ORmWiAKv6LsYLX2I0X3BRVy,f0f7a411-d78f-4c3a-abf2-4cce65097af4,40375dc9-7834-49eb-9103-745a5ef656cd,College Prep Masterclass,3/29/2020 3:57,txcd_20030000
ch_3OQLNbAKv6LsYLX20DleO3vo,12/23/2023 2:56,14,0,usd,TRUE,10,0,usd,Subscription update,0.59,Paid,Payment complete.,pm_1O4DLzAKv6LsYLX2a5qT2cTv,cus_OrxFXJmBKNUrPH,in_1OQKRHAKv6LsYLX2guOL15aN,po_1ORmWiAKv6LsYLX2I0X3BRVy,,,,,
ch_3OQI2nAKv6LsYLX23LTnbuYK,12/22/2023 23:22,14,0,usd,TRUE,10,0,usd,Subscription update,0.59,Paid,Payment complete.,pm_1O4A1VAKv6LsYLX2X0wKcaAP,cus_Oo5VUnwjEVQJnJ,in_1OQH65AKv6LsYLX200CB0vH6,po_1ORPR1AKv6LsYLX21pvbqi6z,,,,,
ch_3OQDfzAKv6LsYLX20ufonPlV,12/22/2023 18:42,14,0,usd,TRUE,10,0,usd,Subscription update,0.59,Paid,Payment complete.,pm_1OFKPaAKv6LsYLX2pkiDE5Tx,cus_P070mD5eZtf7YD,in_1OQCj6AKv6LsYLX24T99G5Yc,po_1ORPR1AKv6LsYLX21pvbqi6z,,,,,
ch_3OQD3hAKv6LsYLX20vpGdpqf,12/22/2023 18:02,27,0,usd,TRUE,15,0,usd,Subscription creation,0.74,Paid,Payment complete.,pm_1OQD3gAKv6LsYLX2GWVes685,cus_PEgNvcHMLXfOfd,in_1OQD3hAKv6LsYLX2eJuLqPm9,po_1ORPR1AKv6LsYLX21pvbqi6z,,,,,
ch_3OQClAAKv6LsYLX20nwSipfH,12/22/2023 17:43,369,0,usd,TRUE,349,0,usd,,10.42,Paid,Payment complete.,pm_1OQCl9AKv6LsYLX23GETc9rx,cus_PEfxfmOngUhnKB,in_1OQClDAKv6LsYLX2hJZQOiI3,po_1ORPR1AKv6LsYLX21pvbqi6z,f0f7a411-d78f-4c3a-abf2-4cce65097af4,40375dc9-7834-49eb-9103-745a5ef656cd,College Prep Masterclass,3/29/2020 3:57,txcd_20030000
ch_3OQBAhAKv6LsYLX22REJL4RF,12/22/2023 16:02,27,0,usd,TRUE,15,0,usd,Subscription creation,0.96,Paid,Payment complete.,pm_1OQBAfAKv6LsYLX2G4XLOISa,cus_PEeTeb06NME2GV,in_1OQBAhAKv6LsYLX2GHgkdVgz,po_1ORPR1AKv6LsYLX21pvbqi6z,,,,,
ch_3OQ4dzAKv6LsYLX23gggTnB5,12/22/2023 9:03,27,0,usd,TRUE,15,0,usd,Subscription creation,0.96,Paid,Payment complete.,pm_1OQ4dxAKv6LsYLX23nePlFD7,cus_PEVBMzrObSyJoM,in_1OQ4dzAKv6LsYLX2frivQ4wW,po_1ORPR1AKv6LsYLX21pvbqi6z,,,,,
ch_3OQ322AKv6LsYLX21KARNWkb,12/22/2023 7:20,323.56,0,eur,TRUE,345.51,0,usd,,15.5,Paid,Payment complete.,pm_1OQ321AKv6LsYLX2BIVd6bXP,cus_PEW1GcDiS2i2D8,in_1OQ326AKv6LsYLX29mlzIB3w,po_1ORPR1AKv6LsYLX21pvbqi6z,f0f7a411-d78f-4c3a-abf2-4cce65097af4,40375dc9-7834-49eb-9103-745a5ef656cd,College Prep Masterclass,3/29/2020 3:57,txcd_20030000
ch_3OQ11gAKv6LsYLX21wcXgwlJ,12/22/2023 5:12,279.2,0,usd,TRUE,279.2,0,usd,,8.4,Paid,Payment complete.,pm_1OQ11fAKv6LsYLX27aij2A8U,cus_PETvuQVJlexwL3,in_1OQ11kAKv6LsYLX2tQPAhZI3,po_1ORPR1AKv6LsYLX21pvbqi6z,f0f7a411-d78f-4c3a-abf2-4cce65097af4,40375dc9-7834-49eb-9103-745a5ef656cd,College Prep Masterclass,3/29/2020 3:57,txcd_20030000
ch_3OPzOrAKv6LsYLX20U2IjPjB,12/22/2023 3:27,48,0,usd,TRUE,44,0,usd,,1.58,Paid,Payment complete.,pm_1OPzOqAKv6LsYLX2txeE8Ru9,cus_PE1PXKq6J6fvp0,in_1OPzOuAKv6LsYLX2tzIJZ4AH,po_1ORPR1AKv6LsYLX21pvbqi6z,dae443ce-10d3-46ac-b093-e1ae0eb26654,4b8c704c-863d-4e25-9bcf-ce9a1b75a391,Admission Success Blueprint,12/27/2023 16:46,txcd_20030000
ch_3OPxzSAKv6LsYLX23osLBZZK,12/22/2023 1:57,48,0,usd,TRUE,44,0,usd,,1.58,Paid,Payment complete.,pm_1OPxzSAKv6LsYLX2VvuhsqOR,cus_PE59q84sDA4XXC,in_1OPxzhAKv6LsYLX2ImchsvrS,po_1ORPR1AKv6LsYLX21pvbqi6z,dae443ce-10d3-46ac-b093-e1ae0eb26654,4b8c704c-863d-4e25-9bcf-ce9a1b75a391,Admission Success Blueprint,12/27/2023 16:46,txcd_20030000
ch_3OPulIAKv6LsYLX20zuGroWr,12/21/2023 22:30,24,0,usd,TRUE,24,0,usd,,1,Paid,Payment complete.,pm_1OPulIAKv6LsYLX2bTpocgPo,cus_PENVxqiArdo4S5,in_1OPulLAKv6LsYLX2LnfG3kki,po_1OR2pMAKv6LsYLX2Q30XqXMj,d7c2e880-2bff-4c5a-897b-9a08f8cddd06,4033cc0f-bce4-4338-b8d6-9a983207c2a1,GPA Boosting Academy,10/9/2021 5:30,txcd_20030000
ch_3OPuROAKv6LsYLX22Nnmpy39,12/21/2023 22:10,48,0,usd,TRUE,44,0,usd,,1.58,Paid,Payment complete.,pm_1OPuROAKv6LsYLX20iXY5Zuf,cus_PENB7DKwyKCFov,in_1OPuRRAKv6LsYLX2ggWmyBHv,po_1OR2pMAKv6LsYLX2Q30XqXMj,dae443ce-10d3-46ac-b093-e1ae0eb26654,4b8c704c-863d-4e25-9bcf-ce9a1b75a391,Admission Success Blueprint,12/27/2023 16:46,txcd_20030000
ch_3OPsfTAKv6LsYLX23pcPyksq,12/21/2023 20:16,124,0,usd,TRUE,124,0,usd,,5.76,Paid,Payment complete.,pm_1OPsfSAKv6LsYLX2QpBSZ2gD,cus_P9TPdz2WGybu5L,in_1OPsfXAKv6LsYLX2Jd3wwyqy,po_1OR2pMAKv6LsYLX2Q30XqXMj,0d86b3c9-fdb5-418a-83b9-cb45457a47d0,b7f7421a-3caf-4185-84f9-e254a4365528,College Admission Strategy Workshop,12/27/2023 16:46,txcd_20030000
ch_3OPrDBAKv6LsYLX22I7o5CLu,12/21/2023 18:43,48,0,usd,TRUE,44,0,usd,,1.58,Paid,Payment complete.,pm_1OPrDAAKv6LsYLX2qErlV9e6,cus_PEJpfPzpOcVKdZ,in_1OPrDEAKv6LsYLX2O8Pn3stU,po_1OR2pMAKv6LsYLX2Q30XqXMj,dae443ce-10d3-46ac-b093-e1ae0eb26654,4b8c704c-863d-4e25-9bcf-ce9a1b75a391,Admission Success Blueprint,12/27/2023 16:46,txcd_20030000
ch_3OPnIRAKv6LsYLX234hFFe8y,12/21/2023 14:32,27,0,usd,TRUE,15,0,usd,Subscription creation,0.96,Paid,Payment complete.,pm_1OPnIPAKv6LsYLX2Giz5I14f,cus_PEFm3qgTN4YgPR,in_1OPnIQAKv6LsYLX2ZzlrBmbu,po_1OR2pMAKv6LsYLX2Q30XqXMj,,,,,
ch_3OPmbsAKv6LsYLX22BhU3Jlv,12/21/2023 13:48,324.29,0,eur,TRUE,345.51,0,usd,,15.5,Paid,Payment complete.,pm_1OPmbrAKv6LsYLX2YqaP1jl8,cus_PEF5cpcKmdkGJ8,in_1OPmbvAKv6LsYLX2djtGHgcI,po_1OR2pMAKv6LsYLX2Q30XqXMj,f0f7a411-d78f-4c3a-abf2-4cce65097af4,40375dc9-7834-49eb-9103-745a5ef656cd,College Prep Masterclass,3/29/2020 3:57,txcd_20030000
ch_3OPfG5AKv6LsYLX23jpTzuw1,12/21/2023 5:57,48,0,usd,TRUE,44,0,usd,,2.24,Paid,Payment complete.,pm_1OPfG4AKv6LsYLX257QXjNSc,cus_PB9QMveKGOyRnZ,in_1OPfG8AKv6LsYLX2p12Vf2jp,po_1OR2pMAKv6LsYLX2Q30XqXMj,dae443ce-10d3-46ac-b093-e1ae0eb26654,4b8c704c-863d-4e25-9bcf-ce9a1b75a391,Admission Success Blueprint,12/27/2023 16:46,txcd_20030000
ch_3OPf2OAKv6LsYLX23oj9Cx4q,12/21/2023 5:43,36,0,usd,TRUE,34,0,usd,,1.29,Paid,Payment complete.,pm_1OPf2OAKv6LsYLX2mcJ37d17,cus_PE7DMnxzNGItc1,in_1OPf2qAKv6LsYLX2pNkeZrT2,po_1OR2pMAKv6LsYLX2Q30XqXMj,c5712f31-b51f-4314-8b89-d3fb2af2e0e0,48dc9a13-5f13-4cb9-88e2-f6004bdaee4c,Scholarly Scholarships Guide,10/9/2023 8:47,txcd_20030000
ch_3OPd06AKv6LsYLX21hRr2VLw,12/21/2023 3:33,27,0,usd,TRUE,15,0,usd,Subscription creation,0.74,Paid,Payment complete.,pm_1OPd05AKv6LsYLX2wXtrdFQa,cus_PE59q84sDA4XXC,in_1OPd06AKv6LsYLX2ZP21LBsr,po_1OR2pMAKv6LsYLX2Q30XqXMj,,,,,
ch_3OPZF5AKv6LsYLX22Q6JuPac,12/20/2023 23:32,48,0,usd,TRUE,44,0,usd,,1.58,Paid,Payment complete.,pm_1OPZF5AKv6LsYLX2P7I89s3y,cus_PE1EfsEDjykobh,in_1OPZF8AKv6LsYLX2WiTi988t,po_1OPbRdAKv6LsYLX25SpzZ528,dae443ce-10d3-46ac-b093-e1ae0eb26654,4b8c704c-863d-4e25-9bcf-ce9a1b75a391,Admission Success Blueprint,12/27/2023 16:46,txcd_20030000
ch_3OPYGJAKv6LsYLX22APNx4SB,12/20/2023 22:29,14,0,usd,TRUE,10,0,usd,Subscription update,0.74,Paid,Payment complete.,pm_1OEf0rAKv6LsYLX2MgqN5esz,cus_P2kUh89r1spPpR,in_1OPXK3AKv6LsYLX2Uy6B9AVt,po_1OPbRdAKv6LsYLX25SpzZ528,,,,,
ch_3OPY6sAKv6LsYLX223C7yKCg,12/20/2023 22:19,36,0,usd,TRUE,34,0,usd,,1.29,Paid,Payment complete.,pm_1OPY6rAKv6LsYLX2aY0D4teW,cus_PDLxRvzjO88byh,in_1OPY6vAKv6LsYLX20VFzZMdp,po_1OPbRdAKv6LsYLX25SpzZ528,c5712f31-b51f-4314-8b89-d3fb2af2e0e0,48dc9a13-5f13-4cb9-88e2-f6004bdaee4c,Scholarly Scholarships Guide,10/9/2023 8:47,txcd_20030000
ch_3OPWvKAKv6LsYLX20EkRFATu,12/20/2023 21:03,14,0,usd,TRUE,10,0,usd,Subscription update,0.59,Paid,Payment complete.,pm_1O3OuBAKv6LsYLX2Y0hSoylb,cus_Or71qPygOooTUJ,in_1OPVygAKv6LsYLX2W5jHWwNi,po_1OPbRdAKv6LsYLX25SpzZ528,,,,,
ch_3OPVLKAKv6LsYLX21BefcZ7u,12/20/2023 19:22,48,0,usd,TRUE,44,0,usd,,1.58,Paid,Payment complete.,pm_1OPVLJAKv6LsYLX2kHpN5MB2,cus_PDxCILyYIbDKII,in_1OPVLNAKv6LsYLX248CwOTAu,po_1OPbRdAKv6LsYLX25SpzZ528,dae443ce-10d3-46ac-b093-e1ae0eb26654,4b8c704c-863d-4e25-9bcf-ce9a1b75a391,Admission Success Blueprint,12/27/2023 16:46,txcd_20030000
ch_3OPUbAAKv6LsYLX22Yxi0byz,12/20/2023 18:34,48,0,usd,TRUE,44,0,usd,,1.58,Paid,Payment complete.,pm_1OPUb9AKv6LsYLX2laeG2svW,cus_PDwTvdmDZz0UIq,in_1OPUbDAKv6LsYLX25VHC1Eew,po_1OPbRdAKv6LsYLX25SpzZ528,d8b64e76-c7a9-4c9d-b904-49d81557c23a,8c46a7cc-09e5-40d8-9584-33c0184298c6,College Essay Coaching,10/9/2023 8:57,txcd_20030000
ch_3OPUZ7AKv6LsYLX22O6nVfJU,12/20/2023 18:32,36,0,usd,TRUE,34,0,usd,,1.29,Paid,Payment complete.,pm_1OPUZ7AKv6LsYLX2EB8owS80,cus_PDwQX3NXY5FodV,in_1OPUZAAKv6LsYLX2sJLvhdik,po_1OPbRdAKv6LsYLX25SpzZ528,c5712f31-b51f-4314-8b89-d3fb2af2e0e0,48dc9a13-5f13-4cb9-88e2-f6004bdaee4c,Scholarly Scholarships Guide,10/9/2023 8:47,txcd_20030000
ch_3OPTpKAKv6LsYLX21NSxJQWX,12/20/2023 17:45,24,0,usd,TRUE,24,0,usd,,1,Paid,Payment complete.,pm_1OPTpKAKv6LsYLX2HOLxZjlI,cus_PDvfqqL006RxYJ,in_1OPTpNAKv6LsYLX26doKDNhT,po_1OPbRdAKv6LsYLX25SpzZ528,d7c2e880-2bff-4c5a-897b-9a08f8cddd06,4033cc0f-bce4-4338-b8d6-9a983207c2a1,GPA Boosting Academy,10/9/2021 5:30,txcd_20030000
ch_3OPSctAKv6LsYLX21WJRNEE2,12/20/2023 16:28,59.89,0,cad,TRUE,43.56,0,usd,,2.22,Paid,Payment complete.,pm_1OPScsAKv6LsYLX2JkEE2sAJ,cus_PDuPWpLpAQcqGP,in_1OPScwAKv6LsYLX2VGRThnEW,po_1OPbRdAKv6LsYLX25SpzZ528,dae443ce-10d3-46ac-b093-e1ae0eb26654,4b8c704c-863d-4e25-9bcf-ce9a1b75a391,Admission Success Blueprint,12/27/2023 16:46,txcd_20030000
ch_3OPSSxAKv6LsYLX23g5LbqBf,12/20/2023 16:17,48,0,usd,TRUE,44,0,usd,,2.24,Paid,Payment complete.,pm_1OPSSwAKv6LsYLX2KZHV8WbY,cus_PDuFDRFgoxpUF4,in_1OPST0AKv6LsYLX2Ms0FCZif,po_1OPbRdAKv6LsYLX25SpzZ528,dae443ce-10d3-46ac-b093-e1ae0eb26654,4b8c704c-863d-4e25-9bcf-ce9a1b75a391,Admission Success Blueprint,12/27/2023 16:46,txcd_20030000
ch_3OPRk8AKv6LsYLX20pzjB9Mb,12/20/2023 15:31,48,0,usd,TRUE,44,0,usd,,1.58,Paid,Payment complete.,pm_1OPRk7AKv6LsYLX2Sdlqw0TP,cus_PD8kmOLPyAbYX2,in_1OPRkCAKv6LsYLX2ncGPeSP7,po_1OPbRdAKv6LsYLX25SpzZ528,d8b64e76-c7a9-4c9d-b904-49d81557c23a,8c46a7cc-09e5-40d8-9584-33c0184298c6,College Essay Coaching,10/9/2023 8:57,txcd_20030000
ch_3OPQeHAKv6LsYLX21TOy9zMz,12/20/2023 14:21,14,0,usd,TRUE,10,0,usd,Subscription update,0.74,Paid,Payment complete.,pm_1OEXOBAKv6LsYLX2ntMw2SBa,cus_P2cbI4YfsNwCWr,in_1OPPhSAKv6LsYLX2F8o6QQzc,po_1OPbRdAKv6LsYLX25SpzZ528,,,,,
ch_3OPOPEAKv6LsYLX22bRLPK2E,12/20/2023 11:57,40.91,0,eur,TRUE,43.57,0,usd,,2.22,Paid,Payment complete.,pm_1OPOPEAKv6LsYLX29tdOT2tA,cus_OpzW2gJyB6b6cP,in_1OPOPIAKv6LsYLX2uhgITsDT,po_1OPbRdAKv6LsYLX25SpzZ528,7a56d0f1-a2e5-4e2e-b26c-948a9ad21cb2,c985f100-5645-48e3-8e3d-ceffbcc37a3d,College Application Bootcamp,12/27/2023 16:46,txcd_20030000
ch_3OPKVvAKv6LsYLX20CymcqCX,12/20/2023 7:48,48,0,usd,TRUE,44,0,usd,,1.58,Paid,Payment complete.,pm_1OPKVuAKv6LsYLX22E6QjUu5,cus_PDm3IYD0EfIiDR,in_1OPKVyAKv6LsYLX2aclfcZxK,po_1OPbRdAKv6LsYLX25SpzZ528,dae443ce-10d3-46ac-b093-e1ae0eb26654,4b8c704c-863d-4e25-9bcf-ce9a1b75a391,Admission Success Blueprint,12/27/2023 16:46,txcd_20030000
ch_3OPBq6AKv6LsYLX21ncmj6O0,12/19/2023 22:32,14,0,usd,TRUE,10,0,usd,Subscription update,0.74,Paid,Payment complete.,pm_1OEIavAKv6LsYLX2UkigvUJw,cus_P2NGeHrBH0c6qB,in_1OPAtTAKv6LsYLX2w82cZn0l,po_1OPEn1AKv6LsYLX2Bvqzzn9C,,,,,
ch_3OPBpFAKv6LsYLX23718CDgW,12/19/2023 22:31,369,0,usd,TRUE,349,0,usd,,15.66,Paid,Payment complete.,pm_1OPBpEAKv6LsYLX2D6Txvtmk,cus_PDKOIDCmnf0mTm,in_1OPBpHAKv6LsYLX2RdbXSX9t,po_1OPEn1AKv6LsYLX2Bvqzzn9C,f0f7a411-d78f-4c3a-abf2-4cce65097af4,40375dc9-7834-49eb-9103-745a5ef656cd,College Prep Masterclass,3/29/2020 3:57,txcd_20030000
ch_3OPA8WAKv6LsYLX20CUqYPEt,12/19/2023 20:43,14,0,usd,TRUE,10,0,usd,Subscription update,0.59,Paid,Payment complete.,pm_1OEGsOAKv6LsYLX21C3rzFS2,cus_P2LYa56j6n62Hg,in_1OP9BiAKv6LsYLX2VmdAba1F,po_1OPEn1AKv6LsYLX2Bvqzzn9C,,,,,
ch_3OP8qMAKv6LsYLX21KTbRCLd,12/19/2023 19:20,35.35,0,gbp,TRUE,43.57,0,usd,,2.22,Paid,Payment complete.,pm_1OP8qLAKv6LsYLX2kQmJzVT6,cus_PDZzVM7DmVaEqb,in_1OP8qPAKv6LsYLX2M6LfRsPO,po_1OPEn1AKv6LsYLX2Bvqzzn9C,dae443ce-10d3-46ac-b093-e1ae0eb26654,4b8c704c-863d-4e25-9bcf-ce9a1b75a391,Admission Success Blueprint,12/27/2023 16:46,txcd_20030000
ch_3OP8hjAKv6LsYLX228jqfDzm,12/19/2023 19:11,14,0,usd,TRUE,10,0,usd,Subscription update,0.59,Paid,Payment complete.,pm_1O30fdAKv6LsYLX2SNaOOzum,cus_Oqi53HZ2YBcec4,in_1OP7kdAKv6LsYLX22iEeQHNJ,po_1OPEn1AKv6LsYLX2Bvqzzn9C,,,,,
ch_3OP8f6AKv6LsYLX2074pErSg,12/19/2023 19:09,36,0,usd,TRUE,34,0,usd,,1.29,Paid,Payment complete.,pm_1OP8f5AKv6LsYLX2reHy69LY,cus_PDZlzyIksHNHvs,in_1OP8fAAKv6LsYLX26rCcssWl,po_1OPEn1AKv6LsYLX2Bvqzzn9C,c5712f31-b51f-4314-8b89-d3fb2af2e0e0,48dc9a13-5f13-4cb9-88e2-f6004bdaee4c,Scholarly Scholarships Guide,10/9/2023 8:47,txcd_20030000
ch_3OOyinAKv6LsYLX22XxEtVD2,12/19/2023 8:32,326.04,0,eur,TRUE,345.52,0,usd,,10.32,Paid,Payment complete.,pm_1OOyimAKv6LsYLX2HHG8HI5h,cus_PDPWW8JmjjzOOh,in_1OOyiqAKv6LsYLX211PC8Gyw,po_1OPEn1AKv6LsYLX2Bvqzzn9C,f0f7a411-d78f-4c3a-abf2-4cce65097af4,40375dc9-7834-49eb-9103-745a5ef656cd,College Prep Masterclass,3/29/2020 3:57,txcd_20030000
ch_3OOxtAAKv6LsYLX225eqDrJa,12/19/2023 7:38,41.11,0,eur,TRUE,43.57,0,usd,,2.22,Paid,Payment complete.,pm_1OOxtAAKv6LsYLX2rewqd8ro,cus_PDOfE8pcvnlU3A,in_1OOxtDAKv6LsYLX2na0MCaqp,po_1OPEn1AKv6LsYLX2Bvqzzn9C,dae443ce-10d3-46ac-b093-e1ae0eb26654,4b8c704c-863d-4e25-9bcf-ce9a1b75a391,Admission Success Blueprint,12/27/2023 16:46,txcd_20030000
ch_3OOxJtAKv6LsYLX21KK3OW43,12/19/2023 7:02,326.04,0,eur,TRUE,345.52,0,usd,,15.5,Paid,Payment complete.,pm_1OOxJtAKv6LsYLX2XvsPGlwO,cus_PDO2EsHZxhGprU,in_1OOxJyAKv6LsYLX2HStrW6ot,po_1OPEn1AKv6LsYLX2Bvqzzn9C,f0f7a411-d78f-4c3a-abf2-4cce65097af4,40375dc9-7834-49eb-9103-745a5ef656cd,College Prep Masterclass,3/29/2020 3:57,txcd_20030000
ch_3OOvYSAKv6LsYLX20KHD4ibF,12/19/2023 5:09,27,0,usd,TRUE,15,0,usd,Subscription creation,0.74,Paid,Payment complete.,pm_1OOvYRAKv6LsYLX2RkgKi3E6,cus_PDMC2eZQFDTZLV,in_1OOvYSAKv6LsYLX2uiAcrfrx,po_1OPEn1AKv6LsYLX2Bvqzzn9C,,,,,
ch_3OOvBZAKv6LsYLX22gHAikcz,12/19/2023 4:45,99.2,0,usd,TRUE,99.2,0,usd,,3.18,Paid,Payment complete.,pm_1OOvBZAKv6LsYLX2EaNQnQUy,cus_PDLrmCWK7ONlpC,in_1OOvBdAKv6LsYLX2Xt2WRFzT,po_1OPEn1AKv6LsYLX2Bvqzzn9C,0d86b3c9-fdb5-418a-83b9-cb45457a47d0,b7f7421a-3caf-4185-84f9-e254a4365528,College Admission Strategy Workshop,12/27/2023 16:46,txcd_20030000
ch_3OOuwhAKv6LsYLX20Ixpi9g0,12/19/2023 4:30,279.2,0,usd,TRUE,279.2,0,usd,,8.4,Paid,Payment complete.,pm_1OOuwhAKv6LsYLX2wHCm5RMt,cus_P53SZTBrCIgpwZ,in_1OOuwkAKv6LsYLX2r31ENc8B,po_1OPEn1AKv6LsYLX2Bvqzzn9C,f0f7a411-d78f-4c3a-abf2-4cce65097af4,40375dc9-7834-49eb-9103-745a5ef656cd,College Prep Masterclass,3/29/2020 3:57,txcd_20030000
ch_3OOuwaAKv6LsYLX21ZeedgXh,12/19/2023 4:30,279.2,0,usd,TRUE,159.2,0,usd,,4.92,Paid,Payment complete.,pm_1OOuwZAKv6LsYLX2BPImTE8t,cus_PDLa69TMteaI8j,in_1OOuwdAKv6LsYLX2SvpfyKmx,po_1OPEn1AKv6LsYLX2Bvqzzn9C,25fdcdc9-4f82-4374-a62c-7d323f543a03,201283c3-5723-4e02-9d18-d9ff952d0d07,Elite College Prep Package,10/9/2022 8:25,txcd_20030000
ch_3OOus4AKv6LsYLX20CIOveNS,12/19/2023 4:25,279.2,0,usd,TRUE,279.2,0,usd,,8.4,Paid,Payment complete.,pm_1OOus4AKv6LsYLX2Jap0Ye8B,cus_PDLXwOguNAYKBU,in_1OOus8AKv6LsYLX2UYu8nM4e,po_1OPEn1AKv6LsYLX2Bvqzzn9C,f0f7a411-d78f-4c3a-abf2-4cce65097af4,40375dc9-7834-49eb-9103-745a5ef656cd,College Prep Masterclass,3/29/2020 3:57,txcd_20030000
ch_3OOu59AKv6LsYLX20YH1hvYS,12/19/2023 3:35,99.2,0,usd,TRUE,99.2,0,usd,,3.18,Paid,Payment complete.,pm_1OOu58AKv6LsYLX272P0OwBf,cus_PB2BxyXMNQFppM,in_1OOu5DAKv6LsYLX29rshMTyP,po_1OPEn1AKv6LsYLX2Bvqzzn9C,0d86b3c9-fdb5-418a-83b9-cb45457a47d0,b7f7421a-3caf-4185-84f9-e254a4365528,College Admission Strategy Workshop,12/27/2023 16:46,txcd_20030000
ch_3OOtwlAKv6LsYLX20FZmOx1R,12/19/2023 3:26,35.2,0,usd,TRUE,35.2,0,usd,,1.32,Paid,Payment complete.,pm_1OOtwlAKv6LsYLX2aDxohAUd,cus_PDKbumoJEI5tIX,in_1OOtwoAKv6LsYLX2y6BSSXcl,po_1OPEn1AKv6LsYLX2Bvqzzn9C,dae443ce-10d3-46ac-b093-e1ae0eb26654,4b8c704c-863d-4e25-9bcf-ce9a1b75a391,Admission Success Blueprint,12/27/2023 16:46,txcd_20030000
ch_3OOtuvAKv6LsYLX23erW717g,12/19/2023 3:24,279.2,0,usd,TRUE,279.2,0,usd,,8.4,Paid,Payment complete.,pm_1OOtuvAKv6LsYLX2D8G3YmkH,cus_PDKY2yE8oLfSMq,in_1OOtuzAKv6LsYLX2CRzaoKsJ,po_1OPEn1AKv6LsYLX2Bvqzzn9C,f0f7a411-d78f-4c3a-abf2-4cce65097af4,40375dc9-7834-49eb-9103-745a5ef656cd,College Prep Masterclass,3/29/2020 3:57,txcd_20030000
ch_3OOthMAKv6LsYLX23XebnbVI,12/19/2023 3:10,279.2,0,usd,TRUE,279.2,0,usd,,8.4,Paid,Payment complete.,pm_1OOthLAKv6LsYLX2zVNZNDg4,cus_PDKHQFnHUMppGO,in_1OOthQAKv6LsYLX2w9wcWfPc,po_1OPEn1AKv6LsYLX2Bvqzzn9C,f0f7a411-d78f-4c3a-abf2-4cce65097af4,40375dc9-7834-49eb-9103-745a5ef656cd,College Prep Masterclass,3/29/2020 3:57,txcd_20030000
ch_3OOtD9AKv6LsYLX21OB0ppe3,12/19/2023 3:01,279.2,0,usd,TRUE,279.2,0,usd,,12.58,Paid,Payment complete.,pm_1OOtZ1AKv6LsYLX2Pvtr0rzx,cus_PAWA5oW9GZEbYB,in_1OOtZ5AKv6LsYLX2E7Cl5s5t,po_1OPEn1AKv6LsYLX2Bvqzzn9C,f0f7a411-d78f-4c3a-abf2-4cce65097af4,40375dc9-7834-49eb-9103-745a5ef656cd,College Prep Masterclass,3/29/2020 3:57,txcd_20030000
ch_3OOtYzAKv6LsYLX23q9S615X,12/19/2023 3:01,279.2,0,usd,TRUE,279.2,0,usd,,8.4,Paid,Payment complete.,pm_1OOtYzAKv6LsYLX2qVeeGjEJ,cus_P922ej3JLBy4lU,in_1OOtZ3AKv6LsYLX22EgTn53S,po_1OPEn1AKv6LsYLX2Bvqzzn9C,f0f7a411-d78f-4c3a-abf2-4cce65097af4,40375dc9-7834-49eb-9103-745a5ef656cd,College Prep Masterclass,3/29/2020 3:57,txcd_20030000
ch_3OOtOyAKv6LsYLX23YZSNhFU,12/19/2023 2:51,279.2,0,usd,TRUE,279.2,0,usd,,12.58,Paid,Payment complete.,pm_1OOtOyAKv6LsYLX2YQSwqiAz,cus_PDJuClfDqltgAU,in_1OOtP2AKv6LsYLX2O98YzlX0,po_1OPEn1AKv6LsYLX2Bvqzzn9C,f0f7a411-d78f-4c3a-abf2-4cce65097af4,40375dc9-7834-49eb-9103-745a5ef656cd,College Prep Masterclass,3/29/2020 3:57,txcd_20030000
ch_3OOtCMAKv6LsYLX22VPh0j2Z,12/19/2023 2:38,279.2,0,usd,TRUE,279.2,0,usd,,8.4,Paid,Payment complete.,pm_1OOtCMAKv6LsYLX22BYml1H2,cus_OsdUROYsWf1uu9,in_1OOtCQAKv6LsYLX26H8ztx5U,po_1OPEn1AKv6LsYLX2Bvqzzn9C,f0f7a411-d78f-4c3a-abf2-4cce65097af4,40375dc9-7834-49eb-9103-745a5ef656cd,College Prep Masterclass,3/29/2020 3:57,txcd_20030000
ch_3OOtAzAKv6LsYLX23yFdqXgP,12/19/2023 2:36,279.2,0,usd,TRUE,279.2,0,usd,,8.4,Paid,Payment complete.,pm_1OOtAyAKv6LsYLX2Tz8U61wK,cus_PCqlA6zrSicSUa,in_1OOtB2AKv6LsYLX2R0VESzVc,po_1OPEn1AKv6LsYLX2Bvqzzn9C,f0f7a411-d78f-4c3a-abf2-4cce65097af4,40375dc9-7834-49eb-9103-745a5ef656cd,College Prep Masterclass,3/29/2020 3:57,txcd_20030000
ch_3OOsTAAKv6LsYLX20lpACL35,12/19/2023 1:51,48.13,0,cad,TRUE,34.85,0,usd,,1.83,Paid,Payment complete.,pm_1OOsTAAKv6LsYLX2nG72FGJE,cus_PDIwBOatqGL7US,in_1OOsTEAKv6LsYLX2hFtYU7PM,po_1OPEn1AKv6LsYLX2Bvqzzn9C,dae443ce-10d3-46ac-b093-e1ae0eb26654,4b8c704c-863d-4e25-9bcf-ce9a1b75a391,Admission Success Blueprint,12/27/2023 16:46,txcd_20030000
ch_3OMs5eAKv6LsYLX23OJ60dMV,12/13/2023 13:03,279.2,0,usd,TRUE,279.2,0,usd,,12.58,Paid,Payment complete.,pm_1OMs5dAKv6LsYLX2oOHJtHJx,cus_PBEUiViX1g9k1t,in_1OMs5iAKv6LsYLX24AfF9s73,po_1ON42PAKv6LsYLX24lFYTZ0Y,f0f7a411-d78f-4c3a-abf2-4cce65097af4,40375dc9-7834-49eb-9103-745a5ef656cd,College Prep Masterclass,3/29/2020 3:57,txcd_20030000
ch_3OMs5eAKv6LsYLX23k8Ixnnp,12/13/2023 13:03,27,0,usd,TRUE,15,0,usd,Subscription creation,0.96,Paid,Payment complete.,pm_1OMs5dAKv6LsYLX2thLJ1xZ4,cus_PBEXJikpoKy8j8,in_1OMs5eAKv6LsYLX2ETQYHKH8,po_1ON42PAKv6LsYLX24lFYTZ0Y,,,,,
ch_3OMpyaAKv6LsYLX21nH1pXIL,12/13/2023 10:50,263.89,0,eur,TRUE,276.42,0,usd,,8.32,Paid,Payment complete.,pm_1OMq16AKv6LsYLX2CIgcd3jA,cus_P9O4RXovkvGAfl,in_1OMq1BAKv6LsYLX2sNljSujV,po_1ON42PAKv6LsYLX24lFYTZ0Y,f0f7a411-d78f-4c3a-abf2-4cce65097af4,40375dc9-7834-49eb-9103-745a5ef656cd,College Prep Masterclass,3/29/2020 3:57,txcd_20030000
ch_3OMoXcAKv6LsYLX21NNLJhrH,12/13/2023 9:15,12,0,usd,TRUE,12,0,usd,Subscription creation,0.83,Paid,Payment complete.,pm_1OMoXaAKv6LsYLX2qCBjAi4m,cus_PBAsUYqvz13wxT,in_1OMoXbAKv6LsYLX2dlYYIH4E,po_1ON42PAKv6LsYLX24lFYTZ0Y,,,,,
ch_3OMlpAAKv6LsYLX238qJ1UZf,12/13/2023 6:24,279.2,0,usd,TRUE,279.2,0,usd,,8.4,Paid,Payment complete.,pm_1OMlroAKv6LsYLX23NmXfxzH,cus_PAWmWGmZusRW73,in_1OMlrrAKv6LsYLX2IkfGpzhQ,po_1ON42PAKv6LsYLX24lFYTZ0Y,f0f7a411-d78f-4c3a-abf2-4cce65097af4,40375dc9-7834-49eb-9103-745a5ef656cd,College Prep Masterclass,3/29/2020 3:57,txcd_20030000
ch_3OMlS1AKv6LsYLX23gEg8VFW,12/13/2023 6:14,2995.48,0,inr,TRUE,34.85,0,usd,,1.83,Paid,Payment complete.,pm_1OMliRAKv6LsYLX2n6m6YkRT,cus_PAvTzS8dBMjH8g,in_1OMliiAKv6LsYLX2fvzuhNCK,po_1ON42PAKv6LsYLX24lFYTZ0Y,7a56d0f1-a2e5-4e2e-b26c-948a9ad21cb2,c985f100-5645-48e3-8e3d-ceffbcc37a3d,College Application Bootcamp,12/27/2023 16:46,txcd_20030000
ch_3OMk6uAKv6LsYLX22WtPb8Yg,12/13/2023 4:31,14,0,usd,TRUE,10,0,usd,Subscription update,0.59,Paid,Payment complete.,pm_1O0c3ZAKv6LsYLX2aaZYAkwU,cus_OoEVEV1afXaoX9,in_1OMjA5AKv6LsYLX2VIitAZuf,po_1ON42PAKv6LsYLX24lFYTZ0Y,,,,,
ch_3OMk3YAKv6LsYLX20glgBLI0,12/13/2023 4:28,279.2,0,usd,TRUE,279.2,0,usd,,8.4,Paid,Payment complete.,pm_1OMk3YAKv6LsYLX22D8aEq1H,cus_PB6DWIlnl3R2fI,in_1OMk3cAKv6LsYLX2QSvgHCtb,po_1ON42PAKv6LsYLX24lFYTZ0Y,f0f7a411-d78f-4c3a-abf2-4cce65097af4,40375dc9-7834-49eb-9103-745a5ef656cd,College Prep Masterclass,3/29/2020 3:57,txcd_20030000
ch_3OMjoCAKv6LsYLX21Jp0pbXk,12/13/2023 4:12,35.2,0,usd,TRUE,35.2,0,usd,,1.32,Paid,Payment complete.,pm_1OMjoCAKv6LsYLX2HE4MoDex,cus_PB5tnjAUGrzXS5,in_1OMjoGAKv6LsYLX2klmITLvY,po_1ON42PAKv6LsYLX24lFYTZ0Y,dae443ce-10d3-46ac-b093-e1ae0eb26654,4b8c704c-863d-4e25-9bcf-ce9a1b75a391,Admission Success Blueprint,12/27/2023 16:46,txcd_20030000
ch_3OMiwbAKv6LsYLX20j4xrkL3,12/13/2023 3:17,14,0,usd,TRUE,10,0,usd,Subscription update,0.59,Paid,Payment complete.,pm_1O0asnAKv6LsYLX2Gt90qRaP,cus_OoDIHUjqdaxF8K,in_1OMhzQAKv6LsYLX2BzRDa0c7,po_1ON42PAKv6LsYLX24lFYTZ0Y,,,,,
ch_3OMiu6AKv6LsYLX20VQiNlVh,12/13/2023 3:14,124,0,usd,TRUE,124,0,usd,,3.9,Paid,Payment complete.,pm_1OMiu5AKv6LsYLX26k8LinPN,cus_PB4tJRs4HRMOyI,in_1OMiu9AKv6LsYLX2aNXt79Oh,po_1ON42PAKv6LsYLX24lFYTZ0Y,0d86b3c9-fdb5-418a-83b9-cb45457a47d0,b7f7421a-3caf-4185-84f9-e254a4365528,College Admission Strategy Workshop,12/27/2023 16:46,txcd_20030000
ch_3OMiZJAKv6LsYLX224XSvEYT,12/13/2023 2:53,12,0,usd,TRUE,12,0,usd,Subscription creation,0.65,Paid,Payment complete.,pm_1OMiZIAKv6LsYLX2UTqgzu5W,cus_PB4h7xxysVFh1X,in_1OMiZIAKv6LsYLX2vMZUc0Fh,po_1ON42PAKv6LsYLX24lFYTZ0Y,,,,,
ch_3OMiWCAKv6LsYLX22nw5JiRA,12/13/2023 2:49,279.2,0,usd,TRUE,279.2,0,usd,,8.4,Paid,Payment complete.,pm_1OMiWBAKv6LsYLX2zpy8DBMO,cus_PAZdZ87bKiA6mm,in_1OMiWFAKv6LsYLX23hRn0m4I,po_1ON42PAKv6LsYLX24lFYTZ0Y,f0f7a411-d78f-4c3a-abf2-4cce65097af4,40375dc9-7834-49eb-9103-745a5ef656cd,College Prep Masterclass,3/29/2020 3:57,txcd_20030000
ch_3OMiK2AKv6LsYLX22DmH1RWl,12/13/2023 2:37,387.21,0,cad,TRUE,276.41,0,usd,,12.46,Paid,Payment complete.,pm_1OMiK1AKv6LsYLX2pvhvmvKu,cus_PB4QJG98JPzIlW,in_1OMiK6AKv6LsYLX2IFdzQtTw,po_1ON42PAKv6LsYLX24lFYTZ0Y,f0f7a411-d78f-4c3a-abf2-4cce65097af4,40375dc9-7834-49eb-9103-745a5ef656cd,College Prep Masterclass,3/29/2020 3:57,txcd_20030000
ch_3OMhlsAKv6LsYLX23uzo52Qu,12/13/2023 2:02,12,0,usd,TRUE,12,0,usd,Subscription creation,0.65,Paid,Payment complete.,pm_1OMhlrAKv6LsYLX2LPhlbEiJ,cus_PB3k2iMlDzNMx8,in_1OMhlsAKv6LsYLX28GJiELcF,po_1ON42PAKv6LsYLX24lFYTZ0Y,,,,,
ch_3OMgaaAKv6LsYLX21mi5j6Fg,12/13/2023 0:46,14,0,usd,TRUE,10,0,usd,Subscription update,0.74,Paid,Payment complete.,pm_1O0YYEAKv6LsYLX2ryj9mVnr,cus_OoApkHOib7kaaP,in_1OMfdmAKv6LsYLX2l5VCxRJu,po_1ON42PAKv6LsYLX24lFYTZ0Y,,,,,
ch_3OMgLnAKv6LsYLX22vcBiwaH,12/13/2023 0:30,14,0,usd,TRUE,10,0,usd,Subscription update,0.74,Paid,Payment complete.,pm_1O0YJfAKv6LsYLX2wbqEjONT,cus_OoAc5442gvQyIw,in_1OMfPIAKv6LsYLX2e5XY1pA2,po_1ON42PAKv6LsYLX24lFYTZ0Y,,,,,
ch_3OMgJgAKv6LsYLX21XAXPGdw,12/13/2023 0:28,14,0,usd,TRUE,10,0,usd,Subscription update,0.59,Paid,Payment complete.,pm_1O0YHnAKv6LsYLX2Vlt3AsJy,cus_OoAaJtTBXvijVj,in_1OMfMtAKv6LsYLX2LojRCCLc,po_1ON42PAKv6LsYLX24lFYTZ0Y,,,,,
ch_3OMfuXAKv6LsYLX2369heHR4,12/13/2023 0:02,279.2,0,usd,TRUE,279.2,0,usd,,8.4,Paid,Payment complete.,pm_1OMfuXAKv6LsYLX2I75HkPwd,cus_PB1vjZxqgvr58j,in_1OMfubAKv6LsYLX2y1T0eQJP,po_1ON42PAKv6LsYLX24lFYTZ0Y,f0f7a411-d78f-4c3a-abf2-4cce65097af4,40375dc9-7834-49eb-9103-745a5ef656cd,College Prep Masterclass,3/29/2020 3:57,txcd_20030000
ch_3OMfDOAKv6LsYLX22lmTzmIs,12/12/2023 23:18,279.2,0,usd,TRUE,279.2,0,usd,,8.4,Paid,Payment complete.,pm_1OMfDwAKv6LsYLX2wN9FxAek,cus_PB1Eo5Umg9uRR9,in_1OMfDzAKv6LsYLX2YMnWtkRf,po_1OMhRnAKv6LsYLX2AkZOJTJd,f0f7a411-d78f-4c3a-abf2-4cce65097af4,40375dc9-7834-49eb-9103-745a5ef656cd,College Prep Masterclass,3/29/2020 3:57,txcd_20030000
ch_3OMfBIAKv6LsYLX20aVjVjtu,12/12/2023 23:16,14,0,usd,TRUE,10,0,usd,Subscription update,0.74,Paid,Payment complete.,pm_1O0X9iAKv6LsYLX28ouRT2xi,cus_Oo9Q5w1bPutOob,in_1OMeF3AKv6LsYLX2LuqkGNTs,po_1OMhRnAKv6LsYLX2AkZOJTJd,,,,,
ch_3OMedaAKv6LsYLX23RPk4h0z,12/12/2023 22:41,99.2,0,usd,TRUE,99.2,0,usd,,3.18,Paid,Payment complete.,pm_1OMedZAKv6LsYLX2GLMySKCD,cus_OuOM1OMD7eGRON,in_1OMedeAKv6LsYLX2B4asAbzq,po_1OMhRnAKv6LsYLX2AkZOJTJd,0d86b3c9-fdb5-418a-83b9-cb45457a47d0,b7f7421a-3caf-4185-84f9-e254a4365528,College Admission Strategy Workshop,12/27/2023 16:46,txcd_20030000
ch_3OMeLyAKv6LsYLX22nA4Ha4s,12/12/2023 22:23,14,0,usd,TRUE,10,0,usd,Subscription update,0.59,Paid,Payment complete.,pm_1O0WKdAKv6LsYLX259V6hY9Q,cus_Oo8aYfml5VEvhW,in_1OMdPSAKv6LsYLX2luVuOcLa,po_1OMhRnAKv6LsYLX2AkZOJTJd,,,,,
ch_3OMdjHAKv6LsYLX23r6uSxCS,12/12/2023 21:43,279.2,0,usd,TRUE,279.2,0,usd,,8.4,Paid,Payment complete.,pm_1OMdjGAKv6LsYLX2unr4Pu0h,cus_PAs2pYNPt30jIT,in_1OMdjLAKv6LsYLX250WqgAYm,po_1OMhRnAKv6LsYLX2AkZOJTJd,f0f7a411-d78f-4c3a-abf2-4cce65097af4,40375dc9-7834-49eb-9103-745a5ef656cd,College Prep Masterclass,3/29/2020 3:57,txcd_20030000
ch_3OMcwoAKv6LsYLX23TV65Fkb,12/12/2023 20:52,27,0,usd,TRUE,15,0,usd,Subscription creation,0.74,Paid,Payment complete.,pm_1OMcwnAKv6LsYLX2lEH1L03B,cus_PAysS2GbSXhjz7,in_1OMcwnAKv6LsYLX2sncMSiq3,po_1OMhRnAKv6LsYLX2AkZOJTJd,,,,,
ch_3OMcmaAKv6LsYLX21bZtmvu2,12/12/2023 20:42,36,0,usd,TRUE,34,0,usd,,1.29,Paid,Payment complete.,pm_1OMb8SAKv6LsYLX2eKrYA4Nc,cus_PAx0oo2Omg0VlQ,in_1OMcmdAKv6LsYLX2qmJHogeM,po_1OMhRnAKv6LsYLX2AkZOJTJd,c5712f31-b51f-4314-8b89-d3fb2af2e0e0,48dc9a13-5f13-4cb9-88e2-f6004bdaee4c,Scholarly Scholarships Guide,10/9/2023 8:47,txcd_20030000
ch_3OMcftAKv6LsYLX21wceqlZt,12/12/2023 20:35,279.2,0,usd,TRUE,279.2,0,usd,,8.4,Paid,Payment complete.,pm_1OMcfsAKv6LsYLX2voEm5OUE,cus_PAvnFtLVanLgAP,in_1OMcfxAKv6LsYLX2UOs3zoTo,po_1OMhRnAKv6LsYLX2AkZOJTJd,f0f7a411-d78f-4c3a-abf2-4cce65097af4,40375dc9-7834-49eb-9103-745a5ef656cd,College Prep Masterclass,3/29/2020 3:57,txcd_20030000
ch_3OMcRtAKv6LsYLX21zjNUAYb,12/12/2023 20:21,12,0,usd,TRUE,12,0,usd,Subscription creation,0.65,Paid,Payment complete.,pm_1OMcRsAKv6LsYLX20frxbuS4,cus_PAv6AiwO7W0a7Q,in_1OMcRtAKv6LsYLX2Bq5JF37K,po_1OMhRnAKv6LsYLX2AkZOJTJd,,,,,
ch_3OMbkUAKv6LsYLX20xoHMxnj,12/12/2023 19:36,14,0,usd,TRUE,10,0,usd,Subscription update,0.59,Paid,Payment complete.,pm_1O0TiaAKv6LsYLX2PeWMGu8n,cus_Oo5t9RKqWrXnGV,in_1OManyAKv6LsYLX2BngRaWsV,po_1OMhRnAKv6LsYLX2AkZOJTJd,,,,,
ch_3OMb8UAKv6LsYLX23XPZPY90,12/12/2023 18:56,27,0,usd,TRUE,15,0,usd,Subscription creation,0.74,Paid,Payment complete.,pm_1OMb8SAKv6LsYLX2eKrYA4Nc,cus_PAx0oo2Omg0VlQ,in_1OMb8TAKv6LsYLX23jXqiOsI,po_1OMhRnAKv6LsYLX2AkZOJTJd,,,,,
ch_3OMb1pAKv6LsYLX20ed1N98Z,12/12/2023 18:50,14,0,usd,TRUE,10,0,usd,Subscription update,0.59,Paid,Payment complete.,pm_1O0Sz3AKv6LsYLX20uS94Aol,cus_Oo58MTfypBZf1h,in_1OMa4fAKv6LsYLX20N6q04ZK,po_1OMhRnAKv6LsYLX2AkZOJTJd,,,,,
ch_3OMawEAKv6LsYLX22R7CZvWE,12/12/2023 18:44,279.2,0,usd,TRUE,279.2,0,usd,,8.4,Paid,Payment complete.,pm_1OMavxAKv6LsYLX286m5xOjt,cus_PAwdLadxtchRnA,in_1OMawHAKv6LsYLX2yjE8WZLC,po_1OMhRnAKv6LsYLX2AkZOJTJd,f0f7a411-d78f-4c3a-abf2-4cce65097af4,40375dc9-7834-49eb-9103-745a5ef656cd,College Prep Masterclass,3/29/2020 3:57,txcd_20030000
ch_3OMasnAKv6LsYLX21PFm5xCk,12/12/2023 18:40,48,0,usd,TRUE,44,0,usd,,1.58,Paid,Payment complete.,pm_1OMasmAKv6LsYLX2RMs4AFQQ,cus_PAX77WFedNQXM8,in_1OMasrAKv6LsYLX29550Jdsy,po_1OMhRnAKv6LsYLX2AkZOJTJd,d8b64e76-c7a9-4c9d-b904-49d81557c23a,8c46a7cc-09e5-40d8-9584-33c0184298c6,College Essay Coaching,10/9/2023 8:57,txcd_20030000
ch_3OMafWAKv6LsYLX238BmjzCP,12/12/2023 18:26,28.58,0,gbp,TRUE,34.86,0,usd,,1.83,Paid,Payment complete.,pm_1OMafVAKv6LsYLX2kzoaCd04,cus_PAwXSF0o01VciM,in_1OMafbAKv6LsYLX2waqKEkZn,po_1OMhRnAKv6LsYLX2AkZOJTJd,dae443ce-10d3-46ac-b093-e1ae0eb26654,4b8c704c-863d-4e25-9bcf-ce9a1b75a391,Admission Success Blueprint,12/27/2023 16:46,txcd_20030000
ch_3OMZhWAKv6LsYLX20LdAnDSR,12/12/2023 17:25,279.2,0,usd,TRUE,279.2,0,usd,,8.4,Paid,Payment complete.,pm_1OMZhWAKv6LsYLX2Jo1Ywcxa,cus_PAvTXJxv6RMKNJ,in_1OMZhaAKv6LsYLX2SNiAXuLX,po_1OMhRnAKv6LsYLX2AkZOJTJd,f0f7a411-d78f-4c3a-abf2-4cce65097af4,40375dc9-7834-49eb-9103-745a5ef656cd,College Prep Masterclass,3/29/2020 3:57,txcd_20030000
ch_3OMZGJAKv6LsYLX23Hbif9oJ,12/12/2023 16:56,99.2,0,usd,TRUE,99.2,0,usd,,3.18,Paid,Payment complete.,pm_1OMZGFAKv6LsYLX2YajDn1Al,cus_PAurpIfVyjABNg,in_1OMZGNAKv6LsYLX2hw0JDlWE,po_1OMhRnAKv6LsYLX2AkZOJTJd,0d86b3c9-fdb5-418a-83b9-cb45457a47d0,b7f7421a-3caf-4185-84f9-e254a4365528,College Admission Strategy Workshop,12/27/2023 16:46,txcd_20030000
ch_3OMXk1AKv6LsYLX23SaCcJAt,12/12/2023 15:19,35.2,0,usd,TRUE,35.2,0,usd,,1.32,Paid,Payment complete.,pm_1OMXk1AKv6LsYLX2QetOG9JO,cus_PAtVkrNphj1xj3,in_1OMXk5AKv6LsYLX2YTUXTA3z,po_1OMhRnAKv6LsYLX2AkZOJTJd,dae443ce-10d3-46ac-b093-e1ae0eb26654,4b8c704c-863d-4e25-9bcf-ce9a1b75a391,Admission Success Blueprint,12/27/2023 16:46,txcd_20030000
ch_3OMXZQAKv6LsYLX20A6TVcf3,12/12/2023 15:08,35.72,0,gbp,TRUE,43.57,0,usd,,2.22,Paid,Payment complete.,pm_1OMXZQAKv6LsYLX21zXNceWA,cus_PAtJtRw0C1rKwz,in_1OMXZTAKv6LsYLX2VDKZPw2s,po_1OMhRnAKv6LsYLX2AkZOJTJd,d8b64e76-c7a9-4c9d-b904-49d81557c23a,8c46a7cc-09e5-40d8-9584-33c0184298c6,College Essay Coaching,10/9/2023 8:57,txcd_20030000
ch_3OMWyGAKv6LsYLX21vFEHDdx,12/12/2023 14:30,279.2,0,usd,TRUE,279.2,0,usd,,8.4,Paid,Payment complete.,pm_1OMWyGAKv6LsYLX26hIG1Wz8,cus_PAsgGkZXaphRex,in_1OMWyKAKv6LsYLX2drI3JeZO,po_1OMhRnAKv6LsYLX2AkZOJTJd,f0f7a411-d78f-4c3a-abf2-4cce65097af4,40375dc9-7834-49eb-9103-745a5ef656cd,College Prep Masterclass,3/29/2020 3:57,txcd_20030000
ch_3OMWvLAKv6LsYLX21IjMd0j0,12/12/2023 14:27,28.58,0,gbp,TRUE,34.86,0,usd,,1.83,Paid,Payment complete.,pm_1OMWvKAKv6LsYLX2PPXro0MH,cus_OpZFLgpwnqkvlt,in_1OMWvPAKv6LsYLX2ToI8aghd,po_1OMhRnAKv6LsYLX2AkZOJTJd,7a56d0f1-a2e5-4e2e-b26c-948a9ad21cb2,c985f100-5645-48e3-8e3d-ceffbcc37a3d,College Application Bootcamp,12/27/2023 16:46,txcd_20030000
ch_3OMWrsAKv6LsYLX2156LDps8,12/12/2023 14:23,279.2,0,usd,TRUE,279.2,0,usd,,12.58,Paid,Payment complete.,pm_1OMWrrAKv6LsYLX2PsthXkmD,cus_PAjeHYYIh9yrtp,in_1OMWrvAKv6LsYLX2qnQpWqND,po_1OMhRnAKv6LsYLX2AkZOJTJd,f0f7a411-d78f-4c3a-abf2-4cce65097af4,40375dc9-7834-49eb-9103-745a5ef656cd,College Prep Masterclass,3/29/2020 3:57,txcd_20030000
ch_3OMWb0AKv6LsYLX23lHWkGcZ,12/12/2023 14:06,279.2,0,usd,TRUE,279.2,0,usd,,8.4,Paid,Payment complete.,pm_1OMWb0AKv6LsYLX2D6FvwREc,cus_PAsJJhSq5qVd7m,in_1OMWb4AKv6LsYLX2cYRmbFW8,po_1OMhRnAKv6LsYLX2AkZOJTJd,f0f7a411-d78f-4c3a-abf2-4cce65097af4,40375dc9-7834-49eb-9103-745a5ef656cd,College Prep Masterclass,3/29/2020 3:57,txcd_20030000
ch_3OMWS3AKv6LsYLX22waSpqRD,12/12/2023 13:56,93.75,0,eur,TRUE,98.21,0,usd,,4.62,Paid,Payment complete.,pm_1OMWS3AKv6LsYLX2Sul0vujt,cus_PAsBazqFqQqkhh,in_1OMWS7AKv6LsYLX2TzQHxAG5,po_1OMhRnAKv6LsYLX2AkZOJTJd,0d86b3c9-fdb5-418a-83b9-cb45457a47d0,b7f7421a-3caf-4185-84f9-e254a4365528,College Admission Strategy Workshop,12/27/2023 16:46,txcd_20030000
ch_3OMV0tAKv6LsYLX23WN2IQL2,12/12/2023 12:24,54.51,0,aud,TRUE,34.85,0,usd,,1.83,Paid,Payment complete.,pm_1OMV0sAKv6LsYLX2VIpXnHrJ,cus_P5Twbx1xo8Efm5,in_1OMV11AKv6LsYLX2cuJBsWC6,po_1OMhRnAKv6LsYLX2AkZOJTJd,7a56d0f1-a2e5-4e2e-b26c-948a9ad21cb2,c985f100-5645-48e3-8e3d-ceffbcc37a3d,College Application Bootcamp,12/27/2023 16:46,txcd_20030000
ch_3OMU9vAKv6LsYLX21kuHSV7G,12/12/2023 11:30,279.2,0,usd,TRUE,279.2,0,usd,,12.58,Paid,Payment complete.,pm_1OMU9vAKv6LsYLX2awXKkat1,cus_PApnW0BqZtyMUS,in_1OMUA8AKv6LsYLX2xU86EYYH,po_1OMhRnAKv6LsYLX2AkZOJTJd,f0f7a411-d78f-4c3a-abf2-4cce65097af4,40375dc9-7834-49eb-9103-745a5ef656cd,College Prep Masterclass,3/29/2020 3:57,txcd_20030000
ch_3OMTOjAKv6LsYLX234bfqo1H,12/12/2023 10:41,279.2,0,usd,TRUE,279.2,0,usd,,8.4,Paid,Payment complete.,pm_1OMTOiAKv6LsYLX2Vy2aAVfy,cus_PAXJz1SHYY5Vkk,in_1OMTOmAKv6LsYLX2g0zR2kQb,po_1OMhRnAKv6LsYLX2AkZOJTJd,f0f7a411-d78f-4c3a-abf2-4cce65097af4,40375dc9-7834-49eb-9103-745a5ef656cd,College Prep Masterclass,3/29/2020 3:57,txcd_20030000
ch_3OMPZ8AKv6LsYLX22ZDU2Sm4,12/12/2023 6:35,279.2,0,usd,TRUE,279.2,0,usd,,12.58,Paid,Payment complete.,pm_1OMPZ8AKv6LsYLX2HjmPKoJL,cus_PAkZgPv23ElreW,in_1OMPZCAKv6LsYLX26tY5WGZ6,po_1OMhRnAKv6LsYLX2AkZOJTJd,f0f7a411-d78f-4c3a-abf2-4cce65097af4,40375dc9-7834-49eb-9103-745a5ef656cd,College Prep Masterclass,3/29/2020 3:57,txcd_20030000
ch_3OMOp6AKv6LsYLX23flqmMFJ,12/12/2023 5:48,279.2,0,usd,TRUE,279.2,0,usd,,8.4,Paid,Payment complete.,pm_1OMOp6AKv6LsYLX2HLQcTXep,cus_PAkG7Uy8xmGeOI,in_1OMOpAAKv6LsYLX2jHShUky7,po_1OMhRnAKv6LsYLX2AkZOJTJd,f0f7a411-d78f-4c3a-abf2-4cce65097af4,40375dc9-7834-49eb-9103-745a5ef656cd,College Prep Masterclass,3/29/2020 3:57,txcd_20030000
ch_3OMNRSAKv6LsYLX20cx8QL2l,12/12/2023 4:19,12,0,usd,TRUE,12,0,usd,Subscription creation,0.65,Paid,Payment complete.,pm_1OMNRRAKv6LsYLX2YEOwjI9B,cus_PAis9gyPR57HbV,in_1OMNRRAKv6LsYLX2NzC7oGYx,po_1OMhRnAKv6LsYLX2AkZOJTJd,,,,,
ch_3OMN8qAKv6LsYLX20zdkwb5C,12/12/2023 4:00,35.2,0,usd,TRUE,35.2,0,usd,,1.85,Paid,Payment complete.,pm_1OMN8pAKv6LsYLX2Z8DDAd7v,cus_PAhiLTFuGSvzky,in_1OMN8uAKv6LsYLX2fbDFes0l,po_1OMhRnAKv6LsYLX2AkZOJTJd,dae443ce-10d3-46ac-b093-e1ae0eb26654,4b8c704c-863d-4e25-9bcf-ce9a1b75a391,Admission Success Blueprint,12/27/2023 16:46,txcd_20030000
ch_3OMMyJAKv6LsYLX20JAPboWn,12/12/2023 3:49,279.2,0,usd,TRUE,279.2,0,usd,,8.4,Paid,Payment complete.,pm_1OMMyIAKv6LsYLX283u4YP8r,cus_PAiNqi1TzADyYG,in_1OMMyNAKv6LsYLX2ycz97Xpt,po_1OMhRnAKv6LsYLX2AkZOJTJd,f0f7a411-d78f-4c3a-abf2-4cce65097af4,40375dc9-7834-49eb-9103-745a5ef656cd,College Prep Masterclass,3/29/2020 3:57,txcd_20030000
ch_3OMMtyAKv6LsYLX20bWKBN9Z,12/12/2023 3:44,99.2,0,usd,TRUE,99.2,0,usd,,3.18,Paid,Payment complete.,pm_1OMMtyAKv6LsYLX2l6fD6AI3,cus_PAiITZwdVc29rx,in_1OMMu2AKv6LsYLX2eA33PyZv,po_1OMhRnAKv6LsYLX2AkZOJTJd,0d86b3c9-fdb5-418a-83b9-cb45457a47d0,b7f7421a-3caf-4185-84f9-e254a4365528,College Admission Strategy Workshop,12/27/2023 16:46,txcd_20030000
ch_3OMMacAKv6LsYLX21ccbhDiY,12/12/2023 3:25,279.2,0,usd,TRUE,279.2,0,usd,,8.4,Paid,Payment complete.,pm_1OMMabAKv6LsYLX2m05uPdGN,cus_PAhwyLLoXWAtRZ,in_1OMMb2AKv6LsYLX2jFjAy1W3,po_1OMhRnAKv6LsYLX2AkZOJTJd,f0f7a411-d78f-4c3a-abf2-4cce65097af4,40375dc9-7834-49eb-9103-745a5ef656cd,College Prep Masterclass,3/29/2020 3:57,txcd_20030000
ch_3OMK6GAKv6LsYLX21uT0vRK0,12/12/2023 0:45,99.2,0,usd,TRUE,99.2,0,usd,,3.18,Paid,Payment complete.,pm_1OMK6FAKv6LsYLX2pnHTlyWd,cus_PAeqfHPDAK6ugd,in_1OMK6JAKv6LsYLX296juTtPh,po_1OMhRnAKv6LsYLX2AkZOJTJd,0d86b3c9-fdb5-418a-83b9-cb45457a47d0,b7f7421a-3caf-4185-84f9-e254a4365528,College Admission Strategy Workshop,12/27/2023 16:46,txcd_20030000
ch_3OMJ2mAKv6LsYLX23bUjl4zk,12/11/2023 23:37,35.2,0,usd,TRUE,35.2,0,usd,,1.32,Paid,Payment complete.,pm_1OMJ2lAKv6LsYLX2NsqPb80F,cus_Ov6NrnlywzunNt,in_1OMJ2qAKv6LsYLX2D89r2XjF,po_1OMKx7AKv6LsYLX2TqhaeMRy,d8b64e76-c7a9-4c9d-b904-49d81557c23a,8c46a7cc-09e5-40d8-9584-33c0184298c6,College Essay Coaching,10/9/2023 8:57,txcd_20030000
ch_3OMItDAKv6LsYLX23MBX4WJ6,12/11/2023 23:27,27,0,usd,TRUE,15,0,usd,Subscription creation,0.74,Paid,Payment complete.,pm_1OMItBAKv6LsYLX2WJlkzqXC,cus_P9fcs66Dr6I25z,in_1OMItCAKv6LsYLX2wa05L2xv,po_1OMKx7AKv6LsYLX2TqhaeMRy,,,,,
ch_3OMIjyAKv6LsYLX2365vhnqR,12/11/2023 23:18,35.2,0,usd,TRUE,35.2,0,usd,,1.32,Paid,Payment complete.,pm_1OMIjyAKv6LsYLX28d8jboft,cus_OqeEl1WhGYOhzp,in_1OMIk2AKv6LsYLX2fwFzI7Mg,po_1OMKx7AKv6LsYLX2TqhaeMRy,7a56d0f1-a2e5-4e2e-b26c-948a9ad21cb2,c985f100-5645-48e3-8e3d-ceffbcc37a3d,College Application Bootcamp,12/27/2023 16:46,txcd_20030000
ch_3OMIXaAKv6LsYLX203f8jjFa,12/11/2023 23:05,35.2,0,usd,TRUE,35.2,0,usd,,1.32,Paid,Payment complete.,pm_1OMIXaAKv6LsYLX2Osc37jKY,cus_PAdmgzSEsv6S3s,in_1OMIXfAKv6LsYLX2u3nl5FnV,po_1OMKx7AKv6LsYLX2TqhaeMRy,dae443ce-10d3-46ac-b093-e1ae0eb26654,4b8c704c-863d-4e25-9bcf-ce9a1b75a391,Admission Success Blueprint,12/27/2023 16:46,txcd_20030000
ch_3OMHZcAKv6LsYLX20JxYCjJp,12/11/2023 22:03,279.2,0,usd,TRUE,279.2,0,usd,,8.4,Paid,Payment complete.,pm_1OMHZcAKv6LsYLX2piJT1BZx,cus_PAcnqvX95Wf21X,in_1OMHZgAKv6LsYLX26IeQ6931,po_1OMKx7AKv6LsYLX2TqhaeMRy,f0f7a411-d78f-4c3a-abf2-4cce65097af4,40375dc9-7834-49eb-9103-745a5ef656cd,College Prep Masterclass,3/29/2020 3:57,txcd_20030000
ch_3OMHE4AKv6LsYLX21gRv2lGq,12/11/2023 21:41,19.2,0,usd,TRUE,19.2,0,usd,,0.86,Paid,Payment complete.,pm_1OMHE4AKv6LsYLX2n2JK4B5V,cus_PAZXTgRfRaSXwW,in_1OMHE8AKv6LsYLX2BCxnEGp3,po_1OMKx7AKv6LsYLX2TqhaeMRy,d7c2e880-2bff-4c5a-897b-9a08f8cddd06,4033cc0f-bce4-4338-b8d6-9a983207c2a1,GPA Boosting Academy,10/9/2021 5:30,txcd_20030000
ch_3OMHBdAKv6LsYLX21aIfxvtt,12/11/2023 21:38,27.2,0,usd,TRUE,27.2,0,usd,,1.09,Paid,Payment complete.,pm_1OMHBdAKv6LsYLX2gUvqNF1j,cus_PAZXTgRfRaSXwW,in_1OMHBhAKv6LsYLX2mvZEALoU,po_1OMKx7AKv6LsYLX2TqhaeMRy,c5712f31-b51f-4314-8b89-d3fb2af2e0e0,48dc9a13-5f13-4cb9-88e2-f6004bdaee4c,Scholarly Scholarships Guide,10/9/2023 8:47,txcd_20030000
ch_3OMH9TAKv6LsYLX23rIsS94g,12/11/2023 21:36,279.2,0,usd,TRUE,279.2,0,usd,,8.4,Paid,Payment complete.,pm_1OMH9TAKv6LsYLX2k41C3LFA,cus_PAcNtlwInwIRYs,in_1OMH9XAKv6LsYLX27lZW3FYy,po_1OMKx7AKv6LsYLX2TqhaeMRy,f0f7a411-d78f-4c3a-abf2-4cce65097af4,40375dc9-7834-49eb-9103-745a5ef656cd,College Prep Masterclass,3/29/2020 3:57,txcd_20030000
ch_3OMH3tAKv6LsYLX20f2ZQ0eg,12/11/2023 21:30,99,0,usd,TRUE,99,0,usd,Subscription creation,3.17,Paid,Payment complete.,pm_1OMH3rAKv6LsYLX2W8Dc1isj,cus_PAcHxu1jmJL4h1,in_1OMH3sAKv6LsYLX2jUhBYG9L,po_1OMKx7AKv6LsYLX2TqhaeMRy,,,,,
ch_3OMH3oAKv6LsYLX23oAhhPim,12/11/2023 21:30,99.2,0,usd,TRUE,99.2,0,usd,,3.18,Paid,Payment complete.,pm_1OMH3nAKv6LsYLX2G8Ch2veT,cus_PAcHnuLc8SUsTh,in_1OMH3rAKv6LsYLX23SWkOqii,po_1OMKx7AKv6LsYLX2TqhaeMRy,0d86b3c9-fdb5-418a-83b9-cb45457a47d0,b7f7421a-3caf-4185-84f9-e254a4365528,College Admission Strategy Workshop,12/27/2023 16:46,txcd_20030000
ch_3OMGttAKv6LsYLX2161ypVde,12/11/2023 21:20,161.31,0,gbp,TRUE,197.02,0,usd,,8.97,Paid,Payment complete.,pm_1OMGtsAKv6LsYLX2LWNg2f0Y,cus_PAG9lgVcDB2ojT,in_1OMGtwAKv6LsYLX2xtEBQIki,po_1OMKx7AKv6LsYLX2TqhaeMRy,25fdcdc9-4f82-4374-a62c-7d323f543a03,201283c3-5723-4e02-9d18-d9ff952d0d07,Elite College Prep Package,10/9/2022 8:25,txcd_20030000
ch_3OMGbVAKv6LsYLX21MyErGoV,12/11/2023 21:01,279.2,0,usd,TRUE,279.2,0,usd,,8.4,Paid,Payment complete.,pm_1OMGbUAKv6LsYLX22VWFwUoX,cus_PAbo2u3dnyiTaA,in_1OMGbdAKv6LsYLX209sbUjey,po_1OMKx7AKv6LsYLX2TqhaeMRy,f0f7a411-d78f-4c3a-abf2-4cce65097af4,40375dc9-7834-49eb-9103-745a5ef656cd,College Prep Masterclass,3/29/2020 3:57,txcd_20030000
ch_3OMFwWAKv6LsYLX20UmdThqd,12/11/2023 20:19,35.2,0,usd,TRUE,35.2,0,usd,,1.32,Paid,Payment complete.,pm_1OMFwVAKv6LsYLX21Z574j2C,cus_PAb73Ga9iS6ESa,in_1OMFwaAKv6LsYLX2B5sEFWyJ,po_1OMKx7AKv6LsYLX2TqhaeMRy,dae443ce-10d3-46ac-b093-e1ae0eb26654,4b8c704c-863d-4e25-9bcf-ce9a1b75a391,Admission Success Blueprint,12/27/2023 16:46,txcd_20030000
ch_3OMFhMAKv6LsYLX23ABbCHDp,12/11/2023 20:03,24,0,usd,TRUE,24,0,usd,,1,Paid,Payment complete.,pm_1OMFhMAKv6LsYLX2c7pdSudA,cus_OoCwnLhqMx9c9K,in_1OMFhPAKv6LsYLX2SGNTa4IU,po_1OMKx7AKv6LsYLX2TqhaeMRy,d7c2e880-2bff-4c5a-897b-9a08f8cddd06,4033cc0f-bce4-4338-b8d6-9a983207c2a1,GPA Boosting Academy,10/9/2021 5:30,txcd_20030000
ch_3OMFckAKv6LsYLX207MWA336,12/11/2023 19:58,99.2,0,usd,TRUE,99.2,0,usd,,3.18,Paid,Payment complete.,pm_1OMFckAKv6LsYLX2weMQwTfi,cus_PAamIYvCp1Astr,in_1OMFcpAKv6LsYLX2w8I4J1wq,po_1OMKx7AKv6LsYLX2TqhaeMRy,0d86b3c9-fdb5-418a-83b9-cb45457a47d0,b7f7421a-3caf-4185-84f9-e254a4365528,College Admission Strategy Workshop,12/27/2023 16:46,txcd_20030000
ch_3OMFKCAKv6LsYLX23A56TFWf,12/11/2023 19:39,23753.42,0,inr,TRUE,276.41,0,usd,,12.46,Paid,Payment complete.,pm_1OMFKBAKv6LsYLX2bzLL5Ro9,cus_PAaSuH5Z3s3Ogm,in_1OMFKHAKv6LsYLX2Lfm947pZ,po_1OMKx7AKv6LsYLX2TqhaeMRy,f0f7a411-d78f-4c3a-abf2-4cce65097af4,40375dc9-7834-49eb-9103-745a5ef656cd,College Prep Masterclass,3/29/2020 3:57,txcd_20030000
ch_3OMExSAKv6LsYLX20gA8Wvz2,12/11/2023 19:23,8439.62,0,inr,TRUE,98.21,0,usd,,4.62,Paid,Payment complete.,pm_1OMF57AKv6LsYLX2iNeqiFkz,cus_PAVi3gFaWziyH3,in_1OMF5CAKv6LsYLX23al8Lstb,po_1OMKx7AKv6LsYLX2TqhaeMRy,0d86b3c9-fdb5-418a-83b9-cb45457a47d0,b7f7421a-3caf-4185-84f9-e254a4365528,College Admission Strategy Workshop,12/27/2023 16:46,txcd_20030000
ch_3OMEwhAKv6LsYLX22oeJ8gHN,12/11/2023 19:15,387.23,0,cad,TRUE,276.41,0,usd,,12.46,Paid,Payment complete.,pm_1OMEwbAKv6LsYLX2bEENq6aw,cus_Oo8Pg0iVC4NmAE,in_1OMEx6AKv6LsYLX2UgfY0cQ7,po_1OMKx7AKv6LsYLX2TqhaeMRy,f0f7a411-d78f-4c3a-abf2-4cce65097af4,40375dc9-7834-49eb-9103-745a5ef656cd,College Prep Masterclass,3/29/2020 3:57,txcd_20030000
ch_3OMEneAKv6LsYLX22kmwrEQo,12/11/2023 19:05,264.58,0,eur,TRUE,276.41,0,usd,,12.46,Paid,Payment complete.,pm_1OMEndAKv6LsYLX2pz58EK7O,cus_PAZf3xAp7se6dF,in_1OMEniAKv6LsYLX2CPZJKMZx,po_1OMKx7AKv6LsYLX2TqhaeMRy,f0f7a411-d78f-4c3a-abf2-4cce65097af4,40375dc9-7834-49eb-9103-745a5ef656cd,College Prep Masterclass,3/29/2020 3:57,txcd_20030000
ch_3OMEn4AKv6LsYLX20CUAubcW,12/11/2023 19:05,94.01,0,eur,TRUE,98.21,0,usd,,4.62,Paid,Payment complete.,pm_1OMEn3AKv6LsYLX2L3qkrJAG,cus_P959ZJIwUm4BWS,in_1OMEn9AKv6LsYLX2ZrrIRlzs,po_1OMKx7AKv6LsYLX2TqhaeMRy,0d86b3c9-fdb5-418a-83b9-cb45457a47d0,b7f7421a-3caf-4185-84f9-e254a4365528,College Admission Strategy Workshop,12/27/2023 16:46,txcd_20030000
ch_3OMEcjAKv6LsYLX21q9uU90D,12/11/2023 18:54,99.2,0,usd,TRUE,99.2,0,usd,,3.18,Paid,Payment complete.,pm_1OMEcjAKv6LsYLX29x88FQXu,cus_P9UVkCoTIn1VLf,in_1OMEcnAKv6LsYLX27xDWXlvM,po_1OMKx7AKv6LsYLX2TqhaeMRy,0d86b3c9-fdb5-418a-83b9-cb45457a47d0,b7f7421a-3caf-4185-84f9-e254a4365528,College Admission Strategy Workshop,12/27/2023 16:46,txcd_20030000
ch_3OMETBAKv6LsYLX22Yziagcn,12/11/2023 18:44,35.2,0,usd,TRUE,35.2,0,usd,,1.32,Paid,Payment complete.,pm_1OMETBAKv6LsYLX23hxe2AlC,cus_PAZXTgRfRaSXwW,in_1OMETFAKv6LsYLX2cvCbIdLY,po_1OMKx7AKv6LsYLX2TqhaeMRy,7a56d0f1-a2e5-4e2e-b26c-948a9ad21cb2,c985f100-5645-48e3-8e3d-ceffbcc37a3d,College Application Bootcamp,12/27/2023 16:46,txcd_20030000
ch_3OMESKAKv6LsYLX21yYkxYBC,12/11/2023 18:43,35.2,0,usd,TRUE,35.2,0,usd,,1.32,Paid,Payment complete.,pm_1OMESKAKv6LsYLX2QlizN57M,cus_PAZXTgRfRaSXwW,in_1OMESPAKv6LsYLX2ScoGXfYC,po_1OMKx7AKv6LsYLX2TqhaeMRy,d8b64e76-c7a9-4c9d-b904-49d81557c23a,8c46a7cc-09e5-40d8-9584-33c0184298c6,College Essay Coaching,10/9/2023 8:57,txcd_20030000
ch_3OMEORAKv6LsYLX22rRHGZv6,12/11/2023 18:39,35.2,0,usd,TRUE,35.2,0,usd,,1.32,Paid,Payment complete.,pm_1OMEORAKv6LsYLX2FUBl06wE,cus_PAZVxEw7APOwnC,in_1OMEOWAKv6LsYLX2qLVL6FFM,po_1OMKx7AKv6LsYLX2TqhaeMRy,dae443ce-10d3-46ac-b093-e1ae0eb26654,4b8c704c-863d-4e25-9bcf-ce9a1b75a391,Admission Success Blueprint,12/27/2023 16:46,txcd_20030000
ch_3OMEDqAKv6LsYLX21Y29hOc5,12/11/2023 18:28,35.2,0,usd,TRUE,35.2,0,usd,,1.85,Paid,Payment complete.,pm_1OMEDpAKv6LsYLX2C4NhEuMS,cus_P9k2Fvs4i3i60R,in_1OMEDvAKv6LsYLX2uGNs9BPl,po_1OMKx7AKv6LsYLX2TqhaeMRy,dae443ce-10d3-46ac-b093-e1ae0eb26654,4b8c704c-863d-4e25-9bcf-ce9a1b75a391,Admission Success Blueprint,12/27/2023 16:46,txcd_20030000
ch_3OME5tAKv6LsYLX22AarIOoL,12/11/2023 18:20,387.23,0,cad,TRUE,276.41,0,usd,,12.46,Paid,Payment complete.,pm_1OME5sAKv6LsYLX2lPM0FwW3,cus_PAZCw8qOiiewIz,in_1OME5xAKv6LsYLX2I4bJIFSb,po_1OMKx7AKv6LsYLX2TqhaeMRy,f0f7a411-d78f-4c3a-abf2-4cce65097af4,40375dc9-7834-49eb-9103-745a5ef656cd,College Prep Masterclass,3/29/2020 3:57,txcd_20030000
ch_3OME08AKv6LsYLX23p9oiIqk,12/11/2023 18:14,279.2,0,usd,TRUE,279.2,0,usd,,8.4,Paid,Payment complete.,pm_1OME07AKv6LsYLX2LOFtjywY,cus_PAZ2MsfsZB5IR5,in_1OME0CAKv6LsYLX2uCfrKxxS,po_1OMKx7AKv6LsYLX2TqhaeMRy,f0f7a411-d78f-4c3a-abf2-4cce65097af4,40375dc9-7834-49eb-9103-745a5ef656cd,College Prep Masterclass,3/29/2020 3:57,txcd_20030000
ch_3OMDubAKv6LsYLX22v6v3mBG,12/11/2023 18:09,279.2,0,usd,TRUE,279.2,0,usd,,8.4,Paid,Payment complete.,pm_1OMDubAKv6LsYLX2mhzQH5zF,cus_Oo5MkokVxWcxoB,in_1OMDufAKv6LsYLX2qSaB3J0I,po_1OMKx7AKv6LsYLX2TqhaeMRy,f0f7a411-d78f-4c3a-abf2-4cce65097af4,40375dc9-7834-49eb-9103-745a5ef656cd,College Prep Masterclass,3/29/2020 3:57,txcd_20030000
ch_3OMDuMAKv6LsYLX21GE3oOQm,12/11/2023 18:08,35.2,0,usd,TRUE,35.2,0,usd,,1.85,Paid,Payment complete.,pm_1OMDuLAKv6LsYLX23AppC0LM,cus_PAYZisaaHOZuXI,in_1OMDuRAKv6LsYLX2vTCoPdIq,po_1OMKx7AKv6LsYLX2TqhaeMRy,dae443ce-10d3-46ac-b093-e1ae0eb26654,4b8c704c-863d-4e25-9bcf-ce9a1b75a391,Admission Success Blueprint,12/27/2023 16:46,txcd_20030000
ch_3OMDanAKv6LsYLX20l7ZV1ag,12/11/2023 17:49,279.2,0,usd,TRUE,279.2,0,usd,,12.58,Paid,Payment complete.,pm_1OMDbkAKv6LsYLX2v91i2zSh,cus_P9n3iGAoNCmbVQ,in_1OMDbnAKv6LsYLX2wsZYspgq,po_1OMKx7AKv6LsYLX2TqhaeMRy,f0f7a411-d78f-4c3a-abf2-4cce65097af4,40375dc9-7834-49eb-9103-745a5ef656cd,College Prep Masterclass,3/29/2020 3:57,txcd_20030000
ch_3OMDJ4AKv6LsYLX23ECnIfEm,12/11/2023 17:30,387.23,0,cad,TRUE,276.41,0,usd,,12.46,Paid,Payment complete.,pm_1OMDJ4AKv6LsYLX2cYpWAnRc,cus_PAYOyKfNpWANzP,in_1OMDJ8AKv6LsYLX2QBp2jNyL,po_1OMKx7AKv6LsYLX2TqhaeMRy,f0f7a411-d78f-4c3a-abf2-4cce65097af4,40375dc9-7834-49eb-9103-745a5ef656cd,College Prep Masterclass,3/29/2020 3:57,txcd_20030000
ch_3OMCuoAKv6LsYLX22I15XrvB,12/11/2023 17:05,279.2,0,usd,TRUE,279.2,0,usd,,8.4,Paid,Payment complete.,pm_1OMCunAKv6LsYLX24RBL2bEB,cus_PAXzCl2DvAaLfx,in_1OMCusAKv6LsYLX2wgLby20Z,po_1OMKx7AKv6LsYLX2TqhaeMRy,f0f7a411-d78f-4c3a-abf2-4cce65097af4,40375dc9-7834-49eb-9103-745a5ef656cd,College Prep Masterclass,3/29/2020 3:57,txcd_20030000
ch_3OMCqtAKv6LsYLX214ocbTId,12/11/2023 17:01,35.2,0,usd,TRUE,35.2,0,usd,,1.85,Paid,Payment complete.,pm_1OMCqtAKv6LsYLX2cu4cwtro,cus_PAXoZtS9yLDyWs,in_1OMCqyAKv6LsYLX21N13cnsA,po_1OMKx7AKv6LsYLX2TqhaeMRy,dae443ce-10d3-46ac-b093-e1ae0eb26654,4b8c704c-863d-4e25-9bcf-ce9a1b75a391,Admission Success Blueprint,12/27/2023 16:46,txcd_20030000
ch_3OMCpOAKv6LsYLX21Wh1LqHQ,12/11/2023 16:59,14,0,usd,TRUE,10,0,usd,Subscription update,0.59,Paid,Payment complete.,pm_1OBJZMAKv6LsYLX2awmGy400,cus_OzI85oyEWEzFzR,in_1OMBt2AKv6LsYLX2rIHqud3n,po_1OMKx7AKv6LsYLX2TqhaeMRy,,,,,
ch_3OMCZBAKv6LsYLX20LxNBVnn,12/11/2023 16:42,35.2,0,usd,TRUE,35.2,0,usd,,1.32,Paid,Payment complete.,pm_1OMCZAAKv6LsYLX2SU1hZaou,cus_Or9Ta4r6pbYI5V,in_1OMCZEAKv6LsYLX2ZiDRqox0,po_1OMKx7AKv6LsYLX2TqhaeMRy,dae443ce-10d3-46ac-b093-e1ae0eb26654,4b8c704c-863d-4e25-9bcf-ce9a1b75a391,Admission Success Blueprint,12/27/2023 16:46,txcd_20030000
ch_3OMCW3AKv6LsYLX23C2RFnoS,12/11/2023 16:39,35.2,0,usd,TRUE,35.2,0,usd,,1.85,Paid,Payment complete.,pm_1OMCW2AKv6LsYLX23syPIZPo,cus_P8R1y1soUbdTA7,in_1OMCW7AKv6LsYLX2WRh4Nrvn,po_1OMKx7AKv6LsYLX2TqhaeMRy,dae443ce-10d3-46ac-b093-e1ae0eb26654,4b8c704c-863d-4e25-9bcf-ce9a1b75a391,Admission Success Blueprint,12/27/2023 16:46,txcd_20030000
ch_3OMC7JAKv6LsYLX23pVl6WS2,12/11/2023 16:14,279.2,0,usd,TRUE,279.2,0,usd,,8.4,Paid,Payment complete.,pm_1OMC7IAKv6LsYLX2OlL6ce48,cus_PAX7Ze4q9IICj1,in_1OMC7NAKv6LsYLX2GhjsCUW0,po_1OMKx7AKv6LsYLX2TqhaeMRy,f0f7a411-d78f-4c3a-abf2-4cce65097af4,40375dc9-7834-49eb-9103-745a5ef656cd,College Prep Masterclass,3/29/2020 3:57,txcd_20030000
ch_3OMBypAKv6LsYLX20T4IPjlu,12/11/2023 16:05,226.31,0,gbp,TRUE,276.41,0,usd,,12.46,Paid,Payment complete.,pm_1OMBypAKv6LsYLX27HP2Vx1P,cus_PAX1kudNeMamB1,in_1OMByuAKv6LsYLX2v9MS98Jt,po_1OMKx7AKv6LsYLX2TqhaeMRy,f0f7a411-d78f-4c3a-abf2-4cce65097af4,40375dc9-7834-49eb-9103-745a5ef656cd,College Prep Masterclass,3/29/2020 3:57,txcd_20030000
ch_3OMBU6AKv6LsYLX23P6bIjFf,12/11/2023 15:33,279.2,0,usd,TRUE,279.2,0,usd,,8.4,Paid,Payment complete.,pm_1OMBU6AKv6LsYLX2p8EMiOQy,cus_PAWRTsmt1GJkti,in_1OMBUAAKv6LsYLX2rX3Mda1k,po_1OMKx7AKv6LsYLX2TqhaeMRy,f0f7a411-d78f-4c3a-abf2-4cce65097af4,40375dc9-7834-49eb-9103-745a5ef656cd,College Prep Masterclass,3/29/2020 3:57,txcd_20030000
ch_3OMBHLAKv6LsYLX20W1MVbPr,12/11/2023 15:20,35.2,0,usd,TRUE,35.2,0,usd,,1.32,Paid,Payment complete.,pm_1OMBHJAKv6LsYLX22879qw5k,cus_P7KGI9Qoinf1Ls,in_1OMBHOAKv6LsYLX27w86re7z,po_1OMKx7AKv6LsYLX2TqhaeMRy,d8b64e76-c7a9-4c9d-b904-49d81557c23a,8c46a7cc-09e5-40d8-9584-33c0184298c6,College Essay Coaching,10/9/2023 8:57,txcd_20030000
ch_3OMBG4AKv6LsYLX2129qRfzX,12/11/2023 15:19,249,0,usd,TRUE,249,0,usd,,7.52,Paid,Payment complete.,pm_1OMBG3AKv6LsYLX2lNwJoBEj,cus_PAMoPLkybyVXR0,in_1OMBG8AKv6LsYLX2xq3owcg0,po_1OMKx7AKv6LsYLX2TqhaeMRy,f0f7a411-d78f-4c3a-abf2-4cce65097af4,40375dc9-7834-49eb-9103-745a5ef656cd,College Prep Masterclass,3/29/2020 3:57,txcd_20030000
ch_3OMAwMAKv6LsYLX23Gjtnjyb,12/11/2023 14:58,1633.48,0,inr,TRUE,19.01,0,usd,,1.14,Paid,Payment complete.,pm_1OMAwMAKv6LsYLX2P82OH0nP,cus_P8R1y1soUbdTA7,in_1OMAwQAKv6LsYLX2v6iRXHfQ,po_1OMKx7AKv6LsYLX2TqhaeMRy,d7c2e880-2bff-4c5a-897b-9a08f8cddd06,4033cc0f-bce4-4338-b8d6-9a983207c2a1,GPA Boosting Academy,10/9/2021 5:30,txcd_20030000
ch_3OMAsqAKv6LsYLX22enkYygR,12/11/2023 14:55,279.2,0,usd,TRUE,279.2,0,usd,,8.4,Paid,Payment complete.,pm_1OMAsqAKv6LsYLX2Ygz5wYLQ,cus_PAUzFYIoTfQ3WP,in_1OMAstAKv6LsYLX2z1V7oOlF,po_1OMKx7AKv6LsYLX2TqhaeMRy,f0f7a411-d78f-4c3a-abf2-4cce65097af4,40375dc9-7834-49eb-9103-745a5ef656cd,College Prep Masterclass,3/29/2020 3:57,txcd_20030000
ch_3OMAptAKv6LsYLX23WxLkLdl,12/11/2023 14:52,279.2,0,usd,TRUE,279.2,0,usd,,12.58,Paid,Payment complete.,pm_1OMAptAKv6LsYLX2PKP3Ohsj,cus_PAVm02bQg1kEYo,in_1OMAq4AKv6LsYLX22kT56Skb,po_1OMKx7AKv6LsYLX2TqhaeMRy,f0f7a411-d78f-4c3a-abf2-4cce65097af4,40375dc9-7834-49eb-9103-745a5ef656cd,College Prep Masterclass,3/29/2020 3:57,txcd_20030000
ch_3OEkwlAKv6LsYLX20dFuqOVc,11/21/2023 3:48,43.43,0,cad,TRUE,30.69,0,usd,,1.65,Paid,Payment complete.,pm_1OEkwkAKv6LsYLX2VcMKoxOR,cus_P2qWqgv6bImaR2,in_1OEkwoAKv6LsYLX23AXAJbEG,po_1OFS1mAKv6LsYLX2OiXqrcOE,a2ebb248-5873-4edd-a229-9f1a96bc1db7,4b8c704c-863d-4e25-9bcf-ce9a1b75a391,Admission Success Blueprint,12/27/2023 16:46,txcd_20030000
ch_3OEf9IAKv6LsYLX20XVhkJHK,11/20/2023 21:37,43.4,0,cad,TRUE,30.7,0,usd,,1.65,Paid,Payment complete.,pm_1OEf0rAKv6LsYLX2MgqN5esz,cus_P2kUh89r1spPpR,in_1OEf9VAKv6LsYLX2GlEFjBE6,po_1OEjCuAKv6LsYLX2ZM1qSRUx,a2ebb248-5873-4edd-a229-9f1a96bc1db7,4b8c704c-863d-4e25-9bcf-ce9a1b75a391,Admission Success Blueprint,12/27/2023 16:46,txcd_20030000
ch_3OEf0tAKv6LsYLX23QOqSiZ1,11/20/2023 21:28,14,0,usd,TRUE,10,0,usd,Subscription creation,0.74,Paid,Payment complete.,pm_1OEf0rAKv6LsYLX2MgqN5esz,cus_P2kUh89r1spPpR,in_1OEf0sAKv6LsYLX2VBSYYMCX,po_1OEjCuAKv6LsYLX2ZM1qSRUx,,,,,
ch_3OEegRAKv6LsYLX20OxXA1ja,11/20/2023 21:07,14,0,usd,TRUE,10,0,usd,Subscription update,0.59,Paid,Payment complete.,pm_1O3OuBAKv6LsYLX2Y0hSoylb,cus_Or71qPygOooTUJ,in_1OEdgdAKv6LsYLX23o2xzBXJ,po_1OEjCuAKv6LsYLX2ZM1qSRUx,,,,,
ch_3OBkGXAKv6LsYLX21unzysCs,11/20/2023 20:40,14,0,usd,TRUE,10,0,usd,Subscription update,0.59,Paid,Payment complete.,pm_1O0USNAKv6LsYLX2QVd1yyCe,cus_Oo6eFkVVkzUBtF,in_1OBjF8AKv6LsYLX2HE9aYn65,po_1OEjCuAKv6LsYLX2ZM1qSRUx,,,,,
ch_3OEdUbAKv6LsYLX20tFidTNj,11/20/2023 19:50,31,0,usd,TRUE,31,0,usd,,1.2,Paid,Payment complete.,pm_1OEdUbAKv6LsYLX2Yv02NXM3,cus_P2iv1yIi415QXM,in_1OEdUeAKv6LsYLX28GgWHoL4,po_1OEjCuAKv6LsYLX2ZM1qSRUx,a2ebb248-5873-4edd-a229-9f1a96bc1db7,4b8c704c-863d-4e25-9bcf-ce9a1b75a391,Admission Success Blueprint,12/27/2023 16:46,txcd_20030000
ch_3OEctfAKv6LsYLX23LaaQBiM,11/20/2023 19:12,14,0,usd,TRUE,10,0,usd,Subscription update,0.59,Paid,Payment complete.,pm_1O3NA1AKv6LsYLX2dAdVBgvB,cus_Oo4L9vrNew5YLF,in_1OEbwJAKv6LsYLX22tYPlyZO,po_1OEjCuAKv6LsYLX2ZM1qSRUx,,,,,
ch_3OEab0AKv6LsYLX21qr7M0cM,11/20/2023 16:45,149,0,usd,TRUE,149,0,usd,,4.62,Paid,Payment complete.,pm_1OEaazAKv6LsYLX2SHerBnYY,cus_OsEfwlmyVUGyZO,in_1OEab3AKv6LsYLX2ybKOcPXh,po_1OEjCuAKv6LsYLX2ZM1qSRUx,3abfb28f-bb3c-4a2c-8c39-5c61aac810d5,201283c3-5723-4e02-9d18-d9ff952d0d07,Elite College Prep Package,10/9/2022 8:25,txcd_20030000
ch_3OEa38AKv6LsYLX213JE0Axe,11/20/2023 16:10,31,0,usd,TRUE,31,0,usd,,1.66,Paid,Payment complete.,pm_1OEa36AKv6LsYLX2FXnN953Z,cus_P2fL1KqzOwLrMS,in_1OEa3BAKv6LsYLX2fQUspkMX,po_1OEjCuAKv6LsYLX2ZM1qSRUx,a2ebb248-5873-4edd-a229-9f1a96bc1db7,4b8c704c-863d-4e25-9bcf-ce9a1b75a391,Admission Success Blueprint,12/27/2023 16:46,txcd_20030000
ch_3OEZIiAKv6LsYLX225I6p9uS,11/20/2023 15:22,31,0,usd,TRUE,31,0,usd,,1.2,Paid,Payment complete.,pm_1O3OuBAKv6LsYLX2Y0hSoylb,cus_Or71qPygOooTUJ,in_1OEZIlAKv6LsYLX2Av1uMQj8,po_1OEjCuAKv6LsYLX2ZM1qSRUx,a2ebb248-5873-4edd-a229-9f1a96bc1db7,4b8c704c-863d-4e25-9bcf-ce9a1b75a391,Admission Success Blueprint,12/27/2023 16:46,txcd_20030000
ch_3OEXODAKv6LsYLX21kU4jBRL,11/20/2023 13:19,14,0,usd,TRUE,10,0,usd,Subscription creation,0.74,Paid,Payment complete.,pm_1OEXOBAKv6LsYLX2ntMw2SBa,cus_P2cbI4YfsNwCWr,in_1OEXOCAKv6LsYLX2HrjVgc5L,po_1OEjCuAKv6LsYLX2ZM1qSRUx,,,,,
ch_3OEX6OAKv6LsYLX23agb4vQs,11/20/2023 13:01,148,0,ron,TRUE,30.69,0,usd,,1.65,Paid,Payment complete.,pm_1OEX6NAKv6LsYLX2eVXqYb2J,cus_Ozgza1iphUBjw4,in_1OEX6RAKv6LsYLX2DI1RiGOd,po_1OEjCuAKv6LsYLX2ZM1qSRUx,a2ebb248-5873-4edd-a229-9f1a96bc1db7,4b8c704c-863d-4e25-9bcf-ce9a1b75a391,Admission Success Blueprint,12/27/2023 16:46,txcd_20030000
ch_3OER3aAKv6LsYLX20bc2kGha,11/20/2023 6:34,89,0,usd,TRUE,89,0,usd,,4.22,Paid,Payment complete.,pm_1OER3ZAKv6LsYLX2QFJP9521,cus_Ori2OXxmYUE5rU,in_1OER3dAKv6LsYLX2gW8rTHXc,po_1OEjCuAKv6LsYLX2ZM1qSRUx,233ec5a8-d4ac-444a-979b-2c9bca0c2c8d,b7f7421a-3caf-4185-84f9-e254a4365528,College Admission Strategy Workshop,12/27/2023 16:46,txcd_20030000
ch_3OEN2KAKv6LsYLX22l5ep6zx,11/20/2023 2:16,249,0,usd,TRUE,249,0,usd,,7.52,Paid,Payment complete.,pm_1OEN2KAKv6LsYLX2msV6g3Y9,cus_P2Ru8JreWuwMmL,in_1OEN2NAKv6LsYLX2H3A8xPLc,po_1OEjCuAKv6LsYLX2ZM1qSRUx,6834082b-2d96-48f3-8648-f39505489446,40375dc9-7834-49eb-9103-745a5ef656cd,College Prep Masterclass,3/29/2020 3:57,txcd_20030000
ch_3OELL2AKv6LsYLX20CxuIWeK,11/20/2023 0:27,89,0,usd,TRUE,89,0,usd,,2.88,Paid,Payment complete.,pm_1OEJuaAKv6LsYLX2GyUcfNRR,cus_P2OdI3V38uqVuD,in_1OELL5AKv6LsYLX2m7J2Ls1D,po_1OEjCuAKv6LsYLX2ZM1qSRUx,233ec5a8-d4ac-444a-979b-2c9bca0c2c8d,b7f7421a-3caf-4185-84f9-e254a4365528,College Admission Strategy Workshop,12/27/2023 16:46,txcd_20030000
ch_3OEKEcAKv6LsYLX23P6oKtTS,11/19/2023 23:17,89,0,usd,TRUE,89,0,usd,,2.88,Paid,Payment complete.,pm_1OEKEcAKv6LsYLX29UaEfDtu,cus_P2P12RqtWYnkC0,in_1OEKEfAKv6LsYLX2uHEI7wy7,po_1OEjCuAKv6LsYLX2ZM1qSRUx,233ec5a8-d4ac-444a-979b-2c9bca0c2c8d,b7f7421a-3caf-4185-84f9-e254a4365528,College Admission Strategy Workshop,12/27/2023 16:46,txcd_20030000
ch_3OEJubAKv6LsYLX21MOvaRSS,11/19/2023 22:56,99,0,usd,TRUE,99,0,usd,Subscription creation,3.17,Paid,Payment complete.,pm_1OEJuaAKv6LsYLX2GyUcfNRR,cus_P2OdI3V38uqVuD,in_1OEJubAKv6LsYLX2akM5j5Qg,po_1OEjCuAKv6LsYLX2ZM1qSRUx,,,,,
ch_3OEJkMAKv6LsYLX2017o0pVB,11/19/2023 22:45,24,0,usd,TRUE,24,0,usd,,1,Paid,Payment complete.,pm_1OEJkLAKv6LsYLX2LhQMldbW,cus_P2OWT2uIQb3zBg,in_1OEJkPAKv6LsYLX2zyj1XsTi,po_1OEjCuAKv6LsYLX2ZM1qSRUx,8e3b69e5-2e21-4c93-90de-070cc5de71b4,48dc9a13-5f13-4cb9-88e2-f6004bdaee4c,Scholarly Scholarships Guide,10/9/2023 8:47,txcd_20030000
ch_3OEJbeAKv6LsYLX20wSR8VY3,11/19/2023 22:36,31,0,usd,TRUE,31,0,usd,,1.2,Paid,Payment complete.,pm_1OEJbeAKv6LsYLX22dpv5Xs4,cus_P23C0w5gZSHz8O,in_1OEJblAKv6LsYLX239BLd3An,po_1OEjCuAKv6LsYLX2ZM1qSRUx,a2ebb248-5873-4edd-a229-9f1a96bc1db7,4b8c704c-863d-4e25-9bcf-ce9a1b75a391,Admission Success Blueprint,12/27/2023 16:46,txcd_20030000
ch_3OEIawAKv6LsYLX211wVgnDk,11/19/2023 21:31,14,0,usd,TRUE,10,0,usd,Subscription creation,0.74,Paid,Payment complete.,pm_1OEIavAKv6LsYLX2UkigvUJw,cus_P2NGeHrBH0c6qB,in_1OEIawAKv6LsYLX28GvOGUOu,po_1OEjCuAKv6LsYLX2ZM1qSRUx,,,,,
ch_3OEHLbAKv6LsYLX2226ETYm4,11/19/2023 20:12,28.98,0,eur,TRUE,30.69,0,usd,,1.65,Paid,Payment complete.,pm_1OEHLaAKv6LsYLX2uDnoMO4d,cus_P0zoDTE09ym8J8,in_1OEHLeAKv6LsYLX2KaTLOpac,po_1OEjCuAKv6LsYLX2ZM1qSRUx,a2ebb248-5873-4edd-a229-9f1a96bc1db7,4b8c704c-863d-4e25-9bcf-ce9a1b75a391,Admission Success Blueprint,12/27/2023 16:46,txcd_20030000
ch_3OEHDGAKv6LsYLX23v0WZoP4,11/19/2023 20:03,31,0,usd,TRUE,31,0,usd,,1.2,Paid,Payment complete.,pm_1OEHDGAKv6LsYLX2NeCRtZgv,cus_P2LYa56j6n62Hg,in_1OEHDJAKv6LsYLX2Ds0ahArk,po_1OEjCuAKv6LsYLX2ZM1qSRUx,a2ebb248-5873-4edd-a229-9f1a96bc1db7,4b8c704c-863d-4e25-9bcf-ce9a1b75a391,Admission Success Blueprint,12/27/2023 16:46,txcd_20030000
ch_3OEGsWAKv6LsYLX223ItSbfk,11/19/2023 19:42,14,0,usd,TRUE,10,0,usd,Subscription creation,0.59,Paid,Payment complete.,pm_1OEGsOAKv6LsYLX21C3rzFS2,cus_P2LYa56j6n62Hg,in_1OEGsVAKv6LsYLX2fGM710vg,po_1OEjCuAKv6LsYLX2ZM1qSRUx,,,,,
ch_3OEGQhAKv6LsYLX23fcqltV5,11/19/2023 19:13,14,0,usd,TRUE,10,0,usd,Subscription update,0.59,Paid,Payment complete.,pm_1O30fdAKv6LsYLX2SNaOOzum,cus_Oqi53HZ2YBcec4,in_1OEFU4AKv6LsYLX2trtH8uMK,po_1OEjCuAKv6LsYLX2ZM1qSRUx,,,,,
ch_3OD8LUAKv6LsYLX221Hj5Hyf,11/19/2023 16:27,14,0,usd,TRUE,10,0,usd,Subscription update,0.74,Paid,Payment complete.,pm_1O1scaAKv6LsYLX2GPKiKeU1,cus_OpXggGRQyu6Hsc,in_1OD7OdAKv6LsYLX2oNAnhtIa,po_1OEjCuAKv6LsYLX2ZM1qSRUx,,,,,
ch_3OECkWAKv6LsYLX21WX90h9l,11/19/2023 15:17,31,0,usd,TRUE,31,0,usd,,1.2,Paid,Payment complete.,pm_1OECkWAKv6LsYLX2DFokq9oF,cus_P0bNVosEqLn4M1,in_1OECkZAKv6LsYLX2Sb2KdtNn,po_1OEjCuAKv6LsYLX2ZM1qSRUx,a2ebb248-5873-4edd-a229-9f1a96bc1db7,4b8c704c-863d-4e25-9bcf-ce9a1b75a391,Admission Success Blueprint,12/27/2023 16:46,txcd_20030000
ch_3OECCxAKv6LsYLX22Pm50Wpf,11/19/2023 14:42,249,0,usd,TRUE,249,0,usd,,11.26,Paid,Payment complete.,pm_1OECCxAKv6LsYLX2hFkwgxSI,cus_OxXGv0EJnR9dt0,in_1OECD1AKv6LsYLX2PbL7BIfp,po_1OEjCuAKv6LsYLX2ZM1qSRUx,6834082b-2d96-48f3-8648-f39505489446,40375dc9-7834-49eb-9103-745a5ef656cd,College Prep Masterclass,3/29/2020 3:57,txcd_20030000
ch_3OEAZ3AKv6LsYLX23npg1y4C,11/19/2023 12:57,249,0,usd,TRUE,249,0,usd,,7.52,Paid,Payment complete.,pm_1OEAZ2AKv6LsYLX2F2PNY13K,cus_P2EzUWYfZmMsIm,in_1OEAZ6AKv6LsYLX2ju4NlPLM,po_1OEjCuAKv6LsYLX2ZM1qSRUx,6834082b-2d96-48f3-8648-f39505489446,40375dc9-7834-49eb-9103-745a5ef656cd,College Prep Masterclass,3/29/2020 3:57,txcd_20030000
ch_3OE8UDAKv6LsYLX21eBN55wb,11/19/2023 10:44,98.41,0,pln,TRUE,23.76,0,usd,,1.35,Paid,Payment complete.,pm_1ODlvdAKv6LsYLX2FsN5iL0A,cus_Ouqcx2jXFjaALl,in_1OE8UGAKv6LsYLX2Fwkzfj25,po_1OEjCuAKv6LsYLX2ZM1qSRUx,8e3b69e5-2e21-4c93-90de-070cc5de71b4,48dc9a13-5f13-4cb9-88e2-f6004bdaee4c,Scholarly Scholarships Guide,10/9/2023 8:47,txcd_20030000
ch_3ODz7sAKv6LsYLX20rIQT7ET,11/19/2023 0:44,14,0,usd,TRUE,10,0,usd,Subscription creation,0.59,Paid,Payment complete.,pm_1ODz7qAKv6LsYLX2UEeksSsd,cus_P23C0w5gZSHz8O,in_1ODz7sAKv6LsYLX2FviWQKP0,po_1OEjCuAKv6LsYLX2ZM1qSRUx,,,,,
ch_3ODxGwAKv6LsYLX21YzIwMsH,11/18/2023 22:45,14,0,usd,TRUE,10,0,usd,Subscription update,0.59,Paid,Payment complete.,pm_1O2hVVAKv6LsYLX28oOePLK3,cus_OqOGcMIVwoqd80,in_1ODwIPAKv6LsYLX2LgRLT499,po_1OEjCuAKv6LsYLX2ZM1qSRUx,,,,,
ch_3ODpvNAKv6LsYLX22pi4oCcA,11/18/2023 14:55,83.2,0,eur,TRUE,88.12,0,usd,,4.18,Paid,Payment complete.,pm_1ODpvNAKv6LsYLX2zGQ74NGh,cus_P1thfqG5RlCOlK,in_1ODpvQAKv6LsYLX2bJsXQV9S,po_1OEjCuAKv6LsYLX2ZM1qSRUx,233ec5a8-d4ac-444a-979b-2c9bca0c2c8d,b7f7421a-3caf-4185-84f9-e254a4365528,College Admission Strategy Workshop,12/27/2023 16:46,txcd_20030000
ch_3ODpihAKv6LsYLX204CK8ctq,11/18/2023 14:42,249,0,usd,TRUE,249,0,usd,,11.26,Paid,Payment complete.,pm_1ODpigAKv6LsYLX2N0YaReaQ,cus_P1tT2kB6TR5YVX,in_1ODpikAKv6LsYLX24y6E77hJ,po_1OEjCuAKv6LsYLX2ZM1qSRUx,6834082b-2d96-48f3-8648-f39505489446,40375dc9-7834-49eb-9103-745a5ef656cd,College Prep Masterclass,3/29/2020 3:57,txcd_20030000
ch_3ODlveAKv6LsYLX20UsJLPr2,11/18/2023 10:39,14,0,usd,TRUE,10,0,usd,Subscription creation,0.74,Paid,Payment complete.,pm_1ODlvdAKv6LsYLX2FsN5iL0A,cus_Ouqcx2jXFjaALl,in_1ODlveAKv6LsYLX2kwBcNgPe,po_1OEjCuAKv6LsYLX2ZM1qSRUx,,,,,
ch_3ODa5uAKv6LsYLX216iTt5y3,11/17/2023 22:00,43.48,0,cad,TRUE,30.7,0,usd,,1.65,Paid,Payment complete.,pm_1ODa5uAKv6LsYLX22Bb0y01g,cus_P1d3sckXg4qIYS,in_1ODa5yAKv6LsYLX2J6FjeWgA,po_1OEMdbAKv6LsYLX28XIeB6gF,a2ebb248-5873-4edd-a229-9f1a96bc1db7,4b8c704c-863d-4e25-9bcf-ce9a1b75a391,Admission Success Blueprint,12/27/2023 16:46,txcd_20030000
ch_3ODZJQAKv6LsYLX20mFRjSx5,11/17/2023 21:10,14,0,usd,TRUE,10,0,usd,Subscription update,0.59,Paid,Payment complete.,pm_1O2JSpAKv6LsYLX200MAa3gT,cus_OpzQ5gJdytBQZo,in_1ODYGOAKv6LsYLX2JiADfXaN,po_1OEMdbAKv6LsYLX28XIeB6gF,,,,,
ch_3ODYo8AKv6LsYLX23jzWCuBu,11/17/2023 20:38,390.92,0,aud,TRUE,246.51,0,usd,,11.15,Paid,Payment complete.,pm_1ODYo8AKv6LsYLX2BIVRHm5j,cus_P12vtzuI07Udlh,in_1ODYoCAKv6LsYLX2BWarLIjX,po_1OEMdbAKv6LsYLX28XIeB6gF,6834082b-2d96-48f3-8648-f39505489446,40375dc9-7834-49eb-9103-745a5ef656cd,College Prep Masterclass,3/29/2020 3:57,txcd_20030000
ch_3ODYnnAKv6LsYLX21Q5vOykX,11/17/2023 20:38,249,0,usd,TRUE,249,0,usd,,7.52,Paid,Payment complete.,pm_1ODYnhAKv6LsYLX262JNpVrC,cus_P1A1SbG0XLKdWe,in_1ODYntAKv6LsYLX28ztFWGKV,po_1OEMdbAKv6LsYLX28XIeB6gF,6834082b-2d96-48f3-8648-f39505489446,40375dc9-7834-49eb-9103-745a5ef656cd,College Prep Masterclass,3/29/2020 3:57,txcd_20030000
ch_3ODVnUAKv6LsYLX206iairRU,11/17/2023 17:25,249,0,usd,TRUE,249,0,usd,,7.52,Paid,Payment complete.,pm_1ODVnTAKv6LsYLX2BfWSqqzk,cus_P1Yt3z6wIy6qUW,in_1ODVnXAKv6LsYLX2iOGnrocT,po_1OEMdbAKv6LsYLX28XIeB6gF,6834082b-2d96-48f3-8648-f39505489446,40375dc9-7834-49eb-9103-745a5ef656cd,College Prep Masterclass,3/29/2020 3:57,txcd_20030000
ch_3ODLA8AKv6LsYLX216eNuC1H,11/17/2023 6:04,14,0,usd,TRUE,10,0,usd,Subscription update,0.59,Paid,Payment complete.,pm_1O25N8AKv6LsYLX2h1VhVaoO,cus_OpksIEqTiWa9hC,in_1ODKDNAKv6LsYLX2LfBLfWdn,po_1OEMdbAKv6LsYLX28XIeB6gF,,,,,
ch_3ODIf4AKv6LsYLX20XpiQhV7,11/17/2023 3:24,249,0,usd,TRUE,249,0,usd,,7.52,Paid,Payment complete.,pm_1ODIf4AKv6LsYLX2jE30hFrg,cus_P1KrW3EzSOVWV1,in_1ODIf7AKv6LsYLX2YaeNcbym,po_1OEMdbAKv6LsYLX28XIeB6gF,6834082b-2d96-48f3-8648-f39505489446,40375dc9-7834-49eb-9103-745a5ef656cd,College Prep Masterclass,3/29/2020 3:57,txcd_20030000
ch_3ODGgwAKv6LsYLX21rmzqagF,11/17/2023 1:17,249,0,usd,TRUE,249,0,usd,,7.52,Paid,Payment complete.,pm_1ODGgwAKv6LsYLX2FSooZ4YC,cus_P1JCQo5WWuUwTQ,in_1ODGgzAKv6LsYLX2da96bzNU,po_1OEMdbAKv6LsYLX28XIeB6gF,6834082b-2d96-48f3-8648-f39505489446,40375dc9-7834-49eb-9103-745a5ef656cd,College Prep Masterclass,3/29/2020 3:57,txcd_20030000
ch_3ODCWHAKv6LsYLX21soIMGki,11/16/2023 20:50,14,0,usd,TRUE,10,0,usd,Subscription creation,0.74,Paid,Payment complete.,pm_1ODCWFAKv6LsYLX2oSw2tSom,cus_P0zoDTE09ym8J8,in_1ODCWGAKv6LsYLX2xGbWAICr,po_1OE0BPAKv6LsYLX2DT9ymGix,,,,,
ch_3ODBPrAKv6LsYLX23sErMazT,11/16/2023 19:39,249,0,usd,TRUE,249,0,usd,,7.52,Paid,Payment complete.,pm_1ODBPrAKv6LsYLX2I24Vn13b,cus_P1DpKX86jC6Hl1,in_1ODBPuAKv6LsYLX2kXrGHkh2,po_1OE0BPAKv6LsYLX2DT9ymGix,6834082b-2d96-48f3-8648-f39505489446,40375dc9-7834-49eb-9103-745a5ef656cd,College Prep Masterclass,3/29/2020 3:57,txcd_20030000
ch_3ODAYtAKv6LsYLX23Ze5v7Yn,11/16/2023 18:45,31,0,usd,TRUE,31,0,usd,,1.2,Paid,Payment complete.,pm_1ODAYsAKv6LsYLX2hZmGjbYu,cus_P1ChsW4OPBH79b,in_1ODAYvAKv6LsYLX2stcYhH3p,po_1OE0BPAKv6LsYLX2DT9ymGix,3c44d36a-0b56-404d-8876-00c8293b8fac,8c46a7cc-09e5-40d8-9584-33c0184298c6,College Essay Coaching,10/9/2023 8:57,txcd_20030000
ch_3ODAWQAKv6LsYLX21acKVsOW,11/16/2023 18:42,31,0,usd,TRUE,31,0,usd,,1.2,Paid,Payment complete.,pm_1ODAWPAKv6LsYLX2bmbeqggg,cus_OuYwdL7uh6RmbA,in_1ODAWTAKv6LsYLX2cWzQ6eQW,po_1OE0BPAKv6LsYLX2DT9ymGix,a2ebb248-5873-4edd-a229-9f1a96bc1db7,4b8c704c-863d-4e25-9bcf-ce9a1b75a391,Admission Success Blueprint,12/27/2023 16:46,txcd_20030000
ch_3ODAJYAKv6LsYLX20epx19nb,11/16/2023 18:29,249,0,usd,TRUE,249,0,usd,,7.52,Paid,Payment complete.,pm_1ODAJXAKv6LsYLX2tYxKNLpm,cus_P1CidqG6y5Rs9E,in_1ODAJbAKv6LsYLX2s0ExEdvx,po_1OE0BPAKv6LsYLX2DT9ymGix,6834082b-2d96-48f3-8648-f39505489446,40375dc9-7834-49eb-9103-745a5ef656cd,College Prep Masterclass,3/29/2020 3:57,txcd_20030000
ch_3ODAJ0AKv6LsYLX22hF56w2s,11/16/2023 18:28,14,0,usd,TRUE,10,0,usd,Subscription creation,0.59,Paid,Payment complete.,pm_1ODAIzAKv6LsYLX2CHh2hxW6,cus_P1ChsW4OPBH79b,in_1ODAIzAKv6LsYLX2qmVSVSKF,po_1OE0BPAKv6LsYLX2DT9ymGix,,,,,
ch_3OD9x2AKv6LsYLX23lV8GVz7,11/16/2023 18:06,29.27,0,eur,TRUE,30.69,0,usd,,1.65,Paid,Payment complete.,pm_1OD9x2AKv6LsYLX2N6mxc6zl,cus_P0NOt5zgtCrrKC,in_1OD9x6AKv6LsYLX25oTEGluQ,po_1OE0BPAKv6LsYLX2DT9ymGix,a2ebb248-5873-4edd-a229-9f1a96bc1db7,4b8c704c-863d-4e25-9bcf-ce9a1b75a391,Admission Success Blueprint,12/27/2023 16:46,txcd_20030000
ch_3OD7z0AKv6LsYLX22ZbQxUFm,11/16/2023 16:00,24,0,usd,TRUE,24,0,usd,,1,Paid,Payment complete.,pm_1OD7z0AKv6LsYLX27QRdIyBG,cus_P0tRJjKM2Cy06I,in_1OD7zLAKv6LsYLX2mMJOsEOg,po_1OE0BPAKv6LsYLX2DT9ymGix,8e3b69e5-2e21-4c93-90de-070cc5de71b4,48dc9a13-5f13-4cb9-88e2-f6004bdaee4c,Scholarly Scholarships Guide,10/9/2023 8:47,txcd_20030000
ch_3OD6PlAKv6LsYLX21GEyaTgZ,11/16/2023 14:19,4387.93,0,mxn,TRUE,246.51,0,usd,,11.15,Paid,Payment complete.,pm_1OD6PkAKv6LsYLX2eQHi4lnb,cus_P18fURdIhRo8o2,in_1OD6PoAKv6LsYLX2HObJTYfE,po_1OE0BPAKv6LsYLX2DT9ymGix,6834082b-2d96-48f3-8648-f39505489446,40375dc9-7834-49eb-9103-745a5ef656cd,College Prep Masterclass,3/29/2020 3:57,txcd_20030000
ch_3OD4dLAKv6LsYLX21JKjrT6L,11/16/2023 12:25,14,0,usd,TRUE,10,0,usd,Subscription creation,0.74,Paid,Payment complete.,pm_1OD4dJAKv6LsYLX2hzxGCDA2,cus_P16VRGikbatMGq,in_1OD4dKAKv6LsYLX2m0CUKbXn,po_1OE0BPAKv6LsYLX2DT9ymGix,,,,,
ch_3OD3QEAKv6LsYLX21Cxmw4wd,11/16/2023 11:07,25.47,0,gbp,TRUE,30.7,0,usd,,1.65,Paid,Payment complete.,pm_1OD3QEAKv6LsYLX2RqpH86UV,cus_P14r2IpWL9RafA,in_1OD3QHAKv6LsYLX2H5XMbADU,po_1OE0BPAKv6LsYLX2DT9ymGix,a2ebb248-5873-4edd-a229-9f1a96bc1db7,4b8c704c-863d-4e25-9bcf-ce9a1b75a391,Admission Success Blueprint,12/27/2023 16:46,txcd_20030000
ch_3OCxwKAKv6LsYLX22bE5EfJg,11/16/2023 5:16,89,0,usd,TRUE,89,0,usd,,2.88,Paid,Payment complete.,pm_1OCxluAKv6LsYLX2qbVgBnvm,cus_P0zhOLdRTJhdEM,in_1OCxwNAKv6LsYLX2nIbMWhSb,po_1OE0BPAKv6LsYLX2DT9ymGix,233ec5a8-d4ac-444a-979b-2c9bca0c2c8d,b7f7421a-3caf-4185-84f9-e254a4365528,College Admission Strategy Workshop,12/27/2023 16:46,txcd_20030000
ch_3OCxlwAKv6LsYLX22VxknH4p,11/16/2023 5:05,14,0,usd,TRUE,10,0,usd,Subscription creation,0.59,Paid,Payment complete.,pm_1OCxluAKv6LsYLX2qbVgBnvm,cus_P0zhOLdRTJhdEM,in_1OCxlvAKv6LsYLX2STOnpGJr,po_1OE0BPAKv6LsYLX2DT9ymGix,,,,,
ch_3OCveSAKv6LsYLX20FhJjdOf,11/16/2023 2:49,24,0,usd,TRUE,24,0,usd,,1,Paid,Payment complete.,pm_1OCveRAKv6LsYLX22bRsdGLx,cus_P0xXaFchYl1JQi,in_1OCveVAKv6LsYLX29ZctNs3y,po_1OE0BPAKv6LsYLX2DT9ymGix,8e3b69e5-2e21-4c93-90de-070cc5de71b4,48dc9a13-5f13-4cb9-88e2-f6004bdaee4c,Scholarly Scholarships Guide,10/9/2023 8:47,txcd_20030000
ch_3OCsH4AKv6LsYLX21EyIHdi3,11/15/2023 23:13,14,0,usd,TRUE,10,0,usd,Subscription update,0.59,Paid,Payment complete.,pm_1O1cUJAKv6LsYLX2QETvWsXt,cus_OpH1a0LNGq42Nw,in_1OCrFyAKv6LsYLX2Dxz8ukyv,po_1OCvNsAKv6LsYLX2GCAWTK5R,,,,,
ch_3OCqy4AKv6LsYLX20ulkL63V,11/15/2023 21:50,89,0,usd,TRUE,89,0,usd,,2.88,Paid,Payment complete.,pm_1OCqyjAKv6LsYLX23dQ62uyS,cus_P0sgRxsBQzL7mh,in_1OCqyxAKv6LsYLX2JfwSRKGZ,po_1OCvNsAKv6LsYLX2GCAWTK5R,233ec5a8-d4ac-444a-979b-2c9bca0c2c8d,b7f7421a-3caf-4185-84f9-e254a4365528,College Admission Strategy Workshop,12/27/2023 16:46,txcd_20030000
ch_3OCq8zAKv6LsYLX21qulPrY4,11/15/2023 20:57,31,0,usd,TRUE,31,0,usd,,1.2,Paid,Payment complete.,pm_1OCq8zAKv6LsYLX2WsJpdswO,cus_P0rqoysLbtijqT,in_1OCq92AKv6LsYLX2tmd9pMFK,po_1OCvNsAKv6LsYLX2GCAWTK5R,a2ebb248-5873-4edd-a229-9f1a96bc1db7,4b8c704c-863d-4e25-9bcf-ce9a1b75a391,Admission Success Blueprint,12/27/2023 16:46,txcd_20030000
ch_3OCowaAKv6LsYLX22owxbl4u,11/15/2023 19:40,89,0,usd,TRUE,89,0,usd,,2.88,Paid,Payment complete.,pm_1OCowaAKv6LsYLX2Q27Jn9Jv,cus_P070mD5eZtf7YD,in_1OCowdAKv6LsYLX2zrhQ3KIv,po_1OCvNsAKv6LsYLX2GCAWTK5R,233ec5a8-d4ac-444a-979b-2c9bca0c2c8d,b7f7421a-3caf-4185-84f9-e254a4365528,College Admission Strategy Workshop,12/27/2023 16:46,txcd_20030000
ch_3OCoe9AKv6LsYLX23J2EvWag,11/15/2023 19:21,249,0,usd,TRUE,249,0,usd,,7.52,Paid,Payment complete.,pm_1OCoe9AKv6LsYLX2nU1q3dhT,cus_P0qF9IDjASqWmi,in_1OCoeDAKv6LsYLX29Q1WbeIQ,po_1OCvNsAKv6LsYLX2GCAWTK5R,6834082b-2d96-48f3-8648-f39505489446,40375dc9-7834-49eb-9103-745a5ef656cd,College Prep Masterclass,3/29/2020 3:57,txcd_20030000
ch_3OCnlRAKv6LsYLX23C2f6dTY,11/15/2023 18:24,31,0,usd,TRUE,31,0,usd,,1.2,Paid,Payment complete.,pm_1O5HpgAKv6LsYLX2GeAKawmv,cus_OoCQ7fY5Uai6U6,in_1OCnlUAKv6LsYLX2hNtcyt5Q,po_1OCvNsAKv6LsYLX2GCAWTK5R,3c44d36a-0b56-404d-8876-00c8293b8fac,8c46a7cc-09e5-40d8-9584-33c0184298c6,College Essay Coaching,10/9/2023 8:57,txcd_20030000
ch_3OCm4dAKv6LsYLX23XqlnKGP,11/15/2023 16:36,24,0,usd,TRUE,24,0,usd,,1.36,Paid,Payment complete.,pm_1OCm4dAKv6LsYLX2z2WpWD9Y,cus_OrkSqnepcm3MZY,in_1OCm4hAKv6LsYLX2yIlO2a5r,po_1OCvNsAKv6LsYLX2GCAWTK5R,d7c2e880-2bff-4c5a-897b-9a08f8cddd06,4033cc0f-bce4-4338-b8d6-9a983207c2a1,GPA Boosting Academy,10/9/2021 5:30,txcd_20030000
ch_3OClgNAKv6LsYLX23YtWMK2B,11/15/2023 16:11,69,0,usd,TRUE,69,0,usd,,2.3,Paid,Payment complete.,pm_1O3zXXAKv6LsYLX2b87E94R7,cus_OojML0mA37MjXG,in_1OClgQAKv6LsYLX2OzjhzE8v,po_1OCvNsAKv6LsYLX2GCAWTK5R,233ec5a8-d4ac-444a-979b-2c9bca0c2c8d,b7f7421a-3caf-4185-84f9-e254a4365528,College Admission Strategy Workshop,12/27/2023 16:46,txcd_20030000
ch_3OCk9XAKv6LsYLX22n8ef4Lj,11/15/2023 14:33,14,0,usd,TRUE,10,0,usd,Subscription update,0.74,Paid,Payment complete.,pm_1O1UPzAKv6LsYLX2nCuLTZV7,cus_Op8fzjbIse2ufk,in_1OCjDFAKv6LsYLX2bXA6sJtp,po_1OCvNsAKv6LsYLX2GCAWTK5R,,,,,
ch_3OChmjAKv6LsYLX20fhFokNM,11/15/2023 12:01,233.55,0,eur,TRUE,246.51,0,usd,,11.15,Paid,Payment complete.,pm_1OChmiAKv6LsYLX2jopsIvMN,cus_P0VmXQl6K9worU,in_1OChmnAKv6LsYLX2LMFsgIkk,po_1OCvNsAKv6LsYLX2GCAWTK5R,6834082b-2d96-48f3-8648-f39505489446,40375dc9-7834-49eb-9103-745a5ef656cd,College Prep Masterclass,3/29/2020 3:57,txcd_20030000
ch_3OCe4EAKv6LsYLX21t69XPOf,11/15/2023 8:03,390.91,0,aud,TRUE,246.51,0,usd,,11.15,Paid,Payment complete.,pm_1OCe4DAKv6LsYLX29IwbPnZt,cus_P0fIYroNDcWTfN,in_1OCe4HAKv6LsYLX2OkuDIOTn,po_1OCvNsAKv6LsYLX2GCAWTK5R,6834082b-2d96-48f3-8648-f39505489446,40375dc9-7834-49eb-9103-745a5ef656cd,College Prep Masterclass,3/29/2020 3:57,txcd_20030000
ch_3OCdJqAKv6LsYLX20E4eNlzC,11/15/2023 7:15,14,0,usd,TRUE,10,0,usd,Subscription creation,0.59,Paid,Payment complete.,pm_1OCdJpAKv6LsYLX2UCIBRGiZ,cus_P0ecbK1uEvWePQ,in_1OCdJpAKv6LsYLX2yd3yYcpJ,po_1OCvNsAKv6LsYLX2GCAWTK5R,,,,,
ch_3OCbVVAKv6LsYLX22Df5Dk8d,11/15/2023 5:19,31,0,usd,TRUE,31,0,usd,,1.2,Paid,Payment complete.,pm_1OCbVUAKv6LsYLX2hbx02JUW,cus_Oslh87uPeRN2z8,in_1OCbVYAKv6LsYLX2Yn2KDLbz,po_1OCvNsAKv6LsYLX2GCAWTK5R,3c44d36a-0b56-404d-8876-00c8293b8fac,8c46a7cc-09e5-40d8-9584-33c0184298c6,College Essay Coaching,10/9/2023 8:57,txcd_20030000
ch_3OCbNWAKv6LsYLX23Tom8GFf,11/15/2023 5:11,31,0,usd,TRUE,31,0,usd,,1.2,Paid,Payment complete.,pm_1OCbNWAKv6LsYLX2pOENJC06,cus_P0ccF68CTNyrtN,in_1OCbNaAKv6LsYLX2dfi8V9Rl,po_1OCvNsAKv6LsYLX2GCAWTK5R,a2ebb248-5873-4edd-a229-9f1a96bc1db7,4b8c704c-863d-4e25-9bcf-ce9a1b75a391,Admission Success Blueprint,12/27/2023 16:46,txcd_20030000
ch_3OCb79AKv6LsYLX20i7eozfa,11/15/2023 4:54,14,0,usd,TRUE,10,0,usd,Subscription update,0.59,Paid,Payment complete.,pm_1O1LKEAKv6LsYLX2isdfYceE,cus_OozH98c9bjdZqi,in_1OCa6bAKv6LsYLX208EnezaH,po_1OCvNsAKv6LsYLX2GCAWTK5R,,,,,
ch_3OCVgvAKv6LsYLX20N25Z1aZ,11/14/2023 23:06,249,0,usd,TRUE,249,0,usd,,7.52,Paid,Payment complete.,pm_1OCVguAKv6LsYLX2RaR2pEpg,cus_P0WiKLv2LR6Me2,in_1OCVgyAKv6LsYLX2KjE5xpkG,po_1OCYL1AKv6LsYLX2mI60cPuk,6834082b-2d96-48f3-8648-f39505489446,40375dc9-7834-49eb-9103-745a5ef656cd,College Prep Masterclass,3/29/2020 3:57,txcd_20030000
ch_3OCU5rAKv6LsYLX2389BFlp6,11/14/2023 21:24,351.55,0,cad,TRUE,246.51,0,usd,,11.15,Paid,Payment complete.,pm_1OCU5pAKv6LsYLX2Z66HmeXw,cus_P0UreNKw1j62q3,in_1OCU5uAKv6LsYLX2by8TIns3,po_1OCYL1AKv6LsYLX2mI60cPuk,6834082b-2d96-48f3-8648-f39505489446,40375dc9-7834-49eb-9103-745a5ef656cd,College Prep Masterclass,3/29/2020 3:57,txcd_20030000
ch_3OCQ34AKv6LsYLX20pDQLfB4,11/14/2023 17:05,31,0,usd,TRUE,31,0,usd,,1.2,Paid,Payment complete.,pm_1OCQ33AKv6LsYLX2J2JmstbP,cus_P0Qu9kVzlAwjdP,in_1OCQ3AAKv6LsYLX2J1Z38Yph,po_1OCYL1AKv6LsYLX2mI60cPuk,3c44d36a-0b56-404d-8876-00c8293b8fac,8c46a7cc-09e5-40d8-9584-33c0184298c6,College Essay Coaching,10/9/2023 8:57,txcd_20030000
ch_3OCQ1UAKv6LsYLX21s3qXJHQ,11/14/2023 17:03,24,0,usd,TRUE,24,0,usd,,1,Paid,Payment complete.,pm_1OCQ1TAKv6LsYLX2bhW61GAM,cus_P0QsflUyyijxCB,in_1OCQ1XAKv6LsYLX2u306Hwxd,po_1OCYL1AKv6LsYLX2mI60cPuk,8e3b69e5-2e21-4c93-90de-070cc5de71b4,48dc9a13-5f13-4cb9-88e2-f6004bdaee4c,Scholarly Scholarships Guide,10/9/2023 8:47,txcd_20030000
ch_3OCPy2AKv6LsYLX23YOXTeBo,11/14/2023 17:00,24,0,usd,TRUE,24,0,usd,,1,Paid,Payment complete.,pm_1OCPy1AKv6LsYLX242iVm1D2,cus_Or9Ta4r6pbYI5V,in_1OCPy5AKv6LsYLX2bToPvJFO,po_1OCYL1AKv6LsYLX2mI60cPuk,8e3b69e5-2e21-4c93-90de-070cc5de71b4,48dc9a13-5f13-4cb9-88e2-f6004bdaee4c,Scholarly Scholarships Guide,10/9/2023 8:47,txcd_20030000
ch_3OCKJNAKv6LsYLX21X2yCizx,11/14/2023 10:57,2632.17,0,inr,TRUE,30.69,0,usd,,1.65,Paid,Payment complete.,pm_1OCKEvAKv6LsYLX2ZKdhuxzI,cus_P0KtLgYfBAM3ok,in_1OCKJPAKv6LsYLX2DE1vpMo1,po_1OCYL1AKv6LsYLX2mI60cPuk,a2ebb248-5873-4edd-a229-9f1a96bc1db7,4b8c704c-863d-4e25-9bcf-ce9a1b75a391,Admission Success Blueprint,12/27/2023 16:46,txcd_20030000
ch_3OCKExAKv6LsYLX23cJtZvOC,11/14/2023 10:53,14,0,usd,TRUE,10,0,usd,Subscription creation,0.74,Paid,Payment complete.,pm_1OCKEvAKv6LsYLX2ZKdhuxzI,cus_P0KtLgYfBAM3ok,in_1OCKEwAKv6LsYLX2YnVRLh8r,po_1OCYL1AKv6LsYLX2mI60cPuk,,,,,
ch_3OBvkEAKv6LsYLX20fCuRIAr,11/14/2023 10:49,14,0,usd,TRUE,10,0,usd,Subscription update,0.74,Paid,Payment complete.,pm_1O0fw6AKv6LsYLX2mQ1dS7iA,cus_OoIVsL00CfQ2Z4,in_1OBuk2AKv6LsYLX2PWefWyrQ,po_1OCYL1AKv6LsYLX2mI60cPuk,,,,,
ch_3OCFTpAKv6LsYLX20hy8XUkH,11/14/2023 5:48,14,0,usd,TRUE,10,0,usd,Subscription creation,0.59,Paid,Payment complete.,pm_1OCFToAKv6LsYLX2kD7IjkHP,cus_P0Fy76lQ7QyEBH,in_1OCFTpAKv6LsYLX2wmwWlLuh,po_1OCYL1AKv6LsYLX2mI60cPuk,,,,,
ch_3OCFMdAKv6LsYLX23zEfNCMv,11/14/2023 5:40,14,0,usd,TRUE,10,0,usd,Subscription update,0.59,Paid,Payment complete.,pm_1O0zaDAKv6LsYLX2UupkpWpX,cus_Oocm3ku28lQm9l,in_1OCENjAKv6LsYLX2u7ZxjBhN,po_1OCYL1AKv6LsYLX2mI60cPuk,,,,,
ch_3OCE5fAKv6LsYLX22ZrWuN4I,11/14/2023 4:19,31,0,usd,TRUE,31,0,usd,,1.66,Paid,Payment complete.,pm_1OCE5fAKv6LsYLX2AVQW4wyC,cus_P0EXD0qAKue2Bl,in_1OCE5iAKv6LsYLX2rTco5HU7,po_1OCYL1AKv6LsYLX2mI60cPuk,a2ebb248-5873-4edd-a229-9f1a96bc1db7,4b8c704c-863d-4e25-9bcf-ce9a1b75a391,Admission Success Blueprint,12/27/2023 16:46,txcd_20030000
ch_3OCBW2AKv6LsYLX21WerqZXp,11/14/2023 1:34,31,0,usd,TRUE,31,0,usd,,1.2,Paid,Payment complete.,pm_1OCBW2AKv6LsYLX2HZusjpu5,cus_Oq7InVB8Tm5QAa,in_1OCBW5AKv6LsYLX20xG1sxLu,po_1OCYL1AKv6LsYLX2mI60cPuk,a2ebb248-5873-4edd-a229-9f1a96bc1db7,4b8c704c-863d-4e25-9bcf-ce9a1b75a391,Admission Success Blueprint,12/27/2023 16:46,txcd_20030000
ch_3OC80bAKv6LsYLX230InoUQQ,11/13/2023 21:49,14,0,usd,TRUE,10,0,usd,Subscription update,0.74,Paid,Payment complete.,pm_1O0sG6AKv6LsYLX2LHYvKD2o,cus_OoVGTvVknHMPE3,in_1OC72KAKv6LsYLX2XHUuw5NH,po_1OCBeOAKv6LsYLX29E35oaae,,,,,
ch_3OC6oEAKv6LsYLX23zmo1ZCY,11/13/2023 20:32,24,0,usd,TRUE,24,0,usd,,1,Paid,Payment complete.,pm_1OC6o8AKv6LsYLX2KtYlWiw0,cus_P070mD5eZtf7YD,in_1OC6oKAKv6LsYLX2pwzYv1pv,po_1OCBeOAKv6LsYLX29E35oaae,8e3b69e5-2e21-4c93-90de-070cc5de71b4,48dc9a13-5f13-4cb9-88e2-f6004bdaee4c,Scholarly Scholarships Guide,10/9/2023 8:47,txcd_20030000
ch_3OC6GIAKv6LsYLX23WZcabBx,11/13/2023 19:57,14,0,usd,TRUE,10,0,usd,Subscription update,0.59,Paid,Payment complete.,pm_1O0qIKAKv6LsYLX2mVxO8SNz,cus_OoTErqCypQ4ZET,in_1OC557AKv6LsYLX2t5yT7hPJ,po_1OCBeOAKv6LsYLX29E35oaae,,,,,
ch_3OC5bjAKv6LsYLX238WzYD6H,11/13/2023 19:15,31,0,usd,TRUE,31,0,usd,,1.2,Paid,Payment complete.,pm_1OC5biAKv6LsYLX24WVAYotx,cus_P05mj50BwmnBjv,in_1OC5bmAKv6LsYLX238buoBGq,po_1OCBeOAKv6LsYLX29E35oaae,3c44d36a-0b56-404d-8876-00c8293b8fac,8c46a7cc-09e5-40d8-9584-33c0184298c6,College Essay Coaching,10/9/2023 8:57,txcd_20030000
ch_3OC4eCAKv6LsYLX21cBvarH5,11/13/2023 18:14,14,0,usd,TRUE,10,0,usd,Subscription update,0.59,Paid,Payment complete.,pm_1O0okNAKv6LsYLX2LkUtrYO8,cus_OoRUUO8lFXZaks,in_1OC3ZmAKv6LsYLX2TeFng7jA,po_1OCBeOAKv6LsYLX29E35oaae,,,,,
ch_3OBuAKAKv6LsYLX22O8xhcjX,11/13/2023 7:02,49.71,0,aud,TRUE,30.69,0,usd,,1.65,Paid,Payment complete.,pm_1OBuAJAKv6LsYLX2p0vGCHKE,cus_Oztxa9PmJZpMbe,in_1OBuANAKv6LsYLX2piualIaR,po_1OCBeOAKv6LsYLX29E35oaae,3c44d36a-0b56-404d-8876-00c8293b8fac,8c46a7cc-09e5-40d8-9584-33c0184298c6,College Essay Coaching,10/9/2023 8:57,txcd_20030000
ch_3OBtE8AKv6LsYLX205dAcCt6,11/13/2023 6:02,249,0,usd,TRUE,249,0,usd,,11.26,Paid,Payment complete.,pm_1OBtE7AKv6LsYLX2rzzaC9Zm,cus_OzsvQZdOenVC3F,in_1OBtEAAKv6LsYLX2jnkt2kHt,po_1OCBeOAKv6LsYLX29E35oaae,6834082b-2d96-48f3-8648-f39505489446,40375dc9-7834-49eb-9103-745a5ef656cd,College Prep Masterclass,3/29/2020 3:57,txcd_20030000
ch_3OBrvmAKv6LsYLX23lHdE1LD,11/13/2023 4:39,14,0,usd,TRUE,10,0,usd,Subscription update,0.59,Paid,Payment complete.,pm_1O0c3ZAKv6LsYLX2aaZYAkwU,cus_OoEVEV1afXaoX9,in_1OBqq0AKv6LsYLX2RhUjnj7c,po_1OCBeOAKv6LsYLX29E35oaae,,,,,
ch_3OBrTnAKv6LsYLX20a33pc3v,11/13/2023 4:10,14,0,usd,TRUE,10,0,usd,Subscription creation,0.59,Paid,Payment complete.,pm_1OBrTlAKv6LsYLX2okHJd47H,cus_OzrBgjJEkIf6Ry,in_1OBrTmAKv6LsYLX2ZuqItgqn,po_1OCBeOAKv6LsYLX29E35oaae,,,,,